#,Date-Time (PST),Ch: 1 - Temperature   (Â°C),Host Connected,Stopped,End of File
1,07/01/2021 10:42:20,32.47,,,
2,07/01/2021 10:47:20,26.04,,,
3,07/01/2021 10:52:20,23.94,,,
4,07/01/2021 10:57:20,22.99,,,
5,07/01/2021 11:02:20,22.61,,,
6,07/01/2021 11:07:20,22.35,,,
7,07/01/2021 11:12:20,22.31,,,
8,07/01/2021 11:17:20,22.22,,,
9,07/01/2021 11:22:20,22.13,,,
10,07/01/2021 11:27:20,22.09,,,
11,07/01/2021 11:32:20,22.09,,,
12,07/01/2021 11:37:20,22.09,,,
13,07/01/2021 11:42:20,22.09,,,
14,07/01/2021 11:47:20,22.13,,,
15,07/01/2021 11:52:20,22.18,,,
16,07/01/2021 11:57:20,22.26,,,
17,07/01/2021 12:02:20,22.35,,,
18,07/01/2021 12:07:20,22.43,,,
19,07/01/2021 12:12:20,22.48,,,
20,07/01/2021 12:17:20,22.52,,,
21,07/01/2021 12:22:20,22.61,,,
22,07/01/2021 12:27:20,22.65,,,
23,07/01/2021 12:32:20,22.69,,,
24,07/01/2021 12:37:20,22.86,,,
25,07/01/2021 12:42:20,22.99,,,
26,07/01/2021 12:47:20,23.12,,,
27,07/01/2021 12:52:20,23.16,,,
28,07/01/2021 12:57:20,23.29,,,
29,07/01/2021 13:02:20,23.34,,,
30,07/01/2021 13:07:20,23.46,,,
31,07/01/2021 13:12:20,23.55,,,
32,07/01/2021 13:17:20,23.64,,,
33,07/01/2021 13:22:20,23.72,,,
34,07/01/2021 13:27:20,23.85,,,
35,07/01/2021 13:32:20,24.02,,,
36,07/01/2021 13:37:20,24.06,,,
37,07/01/2021 13:42:20,24.15,,,
38,07/01/2021 13:47:20,24.32,,,
39,07/01/2021 13:52:20,24.41,,,
40,07/01/2021 13:57:20,24.49,,,
41,07/01/2021 14:02:20,24.58,,,
42,07/01/2021 14:07:20,24.75,,,
43,07/01/2021 14:12:20,24.84,,,
44,07/01/2021 14:17:20,24.97,,,
45,07/01/2021 14:22:20,25.09,,,
46,07/01/2021 14:27:20,25.22,,,
47,07/01/2021 14:32:20,25.31,,,
48,07/01/2021 14:37:20,25.48,,,
49,07/01/2021 14:42:20,25.52,,,
50,07/01/2021 14:47:20,25.69,,,
51,07/01/2021 14:52:20,25.78,,,
52,07/01/2021 14:57:20,25.82,,,
53,07/01/2021 15:02:20,25.91,,,
54,07/01/2021 15:07:20,26.12,,,
55,07/01/2021 15:12:20,26.30,,,
56,07/01/2021 15:17:20,26.47,,,
57,07/01/2021 15:22:20,26.64,,,
58,07/01/2021 15:27:20,26.81,,,
59,07/01/2021 15:32:20,26.90,,,
60,07/01/2021 15:37:20,27.02,,,
61,07/01/2021 15:42:20,27.15,,,
62,07/01/2021 15:47:20,27.20,,,
63,07/01/2021 15:52:20,27.28,,,
64,07/01/2021 15:57:20,27.32,,,
65,07/01/2021 16:02:20,27.41,,,
66,07/01/2021 16:07:20,27.58,,,
67,07/01/2021 16:12:20,27.67,,,
68,07/01/2021 16:17:20,27.80,,,
69,07/01/2021 16:22:20,27.97,,,
70,07/01/2021 16:27:20,28.10,,,
71,07/01/2021 16:32:20,28.27,,,
72,07/01/2021 16:37:20,28.44,,,
73,07/01/2021 16:42:20,28.57,,,
74,07/01/2021 16:47:20,28.78,,,
75,07/01/2021 16:52:20,28.87,,,
76,07/01/2021 16:57:20,28.95,,,
77,07/01/2021 17:02:20,29.04,,,
78,07/01/2021 17:07:20,29.00,,,
79,07/01/2021 17:12:20,29.04,,,
80,07/01/2021 17:17:20,29.08,,,
81,07/01/2021 17:22:20,29.13,,,
82,07/01/2021 17:27:20,29.13,,,
83,07/01/2021 17:32:20,29.17,,,
84,07/01/2021 17:37:20,29.26,,,
85,07/01/2021 17:42:20,29.30,,,
86,07/01/2021 17:47:20,29.43,,,
87,07/01/2021 17:52:20,29.47,,,
88,07/01/2021 17:57:20,29.60,,,
89,07/01/2021 18:02:20,29.81,,,
90,07/01/2021 18:07:20,29.77,,,
91,07/01/2021 18:12:20,29.81,,,
92,07/01/2021 18:17:20,29.77,,,
93,07/01/2021 18:22:20,29.73,,,
94,07/01/2021 18:27:20,29.81,,,
95,07/01/2021 18:32:20,29.98,,,
96,07/01/2021 18:37:20,30.11,,,
97,07/01/2021 18:42:20,30.20,,,
98,07/01/2021 18:47:20,30.11,,,
99,07/01/2021 18:52:20,30.07,,,
100,07/01/2021 18:57:20,29.90,,,
101,07/01/2021 19:02:20,29.73,,,
102,07/01/2021 19:07:20,29.56,,,
103,07/01/2021 19:12:20,29.38,,,
104,07/01/2021 19:17:20,29.21,,,
105,07/01/2021 19:22:20,29.00,,,
106,07/01/2021 19:27:20,28.91,,,
107,07/01/2021 19:32:20,28.87,,,
108,07/01/2021 19:37:20,28.70,,,
109,07/01/2021 19:42:20,28.61,,,
110,07/01/2021 19:47:20,28.53,,,
111,07/01/2021 19:52:20,28.35,,,
112,07/01/2021 19:57:20,28.23,,,
113,07/01/2021 20:02:20,28.10,,,
114,07/01/2021 20:07:20,27.97,,,
115,07/01/2021 20:12:20,27.75,,,
116,07/01/2021 20:17:20,27.67,,,
117,07/01/2021 20:22:20,27.45,,,
118,07/01/2021 20:27:20,27.28,,,
119,07/01/2021 20:32:20,27.07,,,
120,07/01/2021 20:37:20,26.90,,,
121,07/01/2021 20:42:20,26.72,,,
122,07/01/2021 20:47:20,26.68,,,
123,07/01/2021 20:52:20,26.51,,,
124,07/01/2021 20:57:20,26.38,,,
125,07/01/2021 21:02:20,26.25,,,
126,07/01/2021 21:07:20,26.17,,,
127,07/01/2021 21:12:20,26.08,,,
128,07/01/2021 21:17:20,25.95,,,
129,07/01/2021 21:22:20,25.87,,,
130,07/01/2021 21:27:20,25.78,,,
131,07/01/2021 21:32:20,25.69,,,
132,07/01/2021 21:37:20,25.61,,,
133,07/01/2021 21:42:20,25.52,,,
134,07/01/2021 21:47:20,25.35,,,
135,07/01/2021 21:52:20,25.31,,,
136,07/01/2021 21:57:20,25.14,,,
137,07/01/2021 22:02:20,25.01,,,
138,07/01/2021 22:07:20,24.92,,,
139,07/01/2021 22:12:20,24.79,,,
140,07/01/2021 22:17:20,24.71,,,
141,07/01/2021 22:22:20,24.58,,,
142,07/01/2021 22:27:20,24.54,,,
143,07/01/2021 22:32:20,24.41,,,
144,07/01/2021 22:37:20,24.32,,,
145,07/01/2021 22:42:20,24.19,,,
146,07/01/2021 22:47:20,24.06,,,
147,07/01/2021 22:52:20,23.85,,,
148,07/01/2021 22:57:20,23.64,,,
149,07/01/2021 23:02:20,23.51,,,
150,07/01/2021 23:07:20,23.34,,,
151,07/01/2021 23:12:20,23.12,,,
152,07/01/2021 23:17:20,22.95,,,
153,07/01/2021 23:22:20,22.78,,,
154,07/01/2021 23:27:20,22.65,,,
155,07/01/2021 23:32:20,22.48,,,
156,07/01/2021 23:37:20,22.31,,,
157,07/01/2021 23:42:20,22.22,,,
158,07/01/2021 23:47:20,22.05,,,
159,07/01/2021 23:52:20,21.92,,,
160,07/01/2021 23:57:20,21.70,,,
161,07/02/2021 00:02:20,21.58,,,
162,07/02/2021 00:07:20,21.45,,,
163,07/02/2021 00:12:20,21.36,,,
164,07/02/2021 00:17:20,21.15,,,
165,07/02/2021 00:22:20,21.02,,,
166,07/02/2021 00:27:20,20.89,,,
167,07/02/2021 00:32:20,20.72,,,
168,07/02/2021 00:37:20,20.63,,,
169,07/02/2021 00:42:20,20.55,,,
170,07/02/2021 00:47:20,20.37,,,
171,07/02/2021 00:52:20,20.33,,,
172,07/02/2021 00:57:20,20.12,,,
173,07/02/2021 01:02:20,19.90,,,
174,07/02/2021 01:07:20,19.86,,,
175,07/02/2021 01:12:20,19.73,,,
176,07/02/2021 01:17:20,19.65,,,
177,07/02/2021 01:22:20,19.56,,,
178,07/02/2021 01:27:20,19.47,,,
179,07/02/2021 01:32:20,19.35,,,
180,07/02/2021 01:37:20,19.30,,,
181,07/02/2021 01:42:20,19.17,,,
182,07/02/2021 01:47:20,19.09,,,
183,07/02/2021 01:52:20,19.05,,,
184,07/02/2021 01:57:20,18.87,,,
185,07/02/2021 02:02:20,18.87,,,
186,07/02/2021 02:07:20,18.74,,,
187,07/02/2021 02:12:20,18.62,,,
188,07/02/2021 02:17:20,18.53,,,
189,07/02/2021 02:22:20,18.44,,,
190,07/02/2021 02:27:20,18.36,,,
191,07/02/2021 02:32:20,18.27,,,
192,07/02/2021 02:37:20,18.23,,,
193,07/02/2021 02:42:20,18.10,,,
194,07/02/2021 02:47:20,18.06,,,
195,07/02/2021 02:52:20,17.93,,,
196,07/02/2021 02:57:20,17.89,,,
197,07/02/2021 03:02:20,17.80,,,
198,07/02/2021 03:07:20,17.72,,,
199,07/02/2021 03:12:20,17.63,,,
200,07/02/2021 03:17:20,17.54,,,
201,07/02/2021 03:22:20,17.50,,,
202,07/02/2021 03:27:20,17.46,,,
203,07/02/2021 03:32:20,17.33,,,
204,07/02/2021 03:37:20,17.29,,,
205,07/02/2021 03:42:20,17.29,,,
206,07/02/2021 03:47:20,17.24,,,
207,07/02/2021 03:52:20,17.20,,,
208,07/02/2021 03:57:20,17.16,,,
209,07/02/2021 04:02:20,17.11,,,
210,07/02/2021 04:07:20,17.11,,,
211,07/02/2021 04:12:20,17.03,,,
212,07/02/2021 04:17:20,17.03,,,
213,07/02/2021 04:22:20,17.03,,,
214,07/02/2021 04:27:20,16.99,,,
215,07/02/2021 04:32:20,16.99,,,
216,07/02/2021 04:37:20,16.99,,,
217,07/02/2021 04:42:20,16.99,,,
218,07/02/2021 04:47:20,16.94,,,
219,07/02/2021 04:52:20,16.94,,,
220,07/02/2021 04:57:20,16.90,,,
221,07/02/2021 05:02:20,16.86,,,
222,07/02/2021 05:07:20,16.81,,,
223,07/02/2021 05:12:20,16.81,,,
224,07/02/2021 05:17:20,16.81,,,
225,07/02/2021 05:22:20,16.77,,,
226,07/02/2021 05:27:20,16.77,,,
227,07/02/2021 05:32:20,16.69,,,
228,07/02/2021 05:37:20,16.69,,,
229,07/02/2021 05:42:20,16.64,,,
230,07/02/2021 05:47:20,16.56,,,
231,07/02/2021 05:52:20,16.51,,,
232,07/02/2021 05:57:20,16.51,,,
233,07/02/2021 06:02:20,16.39,,,
234,07/02/2021 06:07:20,16.34,,,
235,07/02/2021 06:12:20,16.30,,,
236,07/02/2021 06:17:20,16.30,,,
237,07/02/2021 06:22:20,16.21,,,
238,07/02/2021 06:27:20,16.17,,,
239,07/02/2021 06:32:20,16.17,,,
240,07/02/2021 06:37:20,16.17,,,
241,07/02/2021 06:42:20,16.13,,,
242,07/02/2021 06:47:20,16.21,,,
243,07/02/2021 06:52:20,16.17,,,
244,07/02/2021 06:57:20,16.26,,,
245,07/02/2021 07:02:20,16.30,,,
246,07/02/2021 07:07:20,16.39,,,
247,07/02/2021 07:12:20,16.51,,,
248,07/02/2021 07:17:20,16.64,,,
249,07/02/2021 07:22:20,16.86,,,
250,07/02/2021 07:27:20,17.07,,,
251,07/02/2021 07:32:20,17.29,,,
252,07/02/2021 07:37:20,17.54,,,
253,07/02/2021 07:42:20,17.80,,,
254,07/02/2021 07:47:20,18.02,,,
255,07/02/2021 07:52:20,18.23,,,
256,07/02/2021 07:57:20,18.44,,,
257,07/02/2021 08:02:20,18.62,,,
258,07/02/2021 08:07:20,18.79,,,
259,07/02/2021 08:12:20,18.96,,,
260,07/02/2021 08:17:20,19.13,,,
261,07/02/2021 08:22:20,19.35,,,
262,07/02/2021 08:27:20,19.43,,,
263,07/02/2021 08:32:20,19.60,,,
264,07/02/2021 08:37:20,19.77,,,
265,07/02/2021 08:42:20,19.99,,,
266,07/02/2021 08:47:20,20.03,,,
267,07/02/2021 08:52:20,20.20,,,
268,07/02/2021 08:57:20,20.37,,,
269,07/02/2021 09:02:20,20.42,,,
270,07/02/2021 09:07:20,20.68,,,
271,07/02/2021 09:12:20,20.76,,,
272,07/02/2021 09:17:20,20.93,,,
273,07/02/2021 09:22:20,21.10,,,
274,07/02/2021 09:27:20,21.23,,,
275,07/02/2021 09:32:20,21.40,,,
276,07/02/2021 09:37:20,21.58,,,
277,07/02/2021 09:42:20,21.66,,,
278,07/02/2021 09:47:20,21.83,,,
279,07/02/2021 09:52:20,22.01,,,
280,07/02/2021 09:57:20,22.18,,,
281,07/02/2021 10:02:20,22.31,,,
282,07/02/2021 10:07:20,22.52,,,
283,07/02/2021 10:12:20,22.61,,,
284,07/02/2021 10:17:20,22.78,,,
285,07/02/2021 10:22:20,22.86,,,
286,07/02/2021 10:27:20,23.03,,,
287,07/02/2021 10:32:20,23.16,,,
288,07/02/2021 10:37:20,23.34,,,
289,07/02/2021 10:42:20,23.34,,,
290,07/02/2021 10:47:20,23.51,,,
291,07/02/2021 10:52:20,23.64,,,
292,07/02/2021 10:57:20,23.72,,,
293,07/02/2021 11:02:20,23.89,,,
294,07/02/2021 11:07:20,24.02,,,
295,07/02/2021 11:12:20,24.11,,,
296,07/02/2021 11:17:20,24.32,,,
297,07/02/2021 11:22:20,24.45,,,
298,07/02/2021 11:27:20,24.66,,,
299,07/02/2021 11:32:20,24.79,,,
300,07/02/2021 11:37:20,24.97,,,
301,07/02/2021 11:42:20,25.09,,,
302,07/02/2021 11:47:20,25.22,,,
303,07/02/2021 11:52:20,25.39,,,
304,07/02/2021 11:57:20,25.57,,,
305,07/02/2021 12:02:20,25.74,,,
306,07/02/2021 12:07:20,25.91,,,
307,07/02/2021 12:12:20,26.08,,,
308,07/02/2021 12:17:20,26.25,,,
309,07/02/2021 12:22:20,26.47,,,
310,07/02/2021 12:27:20,26.60,,,
311,07/02/2021 12:32:20,26.81,,,
312,07/02/2021 12:37:20,26.94,,,
313,07/02/2021 12:42:20,27.15,,,
314,07/02/2021 12:47:20,27.24,,,
315,07/02/2021 12:52:20,27.32,,,
316,07/02/2021 12:57:20,27.50,,,
317,07/02/2021 13:02:20,27.67,,,
318,07/02/2021 13:07:20,27.67,,,
319,07/02/2021 13:12:20,27.80,,,
320,07/02/2021 13:17:20,27.97,,,
321,07/02/2021 13:22:20,28.10,,,
322,07/02/2021 13:27:20,28.23,,,
323,07/02/2021 13:32:20,28.31,,,
324,07/02/2021 13:37:20,28.35,,,
325,07/02/2021 13:42:20,28.53,,,
326,07/02/2021 13:47:20,28.65,,,
327,07/02/2021 13:52:20,28.74,,,
328,07/02/2021 13:57:20,28.95,,,
329,07/02/2021 14:02:20,29.08,,,
330,07/02/2021 14:07:20,29.21,,,
331,07/02/2021 14:12:20,29.34,,,
332,07/02/2021 14:17:20,29.43,,,
333,07/02/2021 14:22:20,29.60,,,
334,07/02/2021 14:27:20,29.64,,,
335,07/02/2021 14:32:20,29.77,,,
336,07/02/2021 14:37:20,29.90,,,
337,07/02/2021 14:42:20,30.11,,,
338,07/02/2021 14:47:20,30.28,,,
339,07/02/2021 14:52:20,30.41,,,
340,07/02/2021 14:57:20,30.54,,,
341,07/02/2021 15:02:20,30.59,,,
342,07/02/2021 15:07:20,30.54,,,
343,07/02/2021 15:12:20,30.59,,,
344,07/02/2021 15:17:20,30.63,,,
345,07/02/2021 15:22:20,30.76,,,
346,07/02/2021 15:27:20,30.93,,,
347,07/02/2021 15:32:20,30.89,,,
348,07/02/2021 15:37:20,30.76,,,
349,07/02/2021 15:42:20,30.71,,,
350,07/02/2021 15:47:20,30.67,,,
351,07/02/2021 15:52:20,30.63,,,
352,07/02/2021 15:57:20,30.63,,,
353,07/02/2021 16:02:20,30.67,,,
354,07/02/2021 16:07:20,30.67,,,
355,07/02/2021 16:12:20,30.89,,,
356,07/02/2021 16:17:20,31.01,,,
357,07/02/2021 16:22:20,31.01,,,
358,07/02/2021 16:27:20,31.14,,,
359,07/02/2021 16:32:20,31.23,,,
360,07/02/2021 16:37:20,31.36,,,
361,07/02/2021 16:42:20,31.49,,,
362,07/02/2021 16:47:20,31.53,,,
363,07/02/2021 16:52:20,31.57,,,
364,07/02/2021 16:57:20,31.61,,,
365,07/02/2021 17:02:20,31.74,,,
366,07/02/2021 17:07:20,31.79,,,
367,07/02/2021 17:12:20,31.87,,,
368,07/02/2021 17:17:20,31.96,,,
369,07/02/2021 17:22:20,32.00,,,
370,07/02/2021 17:27:20,32.13,,,
371,07/02/2021 17:32:20,32.26,,,
372,07/02/2021 17:37:20,32.34,,,
373,07/02/2021 17:42:20,32.39,,,
374,07/02/2021 17:47:20,32.39,,,
375,07/02/2021 17:52:20,32.47,,,
376,07/02/2021 17:57:20,32.64,,,
377,07/02/2021 18:02:20,32.73,,,
378,07/02/2021 18:07:20,32.77,,,
379,07/02/2021 18:12:20,32.86,,,
380,07/02/2021 18:17:20,32.90,,,
381,07/02/2021 18:22:20,32.94,,,
382,07/02/2021 18:27:20,33.16,,,
383,07/02/2021 18:32:20,33.37,,,
384,07/02/2021 18:37:20,33.46,,,
385,07/02/2021 18:42:20,33.20,,,
386,07/02/2021 18:47:20,32.90,,,
387,07/02/2021 18:52:20,32.56,,,
388,07/02/2021 18:57:20,32.34,,,
389,07/02/2021 19:02:20,32.13,,,
390,07/02/2021 19:07:20,31.87,,,
391,07/02/2021 19:12:20,31.74,,,
392,07/02/2021 19:17:20,31.40,,,
393,07/02/2021 19:22:20,31.23,,,
394,07/02/2021 19:27:20,31.01,,,
395,07/02/2021 19:32:20,30.80,,,
396,07/02/2021 19:37:20,30.63,,,
397,07/02/2021 19:42:20,30.41,,,
398,07/02/2021 19:47:20,30.28,,,
399,07/02/2021 19:52:20,30.11,,,
400,07/02/2021 19:57:20,29.86,,,
401,07/02/2021 20:02:20,29.68,,,
402,07/02/2021 20:07:20,29.47,,,
403,07/02/2021 20:12:20,29.21,,,
404,07/02/2021 20:17:20,29.00,,,
405,07/02/2021 20:22:20,28.74,,,
406,07/02/2021 20:27:20,28.53,,,
407,07/02/2021 20:32:20,28.27,,,
408,07/02/2021 20:37:20,28.01,,,
409,07/02/2021 20:42:20,27.75,,,
410,07/02/2021 20:47:20,27.50,,,
411,07/02/2021 20:52:20,27.24,,,
412,07/02/2021 20:57:20,27.02,,,
413,07/02/2021 21:02:20,26.77,,,
414,07/02/2021 21:07:20,26.51,,,
415,07/02/2021 21:12:20,26.25,,,
416,07/02/2021 21:17:20,25.99,,,
417,07/02/2021 21:22:20,25.78,,,
418,07/02/2021 21:27:20,25.52,,,
419,07/02/2021 21:32:20,25.39,,,
420,07/02/2021 21:37:20,25.14,,,
421,07/02/2021 21:42:20,24.97,,,
422,07/02/2021 21:47:20,24.75,,,
423,07/02/2021 21:52:20,24.49,,,
424,07/02/2021 21:57:20,24.32,,,
425,07/02/2021 22:02:20,24.15,,,
426,07/02/2021 22:07:20,23.98,,,
427,07/02/2021 22:12:20,23.85,,,
428,07/02/2021 22:17:20,23.55,,,
429,07/02/2021 22:22:20,23.46,,,
430,07/02/2021 22:27:20,23.34,,,
431,07/02/2021 22:32:20,23.16,,,
432,07/02/2021 22:37:20,22.99,,,
433,07/02/2021 22:42:20,22.82,,,
434,07/02/2021 22:47:20,22.69,,,
435,07/02/2021 22:52:20,22.56,,,
436,07/02/2021 22:57:20,22.43,,,
437,07/02/2021 23:02:20,22.31,,,
438,07/02/2021 23:07:20,22.18,,,
439,07/02/2021 23:12:20,22.05,,,
440,07/02/2021 23:17:20,21.96,,,
441,07/02/2021 23:22:20,21.83,,,
442,07/02/2021 23:27:20,21.75,,,
443,07/02/2021 23:32:20,21.62,,,
444,07/02/2021 23:37:20,21.49,,,
445,07/02/2021 23:42:20,21.36,,,
446,07/02/2021 23:47:20,21.23,,,
447,07/02/2021 23:52:20,21.15,,,
448,07/02/2021 23:57:20,21.06,,,
449,07/03/2021 00:02:20,21.02,,,
450,07/03/2021 00:07:20,20.93,,,
451,07/03/2021 00:12:20,20.93,,,
452,07/03/2021 00:17:20,20.93,,,
453,07/03/2021 00:22:20,20.89,,,
454,07/03/2021 00:27:20,20.89,,,
455,07/03/2021 00:32:20,20.89,,,
456,07/03/2021 00:37:20,20.89,,,
457,07/03/2021 00:42:20,20.93,,,
458,07/03/2021 00:47:20,21.02,,,
459,07/03/2021 00:52:20,21.10,,,
460,07/03/2021 00:57:20,21.19,,,
461,07/03/2021 01:02:20,21.32,,,
462,07/03/2021 01:07:20,21.36,,,
463,07/03/2021 01:12:20,21.36,,,
464,07/03/2021 01:17:20,21.40,,,
465,07/03/2021 01:22:20,21.40,,,
466,07/03/2021 01:27:20,21.40,,,
467,07/03/2021 01:32:20,21.36,,,
468,07/03/2021 01:37:20,21.28,,,
469,07/03/2021 01:42:20,21.15,,,
470,07/03/2021 01:47:20,21.02,,,
471,07/03/2021 01:52:20,20.98,,,
472,07/03/2021 01:57:20,20.89,,,
473,07/03/2021 02:02:20,20.68,,,
474,07/03/2021 02:07:20,20.55,,,
475,07/03/2021 02:12:20,20.33,,,
476,07/03/2021 02:17:20,20.20,,,
477,07/03/2021 02:22:20,20.07,,,
478,07/03/2021 02:27:20,19.95,,,
479,07/03/2021 02:32:20,19.86,,,
480,07/03/2021 02:37:20,19.82,,,
481,07/03/2021 02:42:20,19.77,,,
482,07/03/2021 02:47:20,19.77,,,
483,07/03/2021 02:52:20,19.65,,,
484,07/03/2021 02:57:20,19.60,,,
485,07/03/2021 03:02:20,19.52,,,
486,07/03/2021 03:07:20,19.39,,,
487,07/03/2021 03:12:20,19.30,,,
488,07/03/2021 03:17:20,19.17,,,
489,07/03/2021 03:22:20,19.05,,,
490,07/03/2021 03:27:20,18.92,,,
491,07/03/2021 03:32:20,18.79,,,
492,07/03/2021 03:37:20,18.66,,,
493,07/03/2021 03:42:20,18.49,,,
494,07/03/2021 03:47:20,18.36,,,
495,07/03/2021 03:52:20,18.23,,,
496,07/03/2021 03:57:20,18.14,,,
497,07/03/2021 04:02:20,18.06,,,
498,07/03/2021 04:07:20,17.97,,,
499,07/03/2021 04:12:20,17.84,,,
500,07/03/2021 04:17:20,17.80,,,
501,07/03/2021 04:22:20,17.67,,,
502,07/03/2021 04:27:20,17.59,,,
503,07/03/2021 04:32:20,17.50,,,
504,07/03/2021 04:37:20,17.41,,,
505,07/03/2021 04:42:20,17.41,,,
506,07/03/2021 04:47:20,17.33,,,
507,07/03/2021 04:52:20,17.24,,,
508,07/03/2021 04:57:20,17.16,,,
509,07/03/2021 05:02:20,17.11,,,
510,07/03/2021 05:07:20,17.03,,,
511,07/03/2021 05:12:20,16.99,,,
512,07/03/2021 05:17:20,16.94,,,
513,07/03/2021 05:22:20,16.90,,,
514,07/03/2021 05:27:20,16.86,,,
515,07/03/2021 05:32:20,16.81,,,
516,07/03/2021 05:37:20,16.69,,,
517,07/03/2021 05:42:20,16.69,,,
518,07/03/2021 05:47:20,16.64,,,
519,07/03/2021 05:52:20,16.51,,,
520,07/03/2021 05:57:20,16.47,,,
521,07/03/2021 06:02:20,16.39,,,
522,07/03/2021 06:07:20,16.30,,,
523,07/03/2021 06:12:20,16.21,,,
524,07/03/2021 06:17:20,16.21,,,
525,07/03/2021 06:22:20,16.17,,,
526,07/03/2021 06:27:20,16.13,,,
527,07/03/2021 06:32:20,16.13,,,
528,07/03/2021 06:37:20,16.08,,,
529,07/03/2021 06:42:20,16.04,,,
530,07/03/2021 06:47:20,16.13,,,
531,07/03/2021 06:52:20,16.13,,,
532,07/03/2021 06:57:20,16.13,,,
533,07/03/2021 07:02:20,16.21,,,
534,07/03/2021 07:07:20,16.34,,,
535,07/03/2021 07:12:20,16.51,,,
536,07/03/2021 07:17:20,16.64,,,
537,07/03/2021 07:22:20,16.90,,,
538,07/03/2021 07:27:20,17.07,,,
539,07/03/2021 07:32:20,17.41,,,
540,07/03/2021 07:37:20,17.63,,,
541,07/03/2021 07:42:20,17.80,,,
542,07/03/2021 07:47:20,18.02,,,
543,07/03/2021 07:52:20,18.23,,,
544,07/03/2021 07:57:20,18.40,,,
545,07/03/2021 08:02:20,18.57,,,
546,07/03/2021 08:07:20,18.74,,,
547,07/03/2021 08:12:20,18.96,,,
548,07/03/2021 08:17:20,19.09,,,
549,07/03/2021 08:22:20,19.30,,,
550,07/03/2021 08:27:20,19.47,,,
551,07/03/2021 08:32:20,19.65,,,
552,07/03/2021 08:37:20,19.90,,,
553,07/03/2021 08:42:20,20.07,,,
554,07/03/2021 08:47:20,20.20,,,
555,07/03/2021 08:52:20,20.37,,,
556,07/03/2021 08:57:20,20.59,,,
557,07/03/2021 09:02:20,20.80,,,
558,07/03/2021 09:07:20,20.89,,,
559,07/03/2021 09:12:20,21.10,,,
560,07/03/2021 09:17:20,21.23,,,
561,07/03/2021 09:22:20,21.36,,,
562,07/03/2021 09:27:20,21.49,,,
563,07/03/2021 09:32:20,21.62,,,
564,07/03/2021 09:37:20,21.70,,,
565,07/03/2021 09:42:20,21.83,,,
566,07/03/2021 09:47:20,22.01,,,
567,07/03/2021 09:52:20,22.22,,,
568,07/03/2021 09:57:20,22.35,,,
569,07/03/2021 10:02:20,22.56,,,
570,07/03/2021 10:07:20,22.69,,,
571,07/03/2021 10:12:20,22.82,,,
572,07/03/2021 10:17:20,23.08,,,
573,07/03/2021 10:22:20,23.21,,,
574,07/03/2021 10:27:20,23.38,,,
575,07/03/2021 10:32:20,23.55,,,
576,07/03/2021 10:37:20,23.81,,,
577,07/03/2021 10:42:20,23.94,,,
578,07/03/2021 10:47:20,24.06,,,
579,07/03/2021 10:52:20,24.24,,,
580,07/03/2021 10:57:20,24.41,,,
581,07/03/2021 11:02:20,24.58,,,
582,07/03/2021 11:07:20,24.66,,,
583,07/03/2021 11:12:20,24.79,,,
584,07/03/2021 11:17:20,24.92,,,
585,07/03/2021 11:22:20,25.05,,,
586,07/03/2021 11:27:20,25.14,,,
587,07/03/2021 11:32:20,25.27,,,
588,07/03/2021 11:37:20,25.39,,,
589,07/03/2021 11:42:20,25.57,,,
590,07/03/2021 11:47:20,25.69,,,
591,07/03/2021 11:52:20,25.82,,,
592,07/03/2021 11:57:20,25.99,,,
593,07/03/2021 12:02:20,26.08,,,
594,07/03/2021 12:07:20,26.25,,,
595,07/03/2021 12:12:20,26.34,,,
596,07/03/2021 12:17:20,26.42,,,
597,07/03/2021 12:22:20,26.51,,,
598,07/03/2021 12:27:20,26.64,,,
599,07/03/2021 12:32:20,26.68,,,
600,07/03/2021 12:37:20,26.85,,,
601,07/03/2021 12:42:20,26.90,,,
602,07/03/2021 12:47:20,27.07,,,
603,07/03/2021 12:52:20,27.11,,,
604,07/03/2021 12:57:20,27.20,,,
605,07/03/2021 13:02:20,27.24,,,
606,07/03/2021 13:07:20,27.37,,,
607,07/03/2021 13:12:20,27.45,,,
608,07/03/2021 13:17:20,27.50,,,
609,07/03/2021 13:22:20,27.71,,,
610,07/03/2021 13:27:20,27.84,,,
611,07/03/2021 13:32:20,27.88,,,
612,07/03/2021 13:37:20,28.10,,,
613,07/03/2021 13:42:20,28.18,,,
614,07/03/2021 13:47:20,28.23,,,
615,07/03/2021 13:52:20,28.44,,,
616,07/03/2021 13:57:20,28.53,,,
617,07/03/2021 14:02:20,28.61,,,
618,07/03/2021 14:07:20,28.70,,,
619,07/03/2021 14:12:20,28.87,,,
620,07/03/2021 14:17:20,29.08,,,
621,07/03/2021 14:22:20,29.30,,,
622,07/03/2021 14:27:20,29.38,,,
623,07/03/2021 14:32:20,29.38,,,
624,07/03/2021 14:37:20,29.43,,,
625,07/03/2021 14:42:20,29.64,,,
626,07/03/2021 14:47:20,29.81,,,
627,07/03/2021 14:52:20,30.03,,,
628,07/03/2021 14:57:20,30.11,,,
629,07/03/2021 15:02:20,30.07,,,
630,07/03/2021 15:07:20,30.16,,,
631,07/03/2021 15:12:20,30.37,,,
632,07/03/2021 15:17:20,30.50,,,
633,07/03/2021 15:22:20,30.59,,,
634,07/03/2021 15:27:20,30.63,,,
635,07/03/2021 15:32:20,30.67,,,
636,07/03/2021 15:37:20,30.67,,,
637,07/03/2021 15:42:20,30.80,,,
638,07/03/2021 15:47:20,30.80,,,
639,07/03/2021 15:52:20,30.89,,,
640,07/03/2021 15:57:20,30.97,,,
641,07/03/2021 16:02:20,30.89,,,
642,07/03/2021 16:07:20,30.89,,,
643,07/03/2021 16:12:20,30.89,,,
644,07/03/2021 16:17:20,30.89,,,
645,07/03/2021 16:22:20,30.89,,,
646,07/03/2021 16:27:20,30.80,,,
647,07/03/2021 16:32:20,30.89,,,
648,07/03/2021 16:37:20,30.93,,,
649,07/03/2021 16:42:20,31.06,,,
650,07/03/2021 16:47:20,31.27,,,
651,07/03/2021 16:52:20,31.44,,,
652,07/03/2021 16:57:20,31.44,,,
653,07/03/2021 17:02:20,31.40,,,
654,07/03/2021 17:07:20,31.31,,,
655,07/03/2021 17:12:20,31.44,,,
656,07/03/2021 17:17:20,31.57,,,
657,07/03/2021 17:22:20,31.53,,,
658,07/03/2021 17:27:20,31.44,,,
659,07/03/2021 17:32:20,31.40,,,
660,07/03/2021 17:37:20,31.53,,,
661,07/03/2021 17:42:20,31.53,,,
662,07/03/2021 17:47:20,31.61,,,
663,07/03/2021 17:52:20,31.61,,,
664,07/03/2021 17:57:20,31.57,,,
665,07/03/2021 18:02:20,31.57,,,
666,07/03/2021 18:07:20,31.49,,,
667,07/03/2021 18:12:20,31.49,,,
668,07/03/2021 18:17:20,31.44,,,
669,07/03/2021 18:22:20,31.53,,,
670,07/03/2021 18:27:20,31.61,,,
671,07/03/2021 18:32:20,31.79,,,
672,07/03/2021 18:37:20,31.87,,,
673,07/03/2021 18:42:20,31.87,,,
674,07/03/2021 18:47:20,31.74,,,
675,07/03/2021 18:52:20,31.57,,,
676,07/03/2021 18:57:20,31.40,,,
677,07/03/2021 19:02:20,31.19,,,
678,07/03/2021 19:07:20,30.93,,,
679,07/03/2021 19:12:20,30.71,,,
680,07/03/2021 19:17:20,30.41,,,
681,07/03/2021 19:22:20,30.20,,,
682,07/03/2021 19:27:20,29.94,,,
683,07/03/2021 19:32:20,29.77,,,
684,07/03/2021 19:37:20,29.60,,,
685,07/03/2021 19:42:20,29.38,,,
686,07/03/2021 19:47:20,29.17,,,
687,07/03/2021 19:52:20,28.95,,,
688,07/03/2021 19:57:20,28.78,,,
689,07/03/2021 20:02:20,28.70,,,
690,07/03/2021 20:07:20,28.48,,,
691,07/03/2021 20:12:20,28.35,,,
692,07/03/2021 20:17:20,28.18,,,
693,07/03/2021 20:22:20,28.01,,,
694,07/03/2021 20:27:20,27.88,,,
695,07/03/2021 20:32:20,27.71,,,
696,07/03/2021 20:37:20,27.63,,,
697,07/03/2021 20:42:20,27.41,,,
698,07/03/2021 20:47:20,27.20,,,
699,07/03/2021 20:52:20,27.07,,,
700,07/03/2021 20:57:20,26.90,,,
701,07/03/2021 21:02:20,26.81,,,
702,07/03/2021 21:07:20,26.72,,,
703,07/03/2021 21:12:20,26.64,,,
704,07/03/2021 21:17:20,26.47,,,
705,07/03/2021 21:22:20,26.42,,,
706,07/03/2021 21:27:20,26.30,,,
707,07/03/2021 21:32:20,26.21,,,
708,07/03/2021 21:37:20,26.17,,,
709,07/03/2021 21:42:20,26.04,,,
710,07/03/2021 21:47:20,25.99,,,
711,07/03/2021 21:52:20,25.95,,,
712,07/03/2021 21:57:20,25.91,,,
713,07/03/2021 22:02:20,25.82,,,
714,07/03/2021 22:07:20,25.78,,,
715,07/03/2021 22:12:20,25.69,,,
716,07/03/2021 22:17:20,25.57,,,
717,07/03/2021 22:22:20,25.44,,,
718,07/03/2021 22:27:20,25.31,,,
719,07/03/2021 22:32:20,25.09,,,
720,07/03/2021 22:37:20,24.92,,,
721,07/03/2021 22:42:20,24.71,,,
722,07/03/2021 22:47:20,24.49,,,
723,07/03/2021 22:52:20,24.28,,,
724,07/03/2021 22:57:20,24.11,,,
725,07/03/2021 23:02:20,23.85,,,
726,07/03/2021 23:07:20,23.68,,,
727,07/03/2021 23:12:20,23.46,,,
728,07/03/2021 23:17:20,23.25,,,
729,07/03/2021 23:22:20,23.16,,,
730,07/03/2021 23:27:20,22.91,,,
731,07/03/2021 23:32:20,22.73,,,
732,07/03/2021 23:37:20,22.56,,,
733,07/03/2021 23:42:20,22.39,,,
734,07/03/2021 23:47:20,22.22,,,
735,07/03/2021 23:52:20,22.05,,,
736,07/03/2021 23:57:20,21.96,,,
737,07/04/2021 00:02:20,21.83,,,
738,07/04/2021 00:07:20,21.70,,,
739,07/04/2021 00:12:20,21.62,,,
740,07/04/2021 00:17:20,21.49,,,
741,07/04/2021 00:22:20,21.45,,,
742,07/04/2021 00:27:20,21.32,,,
743,07/04/2021 00:32:20,21.15,,,
744,07/04/2021 00:37:20,21.06,,,
745,07/04/2021 00:42:20,20.93,,,
746,07/04/2021 00:47:20,20.89,,,
747,07/04/2021 00:52:20,20.72,,,
748,07/04/2021 00:57:20,20.68,,,
749,07/04/2021 01:02:20,20.63,,,
750,07/04/2021 01:07:20,20.55,,,
751,07/04/2021 01:12:20,20.50,,,
752,07/04/2021 01:17:20,20.42,,,
753,07/04/2021 01:22:20,20.42,,,
754,07/04/2021 01:27:20,20.46,,,
755,07/04/2021 01:32:20,20.46,,,
756,07/04/2021 01:37:20,20.59,,,
757,07/04/2021 01:42:20,20.63,,,
758,07/04/2021 01:47:20,20.72,,,
759,07/04/2021 01:52:20,20.76,,,
760,07/04/2021 01:57:20,20.85,,,
761,07/04/2021 02:02:20,20.85,,,
762,07/04/2021 02:07:20,20.98,,,
763,07/04/2021 02:12:20,21.02,,,
764,07/04/2021 02:17:20,21.06,,,
765,07/04/2021 02:22:20,21.10,,,
766,07/04/2021 02:27:20,21.10,,,
767,07/04/2021 02:32:20,21.06,,,
768,07/04/2021 02:37:20,20.93,,,
769,07/04/2021 02:42:20,20.89,,,
770,07/04/2021 02:47:20,20.72,,,
771,07/04/2021 02:52:20,20.59,,,
772,07/04/2021 02:57:20,20.50,,,
773,07/04/2021 03:02:20,20.37,,,
774,07/04/2021 03:07:20,20.16,,,
775,07/04/2021 03:12:20,20.03,,,
776,07/04/2021 03:17:20,19.95,,,
777,07/04/2021 03:22:20,19.86,,,
778,07/04/2021 03:27:20,19.82,,,
779,07/04/2021 03:32:20,19.77,,,
780,07/04/2021 03:37:20,19.77,,,
781,07/04/2021 03:42:20,19.77,,,
782,07/04/2021 03:47:20,19.82,,,
783,07/04/2021 03:52:20,19.77,,,
784,07/04/2021 03:57:20,19.73,,,
785,07/04/2021 04:02:20,19.69,,,
786,07/04/2021 04:07:20,19.65,,,
787,07/04/2021 04:12:20,19.52,,,
788,07/04/2021 04:17:20,19.43,,,
789,07/04/2021 04:22:20,19.35,,,
790,07/04/2021 04:27:20,19.22,,,
791,07/04/2021 04:32:20,19.09,,,
792,07/04/2021 04:37:20,19.00,,,
793,07/04/2021 04:42:20,18.87,,,
794,07/04/2021 04:47:20,18.74,,,
795,07/04/2021 04:52:20,18.70,,,
796,07/04/2021 04:57:20,18.62,,,
797,07/04/2021 05:02:20,18.53,,,
798,07/04/2021 05:07:20,18.40,,,
799,07/04/2021 05:12:20,18.36,,,
800,07/04/2021 05:17:20,18.27,,,
801,07/04/2021 05:22:20,18.19,,,
802,07/04/2021 05:27:20,18.14,,,
803,07/04/2021 05:32:20,18.06,,,
804,07/04/2021 05:37:20,18.02,,,
805,07/04/2021 05:42:20,17.97,,,
806,07/04/2021 05:47:20,17.97,,,
807,07/04/2021 05:52:20,17.93,,,
808,07/04/2021 05:57:20,17.84,,,
809,07/04/2021 06:02:20,17.76,,,
810,07/04/2021 06:07:20,17.67,,,
811,07/04/2021 06:12:20,17.59,,,
812,07/04/2021 06:17:20,17.50,,,
813,07/04/2021 06:22:20,17.37,,,
814,07/04/2021 06:27:20,17.24,,,
815,07/04/2021 06:32:20,17.16,,,
816,07/04/2021 06:37:20,17.11,,,
817,07/04/2021 06:42:20,17.07,,,
818,07/04/2021 06:47:20,17.03,,,
819,07/04/2021 06:52:20,17.03,,,
820,07/04/2021 06:57:20,17.07,,,
821,07/04/2021 07:02:20,17.07,,,
822,07/04/2021 07:07:20,17.16,,,
823,07/04/2021 07:12:20,17.24,,,
824,07/04/2021 07:17:20,17.37,,,
825,07/04/2021 07:22:20,17.50,,,
826,07/04/2021 07:27:20,17.67,,,
827,07/04/2021 07:32:20,17.80,,,
828,07/04/2021 07:37:20,18.06,,,
829,07/04/2021 07:42:20,18.23,,,
830,07/04/2021 07:47:20,18.36,,,
831,07/04/2021 07:52:20,18.57,,,
832,07/04/2021 07:57:20,18.79,,,
833,07/04/2021 08:02:20,19.05,,,
834,07/04/2021 08:07:20,19.30,,,
835,07/04/2021 08:12:20,19.47,,,
836,07/04/2021 08:17:20,19.65,,,
837,07/04/2021 08:22:20,19.82,,,
838,07/04/2021 08:27:20,19.95,,,
839,07/04/2021 08:32:20,20.03,,,
840,07/04/2021 08:37:20,20.20,,,
841,07/04/2021 08:42:20,20.33,,,
842,07/04/2021 08:47:20,20.46,,,
843,07/04/2021 08:52:20,20.63,,,
844,07/04/2021 08:57:20,20.80,,,
845,07/04/2021 09:02:20,20.98,,,
846,07/04/2021 09:07:20,21.10,,,
847,07/04/2021 09:12:20,21.36,,,
848,07/04/2021 09:17:20,21.53,,,
849,07/04/2021 09:22:20,21.66,,,
850,07/04/2021 09:27:20,21.79,,,
851,07/04/2021 09:32:20,21.96,,,
852,07/04/2021 09:37:20,22.09,,,
853,07/04/2021 09:42:20,22.31,,,
854,07/04/2021 09:47:20,22.35,,,
855,07/04/2021 09:52:20,22.56,,,
856,07/04/2021 09:57:20,22.73,,,
857,07/04/2021 10:02:20,22.82,,,
858,07/04/2021 10:07:20,23.03,,,
859,07/04/2021 10:12:20,23.25,,,
860,07/04/2021 10:17:20,23.34,,,
861,07/04/2021 10:22:20,23.51,,,
862,07/04/2021 10:27:20,23.64,,,
863,07/04/2021 10:32:20,23.85,,,
864,07/04/2021 10:37:20,23.98,,,
865,07/04/2021 10:42:20,24.15,,,
866,07/04/2021 10:47:20,24.32,,,
867,07/04/2021 10:52:20,24.45,,,
868,07/04/2021 10:57:20,24.58,,,
869,07/04/2021 11:02:20,24.71,,,
870,07/04/2021 11:07:20,24.79,,,
871,07/04/2021 11:12:20,24.88,,,
872,07/04/2021 11:17:20,24.97,,,
873,07/04/2021 11:22:20,25.09,,,
874,07/04/2021 11:27:20,25.22,,,
875,07/04/2021 11:32:20,25.35,,,
876,07/04/2021 11:37:20,25.52,,,
877,07/04/2021 11:42:20,25.65,,,
878,07/04/2021 11:47:20,25.78,,,
879,07/04/2021 11:52:20,25.91,,,
880,07/04/2021 11:57:20,26.04,,,
881,07/04/2021 12:02:20,26.08,,,
882,07/04/2021 12:07:20,26.21,,,
883,07/04/2021 12:12:20,26.34,,,
884,07/04/2021 12:17:20,26.38,,,
885,07/04/2021 12:22:20,26.55,,,
886,07/04/2021 12:27:20,26.68,,,
887,07/04/2021 12:32:20,26.72,,,
888,07/04/2021 12:37:20,26.90,,,
889,07/04/2021 12:42:20,26.98,,,
890,07/04/2021 12:47:20,27.07,,,
891,07/04/2021 12:52:20,27.15,,,
892,07/04/2021 12:57:20,27.32,,,
893,07/04/2021 13:02:20,27.50,,,
894,07/04/2021 13:07:20,27.54,,,
895,07/04/2021 13:12:20,27.71,,,
896,07/04/2021 13:17:20,27.88,,,
897,07/04/2021 13:22:20,28.10,,,
898,07/04/2021 13:27:20,28.23,,,
899,07/04/2021 13:32:20,28.31,,,
900,07/04/2021 13:37:20,28.35,,,
901,07/04/2021 13:42:20,28.48,,,
902,07/04/2021 13:47:20,28.57,,,
903,07/04/2021 13:52:20,28.74,,,
904,07/04/2021 13:57:20,28.87,,,
905,07/04/2021 14:02:20,29.00,,,
906,07/04/2021 14:07:20,29.21,,,
907,07/04/2021 14:12:20,29.30,,,
908,07/04/2021 14:17:20,29.38,,,
909,07/04/2021 14:22:20,29.51,,,
910,07/04/2021 14:27:20,29.60,,,
911,07/04/2021 14:32:20,29.73,,,
912,07/04/2021 14:37:20,29.73,,,
913,07/04/2021 14:42:20,29.68,,,
914,07/04/2021 14:47:20,29.73,,,
915,07/04/2021 14:52:20,29.90,,,
916,07/04/2021 14:57:20,30.03,,,
917,07/04/2021 15:02:20,30.28,,,
918,07/04/2021 15:07:20,30.46,,,
919,07/04/2021 15:12:20,30.67,,,
920,07/04/2021 15:17:20,30.84,,,
921,07/04/2021 15:22:20,30.89,,,
922,07/04/2021 15:27:20,31.06,,,
923,07/04/2021 15:32:20,31.10,,,
924,07/04/2021 15:37:20,31.27,,,
925,07/04/2021 15:42:20,31.44,,,
926,07/04/2021 15:47:20,31.57,,,
927,07/04/2021 15:52:20,31.49,,,
928,07/04/2021 15:57:20,31.53,,,
929,07/04/2021 16:02:20,31.57,,,
930,07/04/2021 16:07:20,31.61,,,
931,07/04/2021 16:12:20,31.74,,,
932,07/04/2021 16:17:20,32.00,,,
933,07/04/2021 16:22:20,32.17,,,
934,07/04/2021 16:27:20,32.30,,,
935,07/04/2021 16:32:20,32.34,,,
936,07/04/2021 16:37:20,32.39,,,
937,07/04/2021 16:42:20,32.52,,,
938,07/04/2021 16:47:20,32.52,,,
939,07/04/2021 16:52:20,32.60,,,
940,07/04/2021 16:57:20,32.64,,,
941,07/04/2021 17:02:20,32.52,,,
942,07/04/2021 17:07:20,32.52,,,
943,07/04/2021 17:12:20,32.56,,,
944,07/04/2021 17:17:20,32.60,,,
945,07/04/2021 17:22:20,32.77,,,
946,07/04/2021 17:27:20,32.90,,,
947,07/04/2021 17:32:20,33.03,,,
948,07/04/2021 17:37:20,33.12,,,
949,07/04/2021 17:42:20,33.16,,,
950,07/04/2021 17:47:20,33.16,,,
951,07/04/2021 17:52:20,33.16,,,
952,07/04/2021 17:57:20,33.20,,,
953,07/04/2021 18:02:20,33.25,,,
954,07/04/2021 18:07:20,33.16,,,
955,07/04/2021 18:12:20,33.12,,,
956,07/04/2021 18:17:20,32.99,,,
957,07/04/2021 18:22:20,32.94,,,
958,07/04/2021 18:27:20,32.90,,,
959,07/04/2021 18:32:20,32.99,,,
960,07/04/2021 18:37:20,32.90,,,
961,07/04/2021 18:42:20,32.69,,,
962,07/04/2021 18:47:20,32.43,,,
963,07/04/2021 18:52:20,32.13,,,
964,07/04/2021 18:57:20,31.83,,,
965,07/04/2021 19:02:20,31.53,,,
966,07/04/2021 19:07:20,31.27,,,
967,07/04/2021 19:12:20,30.97,,,
968,07/04/2021 19:17:20,30.71,,,
969,07/04/2021 19:22:20,30.41,,,
970,07/04/2021 19:27:20,30.20,,,
971,07/04/2021 19:32:20,29.90,,,
972,07/04/2021 19:37:20,29.68,,,
973,07/04/2021 19:42:20,29.30,,,
974,07/04/2021 19:47:20,29.08,,,
975,07/04/2021 19:52:20,28.87,,,
976,07/04/2021 19:57:20,28.65,,,
977,07/04/2021 20:02:20,28.44,,,
978,07/04/2021 20:07:20,28.23,,,
979,07/04/2021 20:12:20,28.05,,,
980,07/04/2021 20:17:20,27.84,,,
981,07/04/2021 20:22:20,27.71,,,
982,07/04/2021 20:27:20,27.50,,,
983,07/04/2021 20:32:20,27.32,,,
984,07/04/2021 20:37:20,27.20,,,
985,07/04/2021 20:42:20,26.98,,,
986,07/04/2021 20:47:20,26.77,,,
987,07/04/2021 20:52:20,26.60,,,
988,07/04/2021 20:57:20,26.38,,,
989,07/04/2021 21:02:20,26.21,,,
990,07/04/2021 21:07:20,26.08,,,
991,07/04/2021 21:12:20,25.95,,,
992,07/04/2021 21:17:20,25.78,,,
993,07/04/2021 21:22:20,25.61,,,
994,07/04/2021 21:27:20,25.44,,,
995,07/04/2021 21:32:20,25.35,,,
996,07/04/2021 21:37:20,25.18,,,
997,07/04/2021 21:42:20,24.97,,,
998,07/04/2021 21:47:20,24.88,,,
999,07/04/2021 21:52:20,24.75,,,
1000,07/04/2021 21:57:20,24.58,,,
1001,07/04/2021 22:02:20,24.54,,,
1002,07/04/2021 22:07:20,24.41,,,
1003,07/04/2021 22:12:20,24.32,,,
1004,07/04/2021 22:17:20,24.15,,,
1005,07/04/2021 22:22:20,24.06,,,
1006,07/04/2021 22:27:20,24.02,,,
1007,07/04/2021 22:32:20,23.89,,,
1008,07/04/2021 22:37:20,23.81,,,
1009,07/04/2021 22:42:20,23.81,,,
1010,07/04/2021 22:47:20,23.68,,,
1011,07/04/2021 22:52:20,23.55,,,
1012,07/04/2021 22:57:20,23.51,,,
1013,07/04/2021 23:02:20,23.42,,,
1014,07/04/2021 23:07:20,23.38,,,
1015,07/04/2021 23:12:20,23.25,,,
1016,07/04/2021 23:17:20,23.16,,,
1017,07/04/2021 23:22:20,23.12,,,
1018,07/04/2021 23:27:20,23.03,,,
1019,07/04/2021 23:32:20,23.03,,,
1020,07/04/2021 23:37:20,22.99,,,
1021,07/04/2021 23:42:20,22.91,,,
1022,07/04/2021 23:47:20,22.86,,,
1023,07/04/2021 23:52:20,22.82,,,
1024,07/04/2021 23:57:20,22.73,,,
1025,07/05/2021 00:02:20,22.73,,,
1026,07/05/2021 00:07:20,22.65,,,
1027,07/05/2021 00:12:20,22.61,,,
1028,07/05/2021 00:17:20,22.52,,,
1029,07/05/2021 00:22:20,22.48,,,
1030,07/05/2021 00:27:20,22.39,,,
1031,07/05/2021 00:32:20,22.35,,,
1032,07/05/2021 00:37:20,22.26,,,
1033,07/05/2021 00:42:20,22.26,,,
1034,07/05/2021 00:47:20,22.22,,,
1035,07/05/2021 00:52:20,22.18,,,
1036,07/05/2021 00:57:20,22.13,,,
1037,07/05/2021 01:02:20,22.13,,,
1038,07/05/2021 01:07:20,22.01,,,
1039,07/05/2021 01:12:20,22.01,,,
1040,07/05/2021 01:17:20,21.96,,,
1041,07/05/2021 01:22:20,21.92,,,
1042,07/05/2021 01:27:20,21.88,,,
1043,07/05/2021 01:32:20,21.88,,,
1044,07/05/2021 01:37:20,21.79,,,
1045,07/05/2021 01:42:20,21.70,,,
1046,07/05/2021 01:47:20,21.62,,,
1047,07/05/2021 01:52:20,21.45,,,
1048,07/05/2021 01:57:20,21.36,,,
1049,07/05/2021 02:02:20,21.19,,,
1050,07/05/2021 02:07:20,21.02,,,
1051,07/05/2021 02:12:20,20.85,,,
1052,07/05/2021 02:17:20,20.59,,,
1053,07/05/2021 02:22:20,20.37,,,
1054,07/05/2021 02:27:20,20.16,,,
1055,07/05/2021 02:32:20,20.03,,,
1056,07/05/2021 02:37:20,19.86,,,
1057,07/05/2021 02:42:20,19.65,,,
1058,07/05/2021 02:47:20,19.56,,,
1059,07/05/2021 02:52:20,19.35,,,
1060,07/05/2021 02:57:20,19.22,,,
1061,07/05/2021 03:02:20,19.05,,,
1062,07/05/2021 03:07:20,18.79,,,
1063,07/05/2021 03:12:20,18.66,,,
1064,07/05/2021 03:17:20,18.49,,,
1065,07/05/2021 03:22:20,18.36,,,
1066,07/05/2021 03:27:20,18.19,,,
1067,07/05/2021 03:32:20,18.02,,,
1068,07/05/2021 03:37:20,17.89,,,
1069,07/05/2021 03:42:20,17.72,,,
1070,07/05/2021 03:47:20,17.54,,,
1071,07/05/2021 03:52:20,17.41,,,
1072,07/05/2021 03:57:20,17.33,,,
1073,07/05/2021 04:02:20,17.20,,,
1074,07/05/2021 04:07:20,17.11,,,
1075,07/05/2021 04:12:20,17.03,,,
1076,07/05/2021 04:17:20,16.94,,,
1077,07/05/2021 04:22:20,16.81,,,
1078,07/05/2021 04:27:20,16.73,,,
1079,07/05/2021 04:32:20,16.60,,,
1080,07/05/2021 04:37:20,16.51,,,
1081,07/05/2021 04:42:20,16.43,,,
1082,07/05/2021 04:47:20,16.39,,,
1083,07/05/2021 04:52:20,16.26,,,
1084,07/05/2021 04:57:20,16.30,,,
1085,07/05/2021 05:02:20,16.17,,,
1086,07/05/2021 05:07:20,16.08,,,
1087,07/05/2021 05:12:20,16.00,,,
1088,07/05/2021 05:17:20,15.96,,,
1089,07/05/2021 05:22:20,15.91,,,
1090,07/05/2021 05:27:20,15.83,,,
1091,07/05/2021 05:32:20,15.74,,,
1092,07/05/2021 05:37:20,15.61,,,
1093,07/05/2021 05:42:20,15.57,,,
1094,07/05/2021 05:47:20,15.53,,,
1095,07/05/2021 05:52:20,15.44,,,
1096,07/05/2021 05:57:20,15.31,,,
1097,07/05/2021 06:02:20,15.27,,,
1098,07/05/2021 06:07:20,15.23,,,
1099,07/05/2021 06:12:20,15.14,,,
1100,07/05/2021 06:17:20,15.10,,,
1101,07/05/2021 06:22:20,15.06,,,
1102,07/05/2021 06:27:20,15.06,,,
1103,07/05/2021 06:32:20,14.97,,,
1104,07/05/2021 06:37:20,15.01,,,
1105,07/05/2021 06:42:20,15.01,,,
1106,07/05/2021 06:47:20,15.01,,,
1107,07/05/2021 06:52:20,15.10,,,
1108,07/05/2021 06:57:20,15.18,,,
1109,07/05/2021 07:02:20,15.27,,,
1110,07/05/2021 07:07:20,15.48,,,
1111,07/05/2021 07:12:20,15.66,,,
1112,07/05/2021 07:17:20,15.96,,,
1113,07/05/2021 07:22:20,16.26,,,
1114,07/05/2021 07:27:20,16.60,,,
1115,07/05/2021 07:32:20,16.90,,,
1116,07/05/2021 07:37:20,17.16,,,
1117,07/05/2021 07:42:20,17.41,,,
1118,07/05/2021 07:47:20,17.59,,,
1119,07/05/2021 07:52:20,17.72,,,
1120,07/05/2021 07:57:20,17.80,,,
1121,07/05/2021 08:02:20,17.93,,,
1122,07/05/2021 08:07:20,17.97,,,
1123,07/05/2021 08:12:20,18.10,,,
1124,07/05/2021 08:17:20,18.23,,,
1125,07/05/2021 08:22:20,18.36,,,
1126,07/05/2021 08:27:20,18.57,,,
1127,07/05/2021 08:32:20,18.66,,,
1128,07/05/2021 08:37:20,18.83,,,
1129,07/05/2021 08:42:20,19.00,,,
1130,07/05/2021 08:47:20,19.17,,,
1131,07/05/2021 08:52:20,19.39,,,
1132,07/05/2021 08:57:20,19.52,,,
1133,07/05/2021 09:02:20,19.65,,,
1134,07/05/2021 09:07:20,19.82,,,
1135,07/05/2021 09:12:20,20.07,,,
1136,07/05/2021 09:17:20,20.29,,,
1137,07/05/2021 09:22:20,20.42,,,
1138,07/05/2021 09:27:20,20.63,,,
1139,07/05/2021 09:32:20,20.80,,,
1140,07/05/2021 09:37:20,20.98,,,
1141,07/05/2021 09:42:20,21.15,,,
1142,07/05/2021 09:47:20,21.32,,,
1143,07/05/2021 09:52:20,21.45,,,
1144,07/05/2021 09:57:20,21.70,,,
1145,07/05/2021 10:02:20,21.83,,,
1146,07/05/2021 10:07:20,22.01,,,
1147,07/05/2021 10:12:20,22.18,,,
1148,07/05/2021 10:17:20,22.31,,,
1149,07/05/2021 10:22:20,22.52,,,
1150,07/05/2021 10:27:20,22.65,,,
1151,07/05/2021 10:32:20,22.86,,,
1152,07/05/2021 10:37:20,23.03,,,
1153,07/05/2021 10:42:20,23.16,,,
1154,07/05/2021 10:47:20,23.34,,,
1155,07/05/2021 10:52:20,23.55,,,
1156,07/05/2021 10:57:20,23.72,,,
1157,07/05/2021 11:02:20,23.89,,,
1158,07/05/2021 11:07:20,24.11,,,
1159,07/05/2021 11:12:20,24.28,,,
1160,07/05/2021 11:17:20,24.41,,,
1161,07/05/2021 11:22:20,24.62,,,
1162,07/05/2021 11:27:20,24.75,,,
1163,07/05/2021 11:32:20,24.97,,,
1164,07/05/2021 11:37:20,25.01,,,
1165,07/05/2021 11:42:20,25.09,,,
1166,07/05/2021 11:47:20,25.27,,,
1167,07/05/2021 11:52:20,25.44,,,
1168,07/05/2021 11:57:20,25.57,,,
1169,07/05/2021 12:02:20,25.78,,,
1170,07/05/2021 12:07:20,25.95,,,
1171,07/05/2021 12:12:20,26.12,,,
1172,07/05/2021 12:17:20,26.30,,,
1173,07/05/2021 12:22:20,26.47,,,
1174,07/05/2021 12:27:20,26.68,,,
1175,07/05/2021 12:32:20,26.77,,,
1176,07/05/2021 12:37:20,26.98,,,
1177,07/05/2021 12:42:20,27.20,,,
1178,07/05/2021 12:47:20,27.41,,,
1179,07/05/2021 12:52:20,27.50,,,
1180,07/05/2021 12:57:20,27.50,,,
1181,07/05/2021 13:02:20,27.63,,,
1182,07/05/2021 13:07:20,27.80,,,
1183,07/05/2021 13:12:20,27.93,,,
1184,07/05/2021 13:17:20,28.01,,,
1185,07/05/2021 13:22:20,28.18,,,
1186,07/05/2021 13:27:20,28.35,,,
1187,07/05/2021 13:32:20,28.53,,,
1188,07/05/2021 13:37:20,28.61,,,
1189,07/05/2021 13:42:20,28.74,,,
1190,07/05/2021 13:47:20,28.91,,,
1191,07/05/2021 13:52:20,29.04,,,
1192,07/05/2021 13:57:20,29.04,,,
1193,07/05/2021 14:02:20,29.13,,,
1194,07/05/2021 14:07:20,29.21,,,
1195,07/05/2021 14:12:20,29.38,,,
1196,07/05/2021 14:17:20,29.47,,,
1197,07/05/2021 14:22:20,29.56,,,
1198,07/05/2021 14:27:20,29.73,,,
1199,07/05/2021 14:32:20,29.77,,,
1200,07/05/2021 14:37:20,29.90,,,
1201,07/05/2021 14:42:20,29.98,,,
1202,07/05/2021 14:47:20,30.11,,,
1203,07/05/2021 14:52:20,30.28,,,
1204,07/05/2021 14:57:20,30.33,,,
1205,07/05/2021 15:02:20,30.50,,,
1206,07/05/2021 15:07:20,30.67,,,
1207,07/05/2021 15:12:20,30.71,,,
1208,07/05/2021 15:17:20,30.84,,,
1209,07/05/2021 15:22:20,30.84,,,
1210,07/05/2021 15:27:20,30.97,,,
1211,07/05/2021 15:32:20,30.97,,,
1212,07/05/2021 15:37:20,31.06,,,
1213,07/05/2021 15:42:20,31.27,,,
1214,07/05/2021 15:47:20,31.44,,,
1215,07/05/2021 15:52:20,31.49,,,
1216,07/05/2021 15:57:20,31.49,,,
1217,07/05/2021 16:02:20,31.57,,,
1218,07/05/2021 16:07:20,31.66,,,
1219,07/05/2021 16:12:20,31.79,,,
1220,07/05/2021 16:17:20,31.92,,,
1221,07/05/2021 16:22:20,32.00,,,
1222,07/05/2021 16:27:20,32.13,,,
1223,07/05/2021 16:32:20,32.26,,,
1224,07/05/2021 16:37:20,32.30,,,
1225,07/05/2021 16:42:20,32.30,,,
1226,07/05/2021 16:47:20,32.34,,,
1227,07/05/2021 16:52:20,32.47,,,
1228,07/05/2021 16:57:20,32.52,,,
1229,07/05/2021 17:02:20,32.60,,,
1230,07/05/2021 17:07:20,32.73,,,
1231,07/05/2021 17:12:20,32.77,,,
1232,07/05/2021 17:17:20,32.86,,,
1233,07/05/2021 17:22:20,32.94,,,
1234,07/05/2021 17:27:20,33.03,,,
1235,07/05/2021 17:32:20,33.03,,,
1236,07/05/2021 17:37:20,32.99,,,
1237,07/05/2021 17:42:20,33.07,,,
1238,07/05/2021 17:47:20,33.12,,,
1239,07/05/2021 17:52:20,33.16,,,
1240,07/05/2021 17:57:20,33.25,,,
1241,07/05/2021 18:02:20,33.16,,,
1242,07/05/2021 18:07:20,33.16,,,
1243,07/05/2021 18:12:20,33.03,,,
1244,07/05/2021 18:17:20,32.86,,,
1245,07/05/2021 18:22:20,32.86,,,
1246,07/05/2021 18:27:20,32.99,,,
1247,07/05/2021 18:32:20,33.16,,,
1248,07/05/2021 18:37:20,33.16,,,
1249,07/05/2021 18:42:20,32.99,,,
1250,07/05/2021 18:47:20,32.69,,,
1251,07/05/2021 18:52:20,32.43,,,
1252,07/05/2021 18:57:20,32.22,,,
1253,07/05/2021 19:02:20,31.96,,,
1254,07/05/2021 19:07:20,31.66,,,
1255,07/05/2021 19:12:20,31.36,,,
1256,07/05/2021 19:17:20,31.10,,,
1257,07/05/2021 19:22:20,30.84,,,
1258,07/05/2021 19:27:20,30.63,,,
1259,07/05/2021 19:32:20,30.41,,,
1260,07/05/2021 19:37:20,30.16,,,
1261,07/05/2021 19:42:20,29.86,,,
1262,07/05/2021 19:47:20,29.64,,,
1263,07/05/2021 19:52:20,29.38,,,
1264,07/05/2021 19:57:20,29.13,,,
1265,07/05/2021 20:02:20,28.91,,,
1266,07/05/2021 20:07:20,28.65,,,
1267,07/05/2021 20:12:20,28.40,,,
1268,07/05/2021 20:17:20,28.14,,,
1269,07/05/2021 20:22:20,27.88,,,
1270,07/05/2021 20:27:20,27.63,,,
1271,07/05/2021 20:32:20,27.45,,,
1272,07/05/2021 20:37:20,27.20,,,
1273,07/05/2021 20:42:20,26.90,,,
1274,07/05/2021 20:47:20,26.68,,,
1275,07/05/2021 20:52:20,26.51,,,
1276,07/05/2021 20:57:20,26.34,,,
1277,07/05/2021 21:02:20,26.08,,,
1278,07/05/2021 21:07:20,25.91,,,
1279,07/05/2021 21:12:20,25.74,,,
1280,07/05/2021 21:17:20,25.52,,,
1281,07/05/2021 21:22:20,25.39,,,
1282,07/05/2021 21:27:20,25.18,,,
1283,07/05/2021 21:32:20,25.05,,,
1284,07/05/2021 21:37:20,24.84,,,
1285,07/05/2021 21:42:20,24.71,,,
1286,07/05/2021 21:47:20,24.54,,,
1287,07/05/2021 21:52:20,24.41,,,
1288,07/05/2021 21:57:20,24.24,,,
1289,07/05/2021 22:02:20,24.11,,,
1290,07/05/2021 22:07:20,23.94,,,
1291,07/05/2021 22:12:20,23.85,,,
1292,07/05/2021 22:17:20,23.64,,,
1293,07/05/2021 22:22:20,23.46,,,
1294,07/05/2021 22:27:20,23.38,,,
1295,07/05/2021 22:32:20,23.16,,,
1296,07/05/2021 22:37:20,23.12,,,
1297,07/05/2021 22:42:20,23.03,,,
1298,07/05/2021 22:47:20,22.95,,,
1299,07/05/2021 22:52:20,22.82,,,
1300,07/05/2021 22:57:20,22.73,,,
1301,07/05/2021 23:02:20,22.69,,,
1302,07/05/2021 23:07:20,22.65,,,
1303,07/05/2021 23:12:20,22.52,,,
1304,07/05/2021 23:17:20,22.48,,,
1305,07/05/2021 23:22:20,22.39,,,
1306,07/05/2021 23:27:20,22.31,,,
1307,07/05/2021 23:32:20,22.22,,,
1308,07/05/2021 23:37:20,22.09,,,
1309,07/05/2021 23:42:20,22.09,,,
1310,07/05/2021 23:47:20,22.01,,,
1311,07/05/2021 23:52:20,21.96,,,
1312,07/05/2021 23:57:20,21.96,,,
1313,07/06/2021 00:02:20,21.88,,,
1314,07/06/2021 00:07:20,21.79,,,
1315,07/06/2021 00:12:20,21.79,,,
1316,07/06/2021 00:17:20,21.75,,,
1317,07/06/2021 00:22:20,21.66,,,
1318,07/06/2021 00:27:20,21.66,,,
1319,07/06/2021 00:32:20,21.53,,,
1320,07/06/2021 00:37:20,21.53,,,
1321,07/06/2021 00:42:20,21.45,,,
1322,07/06/2021 00:47:20,21.45,,,
1323,07/06/2021 00:52:20,21.40,,,
1324,07/06/2021 00:57:20,21.40,,,
1325,07/06/2021 01:02:20,21.28,,,
1326,07/06/2021 01:07:20,21.28,,,
1327,07/06/2021 01:12:20,21.23,,,
1328,07/06/2021 01:17:20,21.19,,,
1329,07/06/2021 01:22:20,21.10,,,
1330,07/06/2021 01:27:20,20.98,,,
1331,07/06/2021 01:32:20,20.80,,,
1332,07/06/2021 01:37:20,20.55,,,
1333,07/06/2021 01:42:20,20.37,,,
1334,07/06/2021 01:47:20,20.16,,,
1335,07/06/2021 01:52:20,19.95,,,
1336,07/06/2021 01:57:20,19.69,,,
1337,07/06/2021 02:02:20,19.47,,,
1338,07/06/2021 02:07:20,19.26,,,
1339,07/06/2021 02:12:20,19.09,,,
1340,07/06/2021 02:17:20,18.87,,,
1341,07/06/2021 02:22:20,18.66,,,
1342,07/06/2021 02:27:20,18.49,,,
1343,07/06/2021 02:32:20,18.27,,,
1344,07/06/2021 02:37:20,18.06,,,
1345,07/06/2021 02:42:20,17.84,,,
1346,07/06/2021 02:47:20,17.76,,,
1347,07/06/2021 02:52:20,17.59,,,
1348,07/06/2021 02:57:20,17.50,,,
1349,07/06/2021 03:02:20,17.33,,,
1350,07/06/2021 03:07:20,17.24,,,
1351,07/06/2021 03:12:20,17.11,,,
1352,07/06/2021 03:17:20,17.03,,,
1353,07/06/2021 03:22:20,16.90,,,
1354,07/06/2021 03:27:20,16.81,,,
1355,07/06/2021 03:32:20,16.69,,,
1356,07/06/2021 03:37:20,16.60,,,
1357,07/06/2021 03:42:20,16.56,,,
1358,07/06/2021 03:47:20,16.43,,,
1359,07/06/2021 03:52:20,16.34,,,
1360,07/06/2021 03:57:20,16.30,,,
1361,07/06/2021 04:02:20,16.17,,,
1362,07/06/2021 04:07:20,16.08,,,
1363,07/06/2021 04:12:20,15.96,,,
1364,07/06/2021 04:17:20,15.91,,,
1365,07/06/2021 04:22:20,15.78,,,
1366,07/06/2021 04:27:20,15.74,,,
1367,07/06/2021 04:32:20,15.66,,,
1368,07/06/2021 04:37:20,15.57,,,
1369,07/06/2021 04:42:20,15.48,,,
1370,07/06/2021 04:47:20,15.40,,,
1371,07/06/2021 04:52:20,15.36,,,
1372,07/06/2021 04:57:20,15.31,,,
1373,07/06/2021 05:02:20,15.23,,,
1374,07/06/2021 05:07:20,15.18,,,
1375,07/06/2021 05:12:20,15.10,,,
1376,07/06/2021 05:17:20,15.06,,,
1377,07/06/2021 05:22:20,15.01,,,
1378,07/06/2021 05:27:20,14.97,,,
1379,07/06/2021 05:32:20,14.97,,,
1380,07/06/2021 05:37:20,14.93,,,
1381,07/06/2021 05:42:20,14.93,,,
1382,07/06/2021 05:47:20,14.84,,,
1383,07/06/2021 05:52:20,14.84,,,
1384,07/06/2021 05:57:20,14.80,,,
1385,07/06/2021 06:02:20,14.80,,,
1386,07/06/2021 06:07:20,14.75,,,
1387,07/06/2021 06:12:20,14.71,,,
1388,07/06/2021 06:17:20,14.67,,,
1389,07/06/2021 06:22:20,14.67,,,
1390,07/06/2021 06:27:20,14.63,,,
1391,07/06/2021 06:32:20,14.58,,,
1392,07/06/2021 06:37:20,14.58,,,
1393,07/06/2021 06:42:20,14.63,,,
1394,07/06/2021 06:47:20,14.63,,,
1395,07/06/2021 06:52:20,14.67,,,
1396,07/06/2021 06:57:20,14.71,,,
1397,07/06/2021 07:02:20,14.84,,,
1398,07/06/2021 07:07:20,14.97,,,
1399,07/06/2021 07:12:20,15.06,,,
1400,07/06/2021 07:17:20,15.23,,,
1401,07/06/2021 07:22:20,15.48,,,
1402,07/06/2021 07:27:20,15.78,,,
1403,07/06/2021 07:32:20,16.13,,,
1404,07/06/2021 07:37:20,16.43,,,
1405,07/06/2021 07:42:20,16.69,,,
1406,07/06/2021 07:47:20,16.90,,,
1407,07/06/2021 07:52:20,17.07,,,
1408,07/06/2021 07:57:20,17.29,,,
1409,07/06/2021 08:02:20,17.46,,,
1410,07/06/2021 08:07:20,17.63,,,
1411,07/06/2021 08:12:20,17.80,,,
1412,07/06/2021 08:17:20,17.84,,,
1413,07/06/2021 08:22:20,17.93,,,
1414,07/06/2021 08:27:20,18.06,,,
1415,07/06/2021 08:32:20,18.19,,,
1416,07/06/2021 08:37:20,18.36,,,
1417,07/06/2021 08:42:20,18.49,,,
1418,07/06/2021 08:47:20,18.66,,,
1419,07/06/2021 08:52:20,18.70,,,
1420,07/06/2021 08:57:20,18.87,,,
1421,07/06/2021 09:02:20,19.05,,,
1422,07/06/2021 09:07:20,19.13,,,
1423,07/06/2021 09:12:20,19.30,,,
1424,07/06/2021 09:17:20,19.43,,,
1425,07/06/2021 09:22:20,19.60,,,
1426,07/06/2021 09:27:20,19.77,,,
1427,07/06/2021 09:32:20,19.95,,,
1428,07/06/2021 09:37:20,20.03,,,
1429,07/06/2021 09:42:20,20.20,,,
1430,07/06/2021 09:47:20,20.33,,,
1431,07/06/2021 09:52:20,20.42,,,
1432,07/06/2021 09:57:20,20.55,,,
1433,07/06/2021 10:02:20,20.68,,,
1434,07/06/2021 10:07:20,20.85,,,
1435,07/06/2021 10:12:20,20.98,,,
1436,07/06/2021 10:17:20,21.10,,,
1437,07/06/2021 10:22:20,21.23,,,
1438,07/06/2021 10:27:20,21.40,,,
1439,07/06/2021 10:32:20,21.53,,,
1440,07/06/2021 10:37:20,21.70,,,
1441,07/06/2021 10:42:20,21.79,,,
1442,07/06/2021 10:47:20,21.92,,,
1443,07/06/2021 10:52:20,22.01,,,
1444,07/06/2021 10:57:20,22.13,,,
1445,07/06/2021 11:02:20,22.31,,,
1446,07/06/2021 11:07:20,22.52,,,
1447,07/06/2021 11:12:20,22.65,,,
1448,07/06/2021 11:17:20,22.82,,,
1449,07/06/2021 11:22:20,22.95,,,
1450,07/06/2021 11:27:20,23.16,,,
1451,07/06/2021 11:32:20,23.38,,,
1452,07/06/2021 11:37:20,23.55,,,
1453,07/06/2021 11:42:20,23.72,,,
1454,07/06/2021 11:47:20,23.94,,,
1455,07/06/2021 11:52:20,24.06,,,
1456,07/06/2021 11:57:20,24.19,,,
1457,07/06/2021 12:02:20,24.41,,,
1458,07/06/2021 12:07:20,24.58,,,
1459,07/06/2021 12:12:20,24.66,,,
1460,07/06/2021 12:17:20,24.84,,,
1461,07/06/2021 12:22:20,25.01,,,
1462,07/06/2021 12:27:20,25.22,,,
1463,07/06/2021 12:32:20,25.35,,,
1464,07/06/2021 12:37:20,25.52,,,
1465,07/06/2021 12:42:20,25.61,,,
1466,07/06/2021 12:47:20,25.87,,,
1467,07/06/2021 12:52:20,25.95,,,
1468,07/06/2021 12:57:20,26.17,,,
1469,07/06/2021 13:02:20,26.38,,,
1470,07/06/2021 13:07:20,26.51,,,
1471,07/06/2021 13:12:20,26.68,,,
1472,07/06/2021 13:17:20,26.81,,,
1473,07/06/2021 13:22:20,26.94,,,
1474,07/06/2021 13:27:20,27.07,,,
1475,07/06/2021 13:32:20,27.32,,,
1476,07/06/2021 13:37:20,27.45,,,
1477,07/06/2021 13:42:20,27.54,,,
1478,07/06/2021 13:47:20,27.75,,,
1479,07/06/2021 13:52:20,28.01,,,
1480,07/06/2021 13:57:20,27.97,,,
1481,07/06/2021 14:02:20,28.10,,,
1482,07/06/2021 14:07:20,28.27,,,
1483,07/06/2021 14:12:20,28.40,,,
1484,07/06/2021 14:17:20,28.57,,,
1485,07/06/2021 14:22:20,28.65,,,
1486,07/06/2021 14:27:20,28.83,,,
1487,07/06/2021 14:32:20,28.95,,,
1488,07/06/2021 14:37:20,29.08,,,
1489,07/06/2021 14:42:20,29.17,,,
1490,07/06/2021 14:47:20,29.38,,,
1491,07/06/2021 14:52:20,29.56,,,
1492,07/06/2021 14:57:20,29.68,,,
1493,07/06/2021 15:02:20,29.94,,,
1494,07/06/2021 15:07:20,30.03,,,
1495,07/06/2021 15:12:20,30.07,,,
1496,07/06/2021 15:17:20,30.16,,,
1497,07/06/2021 15:22:20,30.11,,,
1498,07/06/2021 15:27:20,30.16,,,
1499,07/06/2021 15:32:20,30.11,,,
1500,07/06/2021 15:37:20,30.28,,,
1501,07/06/2021 15:42:20,30.28,,,
1502,07/06/2021 15:47:20,30.33,,,
1503,07/06/2021 15:52:20,30.46,,,
1504,07/06/2021 15:57:20,30.59,,,
1505,07/06/2021 16:02:20,30.67,,,
1506,07/06/2021 16:07:20,30.71,,,
1507,07/06/2021 16:12:20,30.93,,,
1508,07/06/2021 16:17:20,30.93,,,
1509,07/06/2021 16:22:20,31.10,,,
1510,07/06/2021 16:27:20,31.14,,,
1511,07/06/2021 16:32:20,30.97,,,
1512,07/06/2021 16:37:20,31.01,,,
1513,07/06/2021 16:42:20,31.19,,,
1514,07/06/2021 16:47:20,31.19,,,
1515,07/06/2021 16:52:20,31.27,,,
1516,07/06/2021 16:57:20,31.27,,,
1517,07/06/2021 17:02:20,31.36,,,
1518,07/06/2021 17:07:20,31.40,,,
1519,07/06/2021 17:12:20,31.36,,,
1520,07/06/2021 17:17:20,31.44,,,
1521,07/06/2021 17:22:20,31.40,,,
1522,07/06/2021 17:27:20,31.36,,,
1523,07/06/2021 17:32:20,31.40,,,
1524,07/06/2021 17:37:20,31.61,,,
1525,07/06/2021 17:42:20,31.66,,,
1526,07/06/2021 17:47:20,32.00,,,
1527,07/06/2021 17:52:20,32.22,,,
1528,07/06/2021 17:57:20,32.26,,,
1529,07/06/2021 18:02:20,32.39,,,
1530,07/06/2021 18:07:20,32.52,,,
1531,07/06/2021 18:12:20,32.60,,,
1532,07/06/2021 18:17:20,32.69,,,
1533,07/06/2021 18:22:20,32.82,,,
1534,07/06/2021 18:27:20,33.07,,,
1535,07/06/2021 18:32:20,33.20,,,
1536,07/06/2021 18:37:20,33.16,,,
1537,07/06/2021 18:42:20,33.03,,,
1538,07/06/2021 18:47:20,32.73,,,
1539,07/06/2021 18:52:20,32.43,,,
1540,07/06/2021 18:57:20,32.17,,,
1541,07/06/2021 19:02:20,31.87,,,
1542,07/06/2021 19:07:20,31.61,,,
1543,07/06/2021 19:12:20,31.49,,,
1544,07/06/2021 19:17:20,31.23,,,
1545,07/06/2021 19:22:20,30.97,,,
1546,07/06/2021 19:27:20,30.80,,,
1547,07/06/2021 19:32:20,30.50,,,
1548,07/06/2021 19:37:20,30.37,,,
1549,07/06/2021 19:42:20,30.28,,,
1550,07/06/2021 19:47:20,30.07,,,
1551,07/06/2021 19:52:20,29.86,,,
1552,07/06/2021 19:57:20,29.68,,,
1553,07/06/2021 20:02:20,29.51,,,
1554,07/06/2021 20:07:20,29.34,,,
1555,07/06/2021 20:12:20,29.13,,,
1556,07/06/2021 20:17:20,29.04,,,
1557,07/06/2021 20:22:20,28.87,,,
1558,07/06/2021 20:27:20,28.74,,,
1559,07/06/2021 20:32:20,28.53,,,
1560,07/06/2021 20:37:20,28.18,,,
1561,07/06/2021 20:42:20,27.93,,,
1562,07/06/2021 20:47:20,27.71,,,
1563,07/06/2021 20:52:20,27.67,,,
1564,07/06/2021 20:57:20,27.50,,,
1565,07/06/2021 21:02:20,27.41,,,
1566,07/06/2021 21:07:20,27.28,,,
1567,07/06/2021 21:12:20,27.20,,,
1568,07/06/2021 21:17:20,27.15,,,
1569,07/06/2021 21:22:20,27.07,,,
1570,07/06/2021 21:27:20,26.90,,,
1571,07/06/2021 21:32:20,26.81,,,
1572,07/06/2021 21:37:20,26.72,,,
1573,07/06/2021 21:42:20,26.60,,,
1574,07/06/2021 21:47:20,26.42,,,
1575,07/06/2021 21:52:20,26.30,,,
1576,07/06/2021 21:57:20,26.04,,,
1577,07/06/2021 22:02:20,25.74,,,
1578,07/06/2021 22:07:20,25.44,,,
1579,07/06/2021 22:12:20,25.01,,,
1580,07/06/2021 22:17:20,24.58,,,
1581,07/06/2021 22:22:20,24.24,,,
1582,07/06/2021 22:27:20,23.85,,,
1583,07/06/2021 22:32:20,23.55,,,
1584,07/06/2021 22:37:20,23.21,,,
1585,07/06/2021 22:42:20,22.86,,,
1586,07/06/2021 22:47:20,22.61,,,
1587,07/06/2021 22:52:20,22.39,,,
1588,07/06/2021 22:57:20,22.13,,,
1589,07/06/2021 23:02:20,21.83,,,
1590,07/06/2021 23:07:20,21.62,,,
1591,07/06/2021 23:12:20,21.40,,,
1592,07/06/2021 23:17:20,21.28,,,
1593,07/06/2021 23:22:20,21.02,,,
1594,07/06/2021 23:27:20,20.89,,,
1595,07/06/2021 23:32:20,20.72,,,
1596,07/06/2021 23:37:20,20.59,,,
1597,07/06/2021 23:42:20,20.42,,,
1598,07/06/2021 23:47:20,20.25,,,
1599,07/06/2021 23:52:20,20.03,,,
1600,07/06/2021 23:57:20,19.86,,,
1601,07/07/2021 00:02:20,19.65,,,
1602,07/07/2021 00:07:20,19.52,,,
1603,07/07/2021 00:12:20,19.35,,,
1604,07/07/2021 00:17:20,19.17,,,
1605,07/07/2021 00:22:20,19.05,,,
1606,07/07/2021 00:27:20,18.92,,,
1607,07/07/2021 00:32:20,18.83,,,
1608,07/07/2021 00:37:20,18.79,,,
1609,07/07/2021 00:42:20,18.92,,,
1610,07/07/2021 00:47:20,19.17,,,
1611,07/07/2021 00:52:20,19.43,,,
1612,07/07/2021 00:57:20,19.69,,,
1613,07/07/2021 01:02:20,19.99,,,
1614,07/07/2021 01:07:20,20.25,,,
1615,07/07/2021 01:12:20,20.46,,,
1616,07/07/2021 01:17:20,20.68,,,
1617,07/07/2021 01:22:20,20.85,,,
1618,07/07/2021 01:27:20,21.02,,,
1619,07/07/2021 01:32:20,21.10,,,
1620,07/07/2021 01:37:20,21.10,,,
1621,07/07/2021 01:42:20,21.15,,,
1622,07/07/2021 01:47:20,21.23,,,
1623,07/07/2021 01:52:20,21.32,,,
1624,07/07/2021 01:57:20,21.36,,,
1625,07/07/2021 02:02:20,21.40,,,
1626,07/07/2021 02:07:20,21.36,,,
1627,07/07/2021 02:12:20,21.49,,,
1628,07/07/2021 02:17:20,21.49,,,
1629,07/07/2021 02:22:20,21.45,,,
1630,07/07/2021 02:27:20,21.49,,,
1631,07/07/2021 02:32:20,21.45,,,
1632,07/07/2021 02:37:20,21.40,,,
1633,07/07/2021 02:42:20,21.36,,,
1634,07/07/2021 02:47:20,21.32,,,
1635,07/07/2021 02:52:20,21.23,,,
1636,07/07/2021 02:57:20,21.10,,,
1637,07/07/2021 03:02:20,20.85,,,
1638,07/07/2021 03:07:20,20.59,,,
1639,07/07/2021 03:12:20,20.29,,,
1640,07/07/2021 03:17:20,20.07,,,
1641,07/07/2021 03:22:20,19.82,,,
1642,07/07/2021 03:27:20,19.52,,,
1643,07/07/2021 03:32:20,19.22,,,
1644,07/07/2021 03:37:20,19.00,,,
1645,07/07/2021 03:42:20,18.70,,,
1646,07/07/2021 03:47:20,18.32,,,
1647,07/07/2021 03:52:20,18.06,,,
1648,07/07/2021 03:57:20,17.76,,,
1649,07/07/2021 04:02:20,17.50,,,
1650,07/07/2021 04:07:20,17.24,,,
1651,07/07/2021 04:12:20,16.99,,,
1652,07/07/2021 04:17:20,16.81,,,
1653,07/07/2021 04:22:20,16.64,,,
1654,07/07/2021 04:27:20,16.43,,,
1655,07/07/2021 04:32:20,16.21,,,
1656,07/07/2021 04:37:20,16.08,,,
1657,07/07/2021 04:42:20,15.91,,,
1658,07/07/2021 04:47:20,15.78,,,
1659,07/07/2021 04:52:20,15.66,,,
1660,07/07/2021 04:57:20,15.53,,,
1661,07/07/2021 05:02:20,15.36,,,
1662,07/07/2021 05:07:20,15.27,,,
1663,07/07/2021 05:12:20,15.23,,,
1664,07/07/2021 05:17:20,15.10,,,
1665,07/07/2021 05:22:20,15.01,,,
1666,07/07/2021 05:27:20,14.97,,,
1667,07/07/2021 05:32:20,14.93,,,
1668,07/07/2021 05:37:20,14.93,,,
1669,07/07/2021 05:42:20,14.84,,,
1670,07/07/2021 05:47:20,14.80,,,
1671,07/07/2021 05:52:20,14.75,,,
1672,07/07/2021 05:57:20,14.75,,,
1673,07/07/2021 06:02:20,14.63,,,
1674,07/07/2021 06:07:20,14.58,,,
1675,07/07/2021 06:12:20,14.54,,,
1676,07/07/2021 06:17:20,14.41,,,
1677,07/07/2021 06:22:20,14.33,,,
1678,07/07/2021 06:27:20,14.33,,,
1679,07/07/2021 06:32:20,14.28,,,
1680,07/07/2021 06:37:20,14.28,,,
1681,07/07/2021 06:42:20,14.24,,,
1682,07/07/2021 06:47:20,14.24,,,
1683,07/07/2021 06:52:20,14.28,,,
1684,07/07/2021 06:57:20,14.33,,,
1685,07/07/2021 07:02:20,14.41,,,
1686,07/07/2021 07:07:20,14.54,,,
1687,07/07/2021 07:12:20,14.75,,,
1688,07/07/2021 07:17:20,14.97,,,
1689,07/07/2021 07:22:20,15.31,,,
1690,07/07/2021 07:27:20,15.66,,,
1691,07/07/2021 07:32:20,16.08,,,
1692,07/07/2021 07:37:20,16.43,,,
1693,07/07/2021 07:42:20,16.77,,,
1694,07/07/2021 07:47:20,17.03,,,
1695,07/07/2021 07:52:20,17.29,,,
1696,07/07/2021 07:57:20,17.50,,,
1697,07/07/2021 08:02:20,17.67,,,
1698,07/07/2021 08:07:20,17.80,,,
1699,07/07/2021 08:12:20,17.93,,,
1700,07/07/2021 08:17:20,18.06,,,
1701,07/07/2021 08:22:20,18.14,,,
1702,07/07/2021 08:27:20,18.27,,,
1703,07/07/2021 08:32:20,18.40,,,
1704,07/07/2021 08:37:20,18.62,,,
1705,07/07/2021 08:42:20,18.79,,,
1706,07/07/2021 08:47:20,18.87,,,
1707,07/07/2021 08:52:20,19.05,,,
1708,07/07/2021 08:57:20,19.26,,,
1709,07/07/2021 09:02:20,19.43,,,
1710,07/07/2021 09:07:20,19.56,,,
1711,07/07/2021 09:12:20,19.77,,,
1712,07/07/2021 09:17:20,19.95,,,
1713,07/07/2021 09:22:20,20.07,,,
1714,07/07/2021 09:27:20,20.29,,,
1715,07/07/2021 09:32:20,20.46,,,
1716,07/07/2021 09:37:20,20.68,,,
1717,07/07/2021 09:42:20,20.85,,,
1718,07/07/2021 09:47:20,21.02,,,
1719,07/07/2021 09:52:20,21.19,,,
1720,07/07/2021 09:57:20,21.32,,,
1721,07/07/2021 10:02:20,21.40,,,
1722,07/07/2021 10:07:20,21.53,,,
1723,07/07/2021 10:12:20,21.62,,,
1724,07/07/2021 10:17:20,21.70,,,
1725,07/07/2021 10:22:20,21.83,,,
1726,07/07/2021 10:27:20,21.96,,,
1727,07/07/2021 10:32:20,22.13,,,
1728,07/07/2021 10:37:20,22.31,,,
1729,07/07/2021 10:42:20,22.43,,,
1730,07/07/2021 10:47:20,22.69,,,
1731,07/07/2021 10:52:20,22.82,,,
1732,07/07/2021 10:57:20,23.08,,,
1733,07/07/2021 11:02:20,23.29,,,
1734,07/07/2021 11:07:20,23.46,,,
1735,07/07/2021 11:12:20,23.64,,,
1736,07/07/2021 11:17:20,23.76,,,
1737,07/07/2021 11:22:20,23.98,,,
1738,07/07/2021 11:27:20,24.15,,,
1739,07/07/2021 11:32:20,24.24,,,
1740,07/07/2021 11:37:20,24.49,,,
1741,07/07/2021 11:42:20,24.54,,,
1742,07/07/2021 11:47:20,24.79,,,
1743,07/07/2021 11:52:20,24.84,,,
1744,07/07/2021 11:57:20,24.84,,,
1745,07/07/2021 12:02:20,24.88,,,
1746,07/07/2021 12:07:20,25.01,,,
1747,07/07/2021 12:12:20,25.18,,,
1748,07/07/2021 12:17:20,25.31,,,
1749,07/07/2021 12:22:20,25.57,,,
1750,07/07/2021 12:27:20,25.74,,,
1751,07/07/2021 12:32:20,25.99,,,
1752,07/07/2021 12:37:20,26.12,,,
1753,07/07/2021 12:42:20,26.38,,,
1754,07/07/2021 12:47:20,26.60,,,
1755,07/07/2021 12:52:20,26.68,,,
1756,07/07/2021 12:57:20,26.81,,,
1757,07/07/2021 13:02:20,26.94,,,
1758,07/07/2021 13:07:20,27.24,,,
1759,07/07/2021 13:12:20,27.37,,,
1760,07/07/2021 13:17:20,27.45,,,
1761,07/07/2021 13:22:20,27.63,,,
1762,07/07/2021 13:27:20,27.80,,,
1763,07/07/2021 13:32:20,27.93,,,
1764,07/07/2021 13:37:20,28.10,,,
1765,07/07/2021 13:42:20,28.14,,,
1766,07/07/2021 13:47:20,28.31,,,
1767,07/07/2021 13:52:20,28.44,,,
1768,07/07/2021 13:57:20,28.57,,,
1769,07/07/2021 14:02:20,28.74,,,
1770,07/07/2021 14:07:20,28.83,,,
1771,07/07/2021 14:12:20,29.04,,,
1772,07/07/2021 14:17:20,29.26,,,
1773,07/07/2021 14:22:20,29.30,,,
1774,07/07/2021 14:27:20,29.47,,,
1775,07/07/2021 14:32:20,29.77,,,
1776,07/07/2021 14:37:20,29.86,,,
1777,07/07/2021 14:42:20,29.98,,,
1778,07/07/2021 14:47:20,30.16,,,
1779,07/07/2021 14:52:20,30.28,,,
1780,07/07/2021 14:57:20,30.46,,,
1781,07/07/2021 15:02:20,30.71,,,
1782,07/07/2021 15:07:20,30.84,,,
1783,07/07/2021 15:12:20,30.89,,,
1784,07/07/2021 15:17:20,30.84,,,
1785,07/07/2021 15:22:20,31.01,,,
1786,07/07/2021 15:27:20,31.10,,,
1787,07/07/2021 15:32:20,31.19,,,
1788,07/07/2021 15:37:20,31.19,,,
1789,07/07/2021 15:42:20,31.31,,,
1790,07/07/2021 15:47:20,31.49,,,
1791,07/07/2021 15:52:20,31.57,,,
1792,07/07/2021 15:57:20,31.74,,,
1793,07/07/2021 16:02:20,31.79,,,
1794,07/07/2021 16:07:20,32.00,,,
1795,07/07/2021 16:12:20,32.04,,,
1796,07/07/2021 16:17:20,32.26,,,
1797,07/07/2021 16:22:20,32.39,,,
1798,07/07/2021 16:27:20,32.56,,,
1799,07/07/2021 16:32:20,32.69,,,
1800,07/07/2021 16:37:20,32.73,,,
1801,07/07/2021 16:42:20,32.64,,,
1802,07/07/2021 16:47:20,32.60,,,
1803,07/07/2021 16:52:20,32.60,,,
1804,07/07/2021 16:57:20,32.82,,,
1805,07/07/2021 17:02:20,32.77,,,
1806,07/07/2021 17:07:20,32.69,,,
1807,07/07/2021 17:12:20,32.69,,,
1808,07/07/2021 17:17:20,32.73,,,
1809,07/07/2021 17:22:20,32.77,,,
1810,07/07/2021 17:27:20,32.77,,,
1811,07/07/2021 17:32:20,32.77,,,
1812,07/07/2021 17:37:20,32.82,,,
1813,07/07/2021 17:42:20,32.82,,,
1814,07/07/2021 17:47:20,32.69,,,
1815,07/07/2021 17:52:20,32.86,,,
1816,07/07/2021 17:57:20,32.99,,,
1817,07/07/2021 18:02:20,32.99,,,
1818,07/07/2021 18:07:20,32.90,,,
1819,07/07/2021 18:12:20,32.94,,,
1820,07/07/2021 18:17:20,33.07,,,
1821,07/07/2021 18:22:20,33.46,,,
1822,07/07/2021 18:27:20,33.76,,,
1823,07/07/2021 18:32:20,34.10,,,
1824,07/07/2021 18:37:20,34.15,,,
1825,07/07/2021 18:42:20,34.15,,,
1826,07/07/2021 18:47:20,33.93,,,
1827,07/07/2021 18:52:20,33.50,,,
1828,07/07/2021 18:57:20,33.20,,,
1829,07/07/2021 19:02:20,32.82,,,
1830,07/07/2021 19:07:20,32.56,,,
1831,07/07/2021 19:12:20,32.26,,,
1832,07/07/2021 19:17:20,32.04,,,
1833,07/07/2021 19:22:20,31.79,,,
1834,07/07/2021 19:27:20,31.49,,,
1835,07/07/2021 19:32:20,31.19,,,
1836,07/07/2021 19:37:20,30.93,,,
1837,07/07/2021 19:42:20,30.63,,,
1838,07/07/2021 19:47:20,30.24,,,
1839,07/07/2021 19:52:20,30.03,,,
1840,07/07/2021 19:57:20,29.68,,,
1841,07/07/2021 20:02:20,29.43,,,
1842,07/07/2021 20:07:20,29.13,,,
1843,07/07/2021 20:12:20,28.83,,,
1844,07/07/2021 20:17:20,28.57,,,
1845,07/07/2021 20:22:20,28.27,,,
1846,07/07/2021 20:27:20,28.01,,,
1847,07/07/2021 20:32:20,27.71,,,
1848,07/07/2021 20:37:20,27.41,,,
1849,07/07/2021 20:42:20,27.11,,,
1850,07/07/2021 20:47:20,26.85,,,
1851,07/07/2021 20:52:20,26.55,,,
1852,07/07/2021 20:57:20,26.30,,,
1853,07/07/2021 21:02:20,25.95,,,
1854,07/07/2021 21:07:20,25.65,,,
1855,07/07/2021 21:12:20,25.39,,,
1856,07/07/2021 21:17:20,25.14,,,
1857,07/07/2021 21:22:20,24.88,,,
1858,07/07/2021 21:27:20,24.71,,,
1859,07/07/2021 21:32:20,24.36,,,
1860,07/07/2021 21:37:20,24.19,,,
1861,07/07/2021 21:42:20,23.94,,,
1862,07/07/2021 21:47:20,23.76,,,
1863,07/07/2021 21:52:20,23.51,,,
1864,07/07/2021 21:57:20,23.25,,,
1865,07/07/2021 22:02:20,23.08,,,
1866,07/07/2021 22:07:20,22.82,,,
1867,07/07/2021 22:12:20,22.61,,,
1868,07/07/2021 22:17:20,22.35,,,
1869,07/07/2021 22:22:20,22.18,,,
1870,07/07/2021 22:27:20,21.96,,,
1871,07/07/2021 22:32:20,21.75,,,
1872,07/07/2021 22:37:20,21.58,,,
1873,07/07/2021 22:42:20,21.40,,,
1874,07/07/2021 22:47:20,21.23,,,
1875,07/07/2021 22:52:20,21.02,,,
1876,07/07/2021 22:57:20,20.89,,,
1877,07/07/2021 23:02:20,20.72,,,
1878,07/07/2021 23:07:20,20.63,,,
1879,07/07/2021 23:12:20,20.46,,,
1880,07/07/2021 23:17:20,20.33,,,
1881,07/07/2021 23:22:20,20.20,,,
1882,07/07/2021 23:27:20,20.12,,,
1883,07/07/2021 23:32:20,19.90,,,
1884,07/07/2021 23:37:20,19.86,,,
1885,07/07/2021 23:42:20,19.73,,,
1886,07/07/2021 23:47:20,19.60,,,
1887,07/07/2021 23:52:20,19.52,,,
1888,07/07/2021 23:57:20,19.39,,,
1889,07/08/2021 00:02:20,19.30,,,
1890,07/08/2021 00:07:20,19.17,,,
1891,07/08/2021 00:12:20,19.09,,,
1892,07/08/2021 00:17:20,18.96,,,
1893,07/08/2021 00:22:20,18.83,,,
1894,07/08/2021 00:27:20,18.74,,,
1895,07/08/2021 00:32:20,18.62,,,
1896,07/08/2021 00:37:20,18.53,,,
1897,07/08/2021 00:42:20,18.40,,,
1898,07/08/2021 00:47:20,18.27,,,
1899,07/08/2021 00:52:20,18.19,,,
1900,07/08/2021 00:57:20,18.06,,,
1901,07/08/2021 01:02:20,17.93,,,
1902,07/08/2021 01:07:20,17.89,,,
1903,07/08/2021 01:12:20,17.72,,,
1904,07/08/2021 01:17:20,17.59,,,
1905,07/08/2021 01:22:20,17.46,,,
1906,07/08/2021 01:27:20,17.33,,,
1907,07/08/2021 01:32:20,17.29,,,
1908,07/08/2021 01:37:20,17.16,,,
1909,07/08/2021 01:42:20,17.07,,,
1910,07/08/2021 01:47:20,16.99,,,
1911,07/08/2021 01:52:20,16.86,,,
1912,07/08/2021 01:57:20,16.81,,,
1913,07/08/2021 02:02:20,16.69,,,
1914,07/08/2021 02:07:20,16.69,,,
1915,07/08/2021 02:12:20,16.51,,,
1916,07/08/2021 02:17:20,16.43,,,
1917,07/08/2021 02:22:20,16.34,,,
1918,07/08/2021 02:27:20,16.26,,,
1919,07/08/2021 02:32:20,16.17,,,
1920,07/08/2021 02:37:20,16.08,,,
1921,07/08/2021 02:42:20,15.96,,,
1922,07/08/2021 02:47:20,15.91,,,
1923,07/08/2021 02:52:20,15.78,,,
1924,07/08/2021 02:57:20,15.66,,,
1925,07/08/2021 03:02:20,15.61,,,
1926,07/08/2021 03:07:20,15.53,,,
1927,07/08/2021 03:12:20,15.48,,,
1928,07/08/2021 03:17:20,15.40,,,
1929,07/08/2021 03:22:20,15.36,,,
1930,07/08/2021 03:27:20,15.27,,,
1931,07/08/2021 03:32:20,15.27,,,
1932,07/08/2021 03:37:20,15.23,,,
1933,07/08/2021 03:42:20,15.18,,,
1934,07/08/2021 03:47:20,15.18,,,
1935,07/08/2021 03:52:20,15.10,,,
1936,07/08/2021 03:57:20,15.06,,,
1937,07/08/2021 04:02:20,15.06,,,
1938,07/08/2021 04:07:20,15.06,,,
1939,07/08/2021 04:12:20,14.97,,,
1940,07/08/2021 04:17:20,14.97,,,
1941,07/08/2021 04:22:20,14.93,,,
1942,07/08/2021 04:27:20,14.88,,,
1943,07/08/2021 04:32:20,14.93,,,
1944,07/08/2021 04:37:20,14.88,,,
1945,07/08/2021 04:42:20,14.84,,,
1946,07/08/2021 04:47:20,14.80,,,
1947,07/08/2021 04:52:20,14.80,,,
1948,07/08/2021 04:57:20,14.80,,,
1949,07/08/2021 05:02:20,14.75,,,
1950,07/08/2021 05:07:20,14.75,,,
1951,07/08/2021 05:12:20,14.67,,,
1952,07/08/2021 05:17:20,14.58,,,
1953,07/08/2021 05:22:20,14.58,,,
1954,07/08/2021 05:27:20,14.54,,,
1955,07/08/2021 05:32:20,14.54,,,
1956,07/08/2021 05:37:20,14.45,,,
1957,07/08/2021 05:42:20,14.41,,,
1958,07/08/2021 05:47:20,14.37,,,
1959,07/08/2021 05:52:20,14.33,,,
1960,07/08/2021 05:57:20,14.28,,,
1961,07/08/2021 06:02:20,14.24,,,
1962,07/08/2021 06:07:20,14.24,,,
1963,07/08/2021 06:12:20,14.20,,,
1964,07/08/2021 06:17:20,14.15,,,
1965,07/08/2021 06:22:20,14.15,,,
1966,07/08/2021 06:27:20,14.11,,,
1967,07/08/2021 06:32:20,14.07,,,
1968,07/08/2021 06:37:20,14.07,,,
1969,07/08/2021 06:42:20,14.11,,,
1970,07/08/2021 06:47:20,14.15,,,
1971,07/08/2021 06:52:20,14.20,,,
1972,07/08/2021 06:57:20,14.37,,,
1973,07/08/2021 07:02:20,14.50,,,
1974,07/08/2021 07:07:20,14.75,,,
1975,07/08/2021 07:12:20,14.97,,,
1976,07/08/2021 07:17:20,15.27,,,
1977,07/08/2021 07:22:20,15.74,,,
1978,07/08/2021 07:27:20,16.13,,,
1979,07/08/2021 07:32:20,16.56,,,
1980,07/08/2021 07:37:20,16.90,,,
1981,07/08/2021 07:42:20,17.24,,,
1982,07/08/2021 07:47:20,17.50,,,
1983,07/08/2021 07:52:20,17.72,,,
1984,07/08/2021 07:57:20,17.97,,,
1985,07/08/2021 08:02:20,18.23,,,
1986,07/08/2021 08:07:20,18.40,,,
1987,07/08/2021 08:12:20,18.57,,,
1988,07/08/2021 08:17:20,18.74,,,
1989,07/08/2021 08:22:20,18.87,,,
1990,07/08/2021 08:27:20,19.00,,,
1991,07/08/2021 08:32:20,19.13,,,
1992,07/08/2021 08:37:20,19.22,,,
1993,07/08/2021 08:42:20,19.35,,,
1994,07/08/2021 08:47:20,19.47,,,
1995,07/08/2021 08:52:20,19.60,,,
1996,07/08/2021 08:57:20,19.77,,,
1997,07/08/2021 09:02:20,19.86,,,
1998,07/08/2021 09:06:54,,Logged,,
1999,07/08/2021 09:07:20,21.79,,,
2000,07/08/2021 09:07:31,,,Logged,Logged
