#,Date-Time (PDT),Ch:1 - Temperature   (Â°C),Button Down,Button Up,Host Connected,End of File
1,05/13/2022 09:57:46,29.47,,,,
2,05/13/2022 10:02:46,25.22,,,,
3,05/13/2022 10:07:46,23.38,,,,
4,05/13/2022 10:12:46,22.73,,,,
5,05/13/2022 10:17:46,22.52,,,,
6,05/13/2022 10:22:46,22.52,,,,
7,05/13/2022 10:27:46,22.35,,,,
8,05/13/2022 10:32:46,22.52,,,,
9,05/13/2022 10:37:46,22.65,,,,
10,05/13/2022 10:42:46,22.95,,,,
11,05/13/2022 10:47:46,23.03,,,,
12,05/13/2022 10:52:46,23.16,,,,
13,05/13/2022 10:57:46,23.42,,,,
14,05/13/2022 11:02:46,23.51,,,,
15,05/13/2022 11:07:46,23.72,,,,
16,05/13/2022 11:12:46,23.64,,,,
17,05/13/2022 11:17:46,23.72,,,,
18,05/13/2022 11:22:46,24.02,,,,
19,05/13/2022 11:27:46,24.28,,,,
20,05/13/2022 11:32:46,24.19,,,,
21,05/13/2022 11:37:46,24.58,,,,
22,05/13/2022 11:42:46,24.75,,,,
23,05/13/2022 11:47:46,24.88,,,,
24,05/13/2022 11:52:46,25.05,,,,
25,05/13/2022 11:57:46,25.31,,,,
26,05/13/2022 12:02:46,25.27,,,,
27,05/13/2022 12:07:46,25.31,,,,
28,05/13/2022 12:12:46,25.52,,,,
29,05/13/2022 12:17:46,25.91,,,,
30,05/13/2022 12:22:46,26.08,,,,
31,05/13/2022 12:27:46,26.17,,,,
32,05/13/2022 12:32:46,26.25,,,,
33,05/13/2022 12:37:46,26.60,,,,
34,05/13/2022 12:42:46,26.60,,,,
35,05/13/2022 12:47:46,26.68,,,,
36,05/13/2022 12:52:46,26.94,,,,
37,05/13/2022 12:57:46,27.20,,,,
38,05/13/2022 13:02:46,27.15,,,,
39,05/13/2022 13:07:46,27.37,,,,
40,05/13/2022 13:12:46,27.50,,,,
41,05/13/2022 13:17:46,27.45,,,,
42,05/13/2022 13:22:46,27.63,,,,
43,05/13/2022 13:27:46,27.88,,,,
44,05/13/2022 13:32:46,28.10,,,,
45,05/13/2022 13:37:46,28.40,,,,
46,05/13/2022 13:42:46,28.48,,,,
47,05/13/2022 13:47:46,28.61,,,,
48,05/13/2022 13:52:46,28.78,,,,
49,05/13/2022 13:57:46,29.00,,,,
50,05/13/2022 14:02:46,29.21,,,,
51,05/13/2022 14:07:46,29.43,,,,
52,05/13/2022 14:12:46,29.34,,,,
53,05/13/2022 14:17:46,29.68,,,,
54,05/13/2022 14:22:46,29.51,,,,
55,05/13/2022 14:27:46,30.03,,,,
56,05/13/2022 14:32:46,30.37,,,,
57,05/13/2022 14:37:46,30.37,,,,
58,05/13/2022 14:42:46,30.59,,,,
59,05/13/2022 14:47:46,30.89,,,,
60,05/13/2022 14:52:46,31.19,,,,
61,05/13/2022 14:57:46,31.36,,,,
62,05/13/2022 15:02:46,31.66,,,,
63,05/13/2022 15:07:46,31.79,,,,
64,05/13/2022 15:12:46,31.57,,,,
65,05/13/2022 15:17:46,31.57,,,,
66,05/13/2022 15:22:46,31.74,,,,
67,05/13/2022 15:27:46,31.92,,,,
68,05/13/2022 15:32:46,32.04,,,,
69,05/13/2022 15:37:46,32.39,,,,
70,05/13/2022 15:42:46,32.56,,,,
71,05/13/2022 15:47:46,32.82,,,,
72,05/13/2022 15:52:46,32.99,,,,
73,05/13/2022 15:57:46,32.82,,,,
74,05/13/2022 16:02:46,32.90,,,,
75,05/13/2022 16:07:46,32.69,,,,
76,05/13/2022 16:12:46,33.16,,,,
77,05/13/2022 16:17:46,33.67,,,,
78,05/13/2022 16:22:46,34.02,,,,
79,05/13/2022 16:27:46,33.50,,,,
80,05/13/2022 16:32:46,33.42,,,,
81,05/13/2022 16:37:46,33.80,,,,
82,05/13/2022 16:42:46,34.10,,,,
83,05/13/2022 16:47:46,34.23,,,,
84,05/13/2022 16:52:46,34.40,,,,
85,05/13/2022 16:57:46,34.32,,,,
86,05/13/2022 17:02:46,34.06,,,,
87,05/13/2022 17:07:46,34.02,,,,
88,05/13/2022 17:12:46,34.19,,,,
89,05/13/2022 17:17:46,34.45,,,,
90,05/13/2022 17:22:46,34.83,,,,
91,05/13/2022 17:27:46,34.62,,,,
92,05/13/2022 17:32:46,34.32,,,,
93,05/13/2022 17:37:46,33.72,,,,
94,05/13/2022 17:42:46,33.37,,,,
95,05/13/2022 17:47:46,33.37,,,,
96,05/13/2022 17:52:46,33.07,,,,
97,05/13/2022 17:57:46,32.82,,,,
98,05/13/2022 18:02:46,32.60,,,,
99,05/13/2022 18:07:46,32.26,,,,
100,05/13/2022 18:12:46,32.00,,,,
101,05/13/2022 18:17:46,32.13,,,,
102,05/13/2022 18:22:46,32.13,,,,
103,05/13/2022 18:27:46,31.70,,,,
104,05/13/2022 18:32:46,31.01,,,,
105,05/13/2022 18:37:46,30.54,,,,
106,05/13/2022 18:42:46,29.98,,,,
107,05/13/2022 18:47:46,29.51,,,,
108,05/13/2022 18:52:46,29.26,,,,
109,05/13/2022 18:57:46,28.95,,,,
110,05/13/2022 19:02:46,28.74,,,,
111,05/13/2022 19:07:46,28.61,,,,
112,05/13/2022 19:12:46,28.35,,,,
113,05/13/2022 19:17:46,28.23,,,,
114,05/13/2022 19:22:46,28.05,,,,
115,05/13/2022 19:27:46,27.97,,,,
116,05/13/2022 19:32:46,27.88,,,,
117,05/13/2022 19:37:46,27.63,,,,
118,05/13/2022 19:42:46,27.32,,,,
119,05/13/2022 19:47:46,27.11,,,,
120,05/13/2022 19:52:46,26.81,,,,
121,05/13/2022 19:57:46,26.42,,,,
122,05/13/2022 20:02:46,26.04,,,,
123,05/13/2022 20:07:46,25.61,,,,
124,05/13/2022 20:12:46,25.01,,,,
125,05/13/2022 20:17:46,24.36,,,,
126,05/13/2022 20:22:46,23.76,,,,
127,05/13/2022 20:27:46,23.38,,,,
128,05/13/2022 20:32:46,22.99,,,,
129,05/13/2022 20:37:46,22.61,,,,
130,05/13/2022 20:42:46,22.31,,,,
131,05/13/2022 20:47:46,21.96,,,,
132,05/13/2022 20:52:46,21.66,,,,
133,05/13/2022 20:57:46,21.45,,,,
134,05/13/2022 21:02:46,21.19,,,,
135,05/13/2022 21:07:46,20.85,,,,
136,05/13/2022 21:12:46,20.63,,,,
137,05/13/2022 21:17:46,20.42,,,,
138,05/13/2022 21:22:46,20.25,,,,
139,05/13/2022 21:27:46,19.99,,,,
140,05/13/2022 21:32:46,19.86,,,,
141,05/13/2022 21:37:46,19.65,,,,
142,05/13/2022 21:42:46,19.47,,,,
143,05/13/2022 21:47:46,19.35,,,,
144,05/13/2022 21:52:46,19.17,,,,
145,05/13/2022 21:57:46,19.09,,,,
146,05/13/2022 22:02:46,19.05,,,,
147,05/13/2022 22:07:46,19.00,,,,
148,05/13/2022 22:12:46,19.05,,,,
149,05/13/2022 22:17:46,19.00,,,,
150,05/13/2022 22:22:46,18.87,,,,
151,05/13/2022 22:27:46,18.83,,,,
152,05/13/2022 22:32:46,18.74,,,,
153,05/13/2022 22:37:46,18.66,,,,
154,05/13/2022 22:42:46,18.44,,,,
155,05/13/2022 22:47:46,18.32,,,,
156,05/13/2022 22:52:46,18.19,,,,
157,05/13/2022 22:57:46,18.02,,,,
158,05/13/2022 23:02:46,17.89,,,,
159,05/13/2022 23:07:46,17.67,,,,
160,05/13/2022 23:12:46,17.50,,,,
161,05/13/2022 23:17:46,17.37,,,,
162,05/13/2022 23:22:46,17.07,,,,
163,05/13/2022 23:27:46,16.86,,,,
164,05/13/2022 23:32:46,16.64,,,,
165,05/13/2022 23:37:46,16.34,,,,
166,05/13/2022 23:42:46,16.21,,,,
167,05/13/2022 23:47:46,16.04,,,,
168,05/13/2022 23:52:46,15.78,,,,
169,05/13/2022 23:57:46,15.70,,,,
170,05/14/2022 00:02:46,15.61,,,,
171,05/14/2022 00:07:46,15.48,,,,
172,05/14/2022 00:12:46,15.31,,,,
173,05/14/2022 00:17:46,15.23,,,,
174,05/14/2022 00:22:46,15.23,,,,
175,05/14/2022 00:27:46,15.18,,,,
176,05/14/2022 00:32:46,15.10,,,,
177,05/14/2022 00:37:46,15.14,,,,
178,05/14/2022 00:42:46,14.97,,,,
179,05/14/2022 00:47:46,14.80,,,,
180,05/14/2022 00:52:46,14.63,,,,
181,05/14/2022 00:57:46,14.50,,,,
182,05/14/2022 01:02:46,14.37,,,,
183,05/14/2022 01:07:46,14.15,,,,
184,05/14/2022 01:12:46,14.03,,,,
185,05/14/2022 01:17:46,13.85,,,,
186,05/14/2022 01:22:46,13.73,,,,
187,05/14/2022 01:27:46,13.64,,,,
188,05/14/2022 01:32:46,13.73,,,,
189,05/14/2022 01:37:46,13.90,,,,
190,05/14/2022 01:42:46,13.77,,,,
191,05/14/2022 01:47:46,13.68,,,,
192,05/14/2022 01:52:46,13.60,,,,
193,05/14/2022 01:57:46,13.47,,,,
194,05/14/2022 02:02:46,13.38,,,,
195,05/14/2022 02:07:46,13.47,,,,
196,05/14/2022 02:12:46,13.64,,,,
197,05/14/2022 02:17:46,13.47,,,,
198,05/14/2022 02:22:46,13.30,,,,
199,05/14/2022 02:27:46,13.08,,,,
200,05/14/2022 02:32:46,12.95,,,,
201,05/14/2022 02:37:46,12.74,,,,
202,05/14/2022 02:42:46,12.61,,,,
203,05/14/2022 02:47:46,12.44,,,,
204,05/14/2022 02:52:46,12.40,,,,
205,05/14/2022 02:57:46,12.35,,,,
206,05/14/2022 03:02:46,12.31,,,,
207,05/14/2022 03:07:46,12.40,,,,
208,05/14/2022 03:12:46,12.31,,,,
209,05/14/2022 03:17:46,12.35,,,,
210,05/14/2022 03:22:46,12.48,,,,
211,05/14/2022 03:27:46,12.57,,,,
212,05/14/2022 03:32:46,12.40,,,,
213,05/14/2022 03:37:46,12.27,,,,
214,05/14/2022 03:42:46,12.18,,,,
215,05/14/2022 03:47:46,12.10,,,,
216,05/14/2022 03:52:46,12.01,,,,
217,05/14/2022 03:57:46,11.92,,,,
218,05/14/2022 04:02:46,11.79,,,,
219,05/14/2022 04:07:46,11.84,,,,
220,05/14/2022 04:12:46,11.84,,,,
221,05/14/2022 04:17:46,11.79,,,,
222,05/14/2022 04:22:46,11.79,,,,
223,05/14/2022 04:27:46,11.97,,,,
224,05/14/2022 04:32:46,12.14,,,,
225,05/14/2022 04:37:46,12.22,,,,
226,05/14/2022 04:42:46,12.27,,,,
227,05/14/2022 04:47:46,12.40,,,,
228,05/14/2022 04:52:46,12.44,,,,
229,05/14/2022 04:57:46,12.35,,,,
230,05/14/2022 05:02:46,12.22,,,,
231,05/14/2022 05:07:46,12.05,,,,
232,05/14/2022 05:12:46,11.88,,,,
233,05/14/2022 05:17:46,11.67,,,,
234,05/14/2022 05:22:46,11.58,,,,
235,05/14/2022 05:27:46,11.49,,,,
236,05/14/2022 05:32:46,11.41,,,,
237,05/14/2022 05:37:46,11.28,,,,
238,05/14/2022 05:42:46,11.28,,,,
239,05/14/2022 05:47:46,11.19,,,,
240,05/14/2022 05:52:46,11.28,,,,
241,05/14/2022 05:57:46,11.37,,,,
242,05/14/2022 06:02:46,11.49,,,,
243,05/14/2022 06:07:46,11.49,,,,
244,05/14/2022 06:12:46,11.58,,,,
245,05/14/2022 06:17:46,11.54,,,,
246,05/14/2022 06:22:46,11.49,,,,
247,05/14/2022 06:27:46,11.45,,,,
248,05/14/2022 06:32:46,11.49,,,,
249,05/14/2022 06:37:46,11.62,,,,
250,05/14/2022 06:42:46,11.75,,,,
251,05/14/2022 06:47:46,12.01,,,,
252,05/14/2022 06:52:46,12.35,,,,
253,05/14/2022 06:57:46,12.74,,,,
254,05/14/2022 07:02:46,13.30,,,,
255,05/14/2022 07:07:46,13.98,,,,
256,05/14/2022 07:12:46,14.67,,,,
257,05/14/2022 07:17:46,15.14,,,,
258,05/14/2022 07:22:46,15.61,,,,
259,05/14/2022 07:27:46,15.91,,,,
260,05/14/2022 07:32:46,16.39,,,,
261,05/14/2022 07:37:46,16.69,,,,
262,05/14/2022 07:42:46,17.11,,,,
263,05/14/2022 07:47:46,17.50,,,,
264,05/14/2022 07:52:46,17.89,,,,
265,05/14/2022 07:57:46,18.23,,,,
266,05/14/2022 08:02:46,18.57,,,,
267,05/14/2022 08:07:46,18.92,,,,
268,05/14/2022 08:12:46,19.35,,,,
269,05/14/2022 08:17:46,19.77,,,,
270,05/14/2022 08:22:46,20.03,,,,
271,05/14/2022 08:27:46,20.29,,,,
272,05/14/2022 08:32:46,20.50,,,,
273,05/14/2022 08:37:46,20.72,,,,
274,05/14/2022 08:42:46,20.93,,,,
275,05/14/2022 08:47:46,21.15,,,,
276,05/14/2022 08:52:46,21.53,,,,
277,05/14/2022 08:57:46,21.92,,,,
278,05/14/2022 09:02:46,22.18,,,,
279,05/14/2022 09:07:46,22.52,,,,
280,05/14/2022 09:12:46,22.91,,,,
281,05/14/2022 09:17:46,23.29,,,,
282,05/14/2022 09:22:46,23.59,,,,
283,05/14/2022 09:27:46,23.85,,,,
284,05/14/2022 09:32:46,24.06,,,,
285,05/14/2022 09:37:46,24.24,,,,
286,05/14/2022 09:42:46,24.45,,,,
287,05/14/2022 09:47:46,24.71,,,,
288,05/14/2022 09:52:46,24.79,,,,
289,05/14/2022 09:57:46,24.88,,,,
290,05/14/2022 10:02:46,25.22,,,,
291,05/14/2022 10:07:46,25.35,,,,
292,05/14/2022 10:12:46,25.52,,,,
293,05/14/2022 10:17:46,25.69,,,,
294,05/14/2022 10:22:46,25.74,,,,
295,05/14/2022 10:27:46,25.91,,,,
296,05/14/2022 10:32:46,25.87,,,,
297,05/14/2022 10:37:46,26.17,,,,
298,05/14/2022 10:42:46,26.30,,,,
299,05/14/2022 10:47:46,26.34,,,,
300,05/14/2022 10:52:46,26.25,,,,
301,05/14/2022 10:57:46,26.47,,,,
302,05/14/2022 11:02:46,26.60,,,,
303,05/14/2022 11:07:46,26.68,,,,
304,05/14/2022 11:12:46,26.81,,,,
305,05/14/2022 11:17:46,27.02,,,,
306,05/14/2022 11:22:46,27.24,,,,
307,05/14/2022 11:27:46,27.41,,,,
308,05/14/2022 11:32:46,27.37,,,,
309,05/14/2022 11:37:46,27.41,,,,
310,05/14/2022 11:42:46,27.71,,,,
311,05/14/2022 11:47:46,27.88,,,,
312,05/14/2022 11:52:46,27.93,,,,
313,05/14/2022 11:57:46,27.97,,,,
314,05/14/2022 12:02:46,28.10,,,,
315,05/14/2022 12:07:46,28.31,,,,
316,05/14/2022 12:12:46,28.53,,,,
317,05/14/2022 12:17:46,28.40,,,,
318,05/14/2022 12:22:46,28.53,,,,
319,05/14/2022 12:27:46,28.57,,,,
320,05/14/2022 12:32:46,28.95,,,,
321,05/14/2022 12:37:46,29.04,,,,
322,05/14/2022 12:42:46,29.08,,,,
323,05/14/2022 12:47:46,29.00,,,,
324,05/14/2022 12:52:46,29.13,,,,
325,05/14/2022 12:57:46,29.47,,,,
326,05/14/2022 13:02:46,29.51,,,,
327,05/14/2022 13:07:46,29.68,,,,
328,05/14/2022 13:12:46,30.07,,,,
329,05/14/2022 13:17:46,30.16,,,,
330,05/14/2022 13:22:46,30.24,,,,
331,05/14/2022 13:27:46,30.37,,,,
332,05/14/2022 13:32:46,30.59,,,,
333,05/14/2022 13:37:46,30.63,,,,
334,05/14/2022 13:42:46,30.84,,,,
335,05/14/2022 13:47:46,31.06,,,,
336,05/14/2022 13:52:46,31.19,,,,
337,05/14/2022 13:57:46,31.40,,,,
338,05/14/2022 14:02:46,31.31,,,,
339,05/14/2022 14:07:46,31.44,,,,
340,05/14/2022 14:12:46,31.70,,,,
341,05/14/2022 14:17:46,32.00,,,,
342,05/14/2022 14:22:46,32.34,,,,
343,05/14/2022 14:27:46,32.56,,,,
344,05/14/2022 14:32:46,32.69,,,,
345,05/14/2022 14:37:46,32.90,,,,
346,05/14/2022 14:42:46,33.16,,,,
347,05/14/2022 14:47:46,33.46,,,,
348,05/14/2022 14:52:46,33.76,,,,
349,05/14/2022 14:57:46,33.97,,,,
350,05/14/2022 15:02:46,34.45,,,,
351,05/14/2022 15:07:46,34.96,,,,
352,05/14/2022 15:12:46,35.05,,,,
353,05/14/2022 15:17:46,35.18,,,,
354,05/14/2022 15:22:46,35.39,,,,
355,05/14/2022 15:27:46,35.22,,,,
356,05/14/2022 15:32:46,35.13,,,,
357,05/14/2022 15:37:46,35.22,,,,
358,05/14/2022 15:42:46,35.35,,,,
359,05/14/2022 15:47:46,35.65,,,,
360,05/14/2022 15:52:46,35.95,,,,
361,05/14/2022 15:57:46,36.03,,,,
362,05/14/2022 16:02:46,36.46,,,,
363,05/14/2022 16:07:46,36.59,,,,
364,05/14/2022 16:12:46,36.63,,,,
365,05/14/2022 16:17:46,36.29,,,,
366,05/14/2022 16:22:46,36.33,,,,
367,05/14/2022 16:27:46,36.33,,,,
368,05/14/2022 16:32:46,36.55,,,,
369,05/14/2022 16:37:46,36.68,,,,
370,05/14/2022 16:42:46,37.15,,,,
371,05/14/2022 16:47:46,37.32,,,,
372,05/14/2022 16:52:46,37.54,,,,
373,05/14/2022 16:57:46,37.23,,,,
374,05/14/2022 17:02:46,37.02,,,,
375,05/14/2022 17:07:46,37.06,,,,
376,05/14/2022 17:12:46,37.02,,,,
377,05/14/2022 17:17:46,37.45,,,,
378,05/14/2022 17:22:46,37.36,,,,
379,05/14/2022 17:27:46,37.36,,,,
380,05/14/2022 17:32:46,37.02,,,,
381,05/14/2022 17:37:46,36.89,,,,
382,05/14/2022 17:42:46,36.93,,,,
383,05/14/2022 17:47:46,37.06,,,,
384,05/14/2022 17:52:46,37.15,,,,
385,05/14/2022 17:57:46,37.36,,,,
386,05/14/2022 18:02:46,37.58,,,,
387,05/14/2022 18:07:46,37.58,,,,
388,05/14/2022 18:12:46,37.41,,,,
389,05/14/2022 18:17:46,37.36,,,,
390,05/14/2022 18:22:46,37.54,,,,
391,05/14/2022 18:27:46,37.75,,,,
392,05/14/2022 18:32:46,37.49,,,,
393,05/14/2022 18:37:46,37.15,,,,
394,05/14/2022 18:42:46,37.11,,,,
395,05/14/2022 18:47:46,36.98,,,,
396,05/14/2022 18:52:46,36.63,,,,
397,05/14/2022 18:57:46,36.76,,,,
398,05/14/2022 19:02:46,37.06,,,,
399,05/14/2022 19:07:46,37.23,,,,
400,05/14/2022 19:12:46,37.32,,,,
401,05/14/2022 19:17:46,37.36,,,,
402,05/14/2022 19:22:46,37.28,,,,
403,05/14/2022 19:27:46,37.19,,,,
404,05/14/2022 19:32:46,36.93,,,,
405,05/14/2022 19:37:46,36.76,,,,
406,05/14/2022 19:42:46,36.51,,,,
407,05/14/2022 19:47:46,36.21,,,,
408,05/14/2022 19:52:46,35.69,,,,
409,05/14/2022 19:57:46,35.18,,,,
410,05/14/2022 20:02:46,34.40,,,,
411,05/14/2022 20:07:46,33.55,,,,
412,05/14/2022 20:12:46,32.56,,,,
413,05/14/2022 20:17:46,31.44,,,,
414,05/14/2022 20:22:46,30.28,,,,
415,05/14/2022 20:27:46,29.17,,,,
416,05/14/2022 20:32:46,28.05,,,,
417,05/14/2022 20:37:46,27.07,,,,
418,05/14/2022 20:42:46,26.25,,,,
419,05/14/2022 20:47:46,25.57,,,,
420,05/14/2022 20:52:46,24.92,,,,
421,05/14/2022 20:57:46,24.32,,,,
422,05/14/2022 21:02:46,23.72,,,,
423,05/14/2022 21:07:46,23.21,,,,
424,05/14/2022 21:12:46,22.69,,,,
425,05/14/2022 21:17:46,22.39,,,,
426,05/14/2022 21:22:46,22.39,,,,
427,05/14/2022 21:27:46,22.05,,,,
428,05/14/2022 21:32:46,21.75,,,,
429,05/14/2022 21:37:46,21.36,,,,
430,05/14/2022 21:42:46,20.98,,,,
431,05/14/2022 21:47:46,20.68,,,,
432,05/14/2022 21:52:46,20.42,,,,
433,05/14/2022 21:57:46,20.16,,,,
434,05/14/2022 22:02:46,19.86,,,,
435,05/14/2022 22:07:46,19.73,,,,
436,05/14/2022 22:12:46,19.65,,,,
437,05/14/2022 22:17:46,19.52,,,,
438,05/14/2022 22:22:46,19.30,,,,
439,05/14/2022 22:27:46,19.17,,,,
440,05/14/2022 22:32:46,19.09,,,,
441,05/14/2022 22:37:46,19.05,,,,
442,05/14/2022 22:42:46,18.83,,,,
443,05/14/2022 22:47:46,18.66,,,,
444,05/14/2022 22:52:46,18.40,,,,
445,05/14/2022 22:57:46,18.19,,,,
446,05/14/2022 23:02:46,17.93,,,,
447,05/14/2022 23:07:46,17.76,,,,
448,05/14/2022 23:12:46,17.50,,,,
449,05/14/2022 23:17:46,17.29,,,,
450,05/14/2022 23:22:46,16.99,,,,
451,05/14/2022 23:27:46,16.81,,,,
452,05/14/2022 23:32:46,16.60,,,,
453,05/14/2022 23:37:46,16.47,,,,
454,05/14/2022 23:42:46,16.39,,,,
455,05/14/2022 23:47:46,16.17,,,,
456,05/14/2022 23:52:46,16.08,,,,
457,05/14/2022 23:57:46,16.00,,,,
458,05/15/2022 00:02:46,16.00,,,,
459,05/15/2022 00:07:46,15.96,,,,
460,05/15/2022 00:12:46,15.87,,,,
461,05/15/2022 00:17:46,15.78,,,,
462,05/15/2022 00:22:46,15.70,,,,
463,05/15/2022 00:27:46,15.61,,,,
464,05/15/2022 00:32:46,15.40,,,,
465,05/15/2022 00:37:46,15.27,,,,
466,05/15/2022 00:42:46,15.23,,,,
467,05/15/2022 00:47:46,15.31,,,,
468,05/15/2022 00:52:46,15.36,,,,
469,05/15/2022 00:57:46,15.27,,,,
470,05/15/2022 01:02:46,15.23,,,,
471,05/15/2022 01:07:46,15.14,,,,
472,05/15/2022 01:12:46,15.06,,,,
473,05/15/2022 01:17:46,14.93,,,,
474,05/15/2022 01:22:46,14.84,,,,
475,05/15/2022 01:27:46,14.75,,,,
476,05/15/2022 01:32:46,14.71,,,,
477,05/15/2022 01:37:46,14.58,,,,
478,05/15/2022 01:42:46,14.58,,,,
479,05/15/2022 01:47:46,14.58,,,,
480,05/15/2022 01:52:46,14.54,,,,
481,05/15/2022 01:57:46,14.45,,,,
482,05/15/2022 02:02:46,14.41,,,,
483,05/15/2022 02:07:46,14.41,,,,
484,05/15/2022 02:12:46,14.50,,,,
485,05/15/2022 02:17:46,14.45,,,,
486,05/15/2022 02:22:46,14.37,,,,
487,05/15/2022 02:27:46,14.33,,,,
488,05/15/2022 02:32:46,14.28,,,,
489,05/15/2022 02:37:46,14.20,,,,
490,05/15/2022 02:42:46,14.11,,,,
491,05/15/2022 02:47:46,14.11,,,,
492,05/15/2022 02:52:46,14.24,,,,
493,05/15/2022 02:57:46,14.37,,,,
494,05/15/2022 03:02:46,14.54,,,,
495,05/15/2022 03:07:46,14.63,,,,
496,05/15/2022 03:12:46,14.63,,,,
497,05/15/2022 03:17:46,14.63,,,,
498,05/15/2022 03:22:46,14.80,,,,
499,05/15/2022 03:27:46,14.75,,,,
500,05/15/2022 03:32:46,14.71,,,,
501,05/15/2022 03:37:46,14.58,,,,
502,05/15/2022 03:42:46,14.58,,,,
503,05/15/2022 03:47:46,14.67,,,,
504,05/15/2022 03:52:46,14.63,,,,
505,05/15/2022 03:57:46,14.58,,,,
506,05/15/2022 04:02:46,14.50,,,,
507,05/15/2022 04:07:46,14.45,,,,
508,05/15/2022 04:12:46,14.33,,,,
509,05/15/2022 04:17:46,14.33,,,,
510,05/15/2022 04:22:46,14.33,,,,
511,05/15/2022 04:27:46,14.33,,,,
512,05/15/2022 04:32:46,14.15,,,,
513,05/15/2022 04:37:46,14.11,,,,
514,05/15/2022 04:42:46,14.03,,,,
515,05/15/2022 04:47:46,13.94,,,,
516,05/15/2022 04:52:46,13.81,,,,
517,05/15/2022 04:57:46,13.81,,,,
518,05/15/2022 05:02:46,13.81,,,,
519,05/15/2022 05:07:46,13.68,,,,
520,05/15/2022 05:12:46,13.60,,,,
521,05/15/2022 05:17:46,13.51,,,,
522,05/15/2022 05:22:46,13.43,,,,
523,05/15/2022 05:27:46,13.30,,,,
524,05/15/2022 05:32:46,13.12,,,,
525,05/15/2022 05:37:46,13.00,,,,
526,05/15/2022 05:42:46,12.91,,,,
527,05/15/2022 05:47:46,12.82,,,,
528,05/15/2022 05:52:46,12.82,,,,
529,05/15/2022 05:57:46,12.70,,,,
530,05/15/2022 06:02:46,12.57,,,,
531,05/15/2022 06:07:46,12.48,,,,
532,05/15/2022 06:12:46,12.44,,,,
533,05/15/2022 06:17:46,12.48,,,,
534,05/15/2022 06:22:46,12.57,,,,
535,05/15/2022 06:27:46,12.61,,,,
536,05/15/2022 06:32:46,12.74,,,,
537,05/15/2022 06:37:46,12.91,,,,
538,05/15/2022 06:42:46,13.17,,,,
539,05/15/2022 06:47:46,13.51,,,,
540,05/15/2022 06:52:46,13.90,,,,
541,05/15/2022 06:57:46,14.45,,,,
542,05/15/2022 07:02:46,14.97,,,,
543,05/15/2022 07:07:46,15.36,,,,
544,05/15/2022 07:12:46,15.78,,,,
545,05/15/2022 07:17:46,16.30,,,,
546,05/15/2022 07:22:46,16.90,,,,
547,05/15/2022 07:27:46,17.37,,,,
548,05/15/2022 07:32:46,17.89,,,,
549,05/15/2022 07:37:46,18.44,,,,
550,05/15/2022 07:42:46,18.74,,,,
551,05/15/2022 07:47:46,19.13,,,,
552,05/15/2022 07:52:46,19.43,,,,
553,05/15/2022 07:57:46,19.77,,,,
554,05/15/2022 08:02:46,20.12,,,,
555,05/15/2022 08:07:46,20.72,,,,
556,05/15/2022 08:12:46,21.23,,,,
557,05/15/2022 08:17:46,21.66,,,,
558,05/15/2022 08:22:46,21.92,,,,
559,05/15/2022 08:27:46,22.13,,,,
560,05/15/2022 08:32:46,22.43,,,,
561,05/15/2022 08:37:46,22.78,,,,
562,05/15/2022 08:42:46,23.08,,,,
563,05/15/2022 08:47:46,23.42,,,,
564,05/15/2022 08:52:46,23.72,,,,
565,05/15/2022 08:57:46,24.11,,,,
566,05/15/2022 09:02:46,24.32,,,,
567,05/15/2022 09:07:46,24.58,,,,
568,05/15/2022 09:12:46,24.88,,,,
569,05/15/2022 09:17:46,25.14,,,,
570,05/15/2022 09:22:46,25.39,,,,
571,05/15/2022 09:27:46,25.57,,,,
572,05/15/2022 09:32:46,25.74,,,,
573,05/15/2022 09:37:46,25.87,,,,
574,05/15/2022 09:42:46,26.12,,,,
575,05/15/2022 09:47:46,26.25,,,,
576,05/15/2022 09:52:46,26.38,,,,
577,05/15/2022 09:57:46,26.85,,,,
578,05/15/2022 10:02:46,27.45,,,,
579,05/15/2022 10:07:46,27.63,,,,
580,05/15/2022 10:12:46,27.93,,,,
581,05/15/2022 10:17:46,28.27,,,,
582,05/15/2022 10:22:46,28.44,,,,
583,05/15/2022 10:27:46,28.65,,,,
584,05/15/2022 10:32:46,28.83,,,,
585,05/15/2022 10:37:46,29.04,,,,
586,05/15/2022 10:42:46,29.13,,,,
587,05/15/2022 10:47:46,29.26,,,,
588,05/15/2022 10:52:46,29.47,,,,
589,05/15/2022 10:57:46,29.73,,,,
590,05/15/2022 11:02:46,29.94,,,,
591,05/15/2022 11:07:46,30.07,,,,
592,05/15/2022 11:12:46,30.16,,,,
593,05/15/2022 11:17:46,30.46,,,,
594,05/15/2022 11:22:46,30.54,,,,
595,05/15/2022 11:27:46,30.84,,,,
596,05/15/2022 11:32:46,30.93,,,,
597,05/15/2022 11:37:46,30.97,,,,
598,05/15/2022 11:42:46,31.01,,,,
599,05/15/2022 11:47:46,31.19,,,,
600,05/15/2022 11:52:46,31.19,,,,
601,05/15/2022 11:57:46,31.31,,,,
602,05/15/2022 12:02:46,31.57,,,,
603,05/15/2022 12:07:46,31.66,,,,
604,05/15/2022 12:12:46,31.83,,,,
605,05/15/2022 12:17:46,32.00,,,,
606,05/15/2022 12:22:46,32.09,,,,
607,05/15/2022 12:27:46,32.26,,,,
608,05/15/2022 12:32:46,32.30,,,,
609,05/15/2022 12:37:46,32.39,,,,
610,05/15/2022 12:42:46,32.34,,,,
611,05/15/2022 12:47:46,32.64,,,,
612,05/15/2022 12:52:46,32.69,,,,
613,05/15/2022 12:57:46,32.82,,,,
614,05/15/2022 13:02:46,32.94,,,,
615,05/15/2022 13:07:46,33.03,,,,
616,05/15/2022 13:12:46,33.12,,,,
617,05/15/2022 13:17:46,33.16,,,,
618,05/15/2022 13:22:46,33.29,,,,
619,05/15/2022 13:27:46,33.37,,,,
620,05/15/2022 13:32:46,33.37,,,,
621,05/15/2022 13:37:46,33.29,,,,
622,05/15/2022 13:42:46,33.29,,,,
623,05/15/2022 13:47:46,33.42,,,,
624,05/15/2022 13:52:46,33.50,,,,
625,05/15/2022 13:57:46,33.55,,,,
626,05/15/2022 14:02:46,33.46,,,,
627,05/15/2022 14:07:46,33.67,,,,
628,05/15/2022 14:12:46,33.76,,,,
629,05/15/2022 14:17:46,32.99,,,,
630,05/15/2022 14:22:46,32.77,,,,
631,05/15/2022 14:27:46,33.25,,,,
632,05/15/2022 14:32:46,33.55,,,,
633,05/15/2022 14:37:46,34.15,,,,
634,05/15/2022 14:42:46,34.45,,,,
635,05/15/2022 14:47:46,34.66,,,,
636,05/15/2022 14:52:46,35.00,,,,
637,05/15/2022 14:57:46,34.96,,,,
638,05/15/2022 15:02:46,34.45,,,,
639,05/15/2022 15:07:46,34.19,,,,
640,05/15/2022 15:12:46,33.63,,,,
641,05/15/2022 15:17:46,33.55,,,,
642,05/15/2022 15:22:46,33.50,,,,
643,05/15/2022 15:27:46,33.33,,,,
644,05/15/2022 15:32:46,33.25,,,,
645,05/15/2022 15:37:46,33.16,,,,
646,05/15/2022 15:42:46,33.07,,,,
647,05/15/2022 15:47:46,32.90,,,,
648,05/15/2022 15:52:46,32.99,,,,
649,05/15/2022 15:57:46,33.12,,,,
650,05/15/2022 16:02:46,33.20,,,,
651,05/15/2022 16:07:46,33.33,,,,
652,05/15/2022 16:12:46,33.42,,,,
653,05/15/2022 16:17:46,33.20,,,,
654,05/15/2022 16:22:46,33.16,,,,
655,05/15/2022 16:27:46,33.07,,,,
656,05/15/2022 16:32:46,32.99,,,,
657,05/15/2022 16:37:46,33.20,,,,
658,05/15/2022 16:42:46,33.89,,,,
659,05/15/2022 16:47:46,34.15,,,,
660,05/15/2022 16:52:46,33.97,,,,
661,05/15/2022 16:57:46,33.67,,,,
662,05/15/2022 17:02:46,33.29,,,,
663,05/15/2022 17:07:46,33.20,,,,
664,05/15/2022 17:12:46,33.16,,,,
665,05/15/2022 17:17:46,33.25,,,,
666,05/15/2022 17:22:46,33.33,,,,
667,05/15/2022 17:27:46,33.50,,,,
668,05/15/2022 17:32:46,33.63,,,,
669,05/15/2022 17:37:46,33.89,,,,
670,05/15/2022 17:42:46,34.06,,,,
671,05/15/2022 17:47:46,33.97,,,,
672,05/15/2022 17:52:46,33.97,,,,
673,05/15/2022 17:57:46,33.80,,,,
674,05/15/2022 18:02:46,33.67,,,,
675,05/15/2022 18:07:46,32.47,,,,
676,05/15/2022 18:12:46,31.40,,,,
677,05/15/2022 18:17:46,30.80,,,,
678,05/15/2022 18:22:46,29.94,,,,
679,05/15/2022 18:27:46,29.04,,,,
680,05/15/2022 18:32:46,28.14,,,,
681,05/15/2022 18:37:46,27.54,,,,
682,05/15/2022 18:42:46,27.07,,,,
683,05/15/2022 18:47:46,26.72,,,,
684,05/15/2022 18:52:46,26.38,,,,
685,05/15/2022 18:57:46,26.08,,,,
686,05/15/2022 19:02:46,25.65,,,,
687,05/15/2022 19:07:46,25.31,,,,
688,05/15/2022 19:12:46,24.88,,,,
689,05/15/2022 19:17:46,24.58,,,,
690,05/15/2022 19:22:46,24.24,,,,
691,05/15/2022 19:27:46,23.94,,,,
692,05/15/2022 19:32:46,23.64,,,,
693,05/15/2022 19:37:46,23.34,,,,
694,05/15/2022 19:42:46,22.91,,,,
695,05/15/2022 19:47:46,22.65,,,,
696,05/15/2022 19:52:46,22.39,,,,
697,05/15/2022 19:57:46,22.13,,,,
698,05/15/2022 20:02:46,21.88,,,,
699,05/15/2022 20:07:46,21.62,,,,
700,05/15/2022 20:12:46,21.36,,,,
701,05/15/2022 20:17:46,21.10,,,,
702,05/15/2022 20:22:46,20.85,,,,
703,05/15/2022 20:27:46,20.59,,,,
704,05/15/2022 20:32:46,20.42,,,,
705,05/15/2022 20:37:46,20.16,,,,
706,05/15/2022 20:42:46,20.03,,,,
707,05/15/2022 20:47:46,19.95,,,,
708,05/15/2022 20:52:46,19.86,,,,
709,05/15/2022 20:57:46,19.77,,,,
710,05/15/2022 21:02:46,19.69,,,,
711,05/15/2022 21:07:46,19.56,,,,
712,05/15/2022 21:12:46,19.43,,,,
713,05/15/2022 21:17:46,19.26,,,,
714,05/15/2022 21:22:46,19.13,,,,
715,05/15/2022 21:27:46,18.96,,,,
716,05/15/2022 21:32:46,18.74,,,,
717,05/15/2022 21:37:46,18.53,,,,
718,05/15/2022 21:42:46,18.32,,,,
719,05/15/2022 21:47:46,18.14,,,,
720,05/15/2022 21:52:46,17.97,,,,
721,05/15/2022 21:57:46,17.80,,,,
722,05/15/2022 22:02:46,17.63,,,,
723,05/15/2022 22:07:46,17.41,,,,
724,05/15/2022 22:12:46,17.20,,,,
725,05/15/2022 22:17:46,17.07,,,,
726,05/15/2022 22:22:46,16.94,,,,
727,05/15/2022 22:27:46,16.77,,,,
728,05/15/2022 22:32:46,16.60,,,,
729,05/15/2022 22:37:46,16.51,,,,
730,05/15/2022 22:42:46,16.39,,,,
731,05/15/2022 22:47:46,16.21,,,,
732,05/15/2022 22:52:46,16.17,,,,
733,05/15/2022 22:57:46,16.00,,,,
734,05/15/2022 23:02:46,15.78,,,,
735,05/15/2022 23:07:46,15.74,,,,
736,05/15/2022 23:12:46,15.61,,,,
737,05/15/2022 23:17:46,15.53,,,,
738,05/15/2022 23:22:46,15.48,,,,
739,05/15/2022 23:27:46,15.40,,,,
740,05/15/2022 23:32:46,15.31,,,,
741,05/15/2022 23:37:46,15.18,,,,
742,05/15/2022 23:42:46,15.10,,,,
743,05/15/2022 23:47:46,15.01,,,,
744,05/15/2022 23:52:46,14.88,,,,
745,05/15/2022 23:57:46,14.80,,,,
746,05/16/2022 00:02:46,14.75,,,,
747,05/16/2022 00:07:46,14.67,,,,
748,05/16/2022 00:12:46,14.63,,,,
749,05/16/2022 00:17:46,14.58,,,,
750,05/16/2022 00:22:46,14.50,,,,
751,05/16/2022 00:27:46,14.41,,,,
752,05/16/2022 00:32:46,14.33,,,,
753,05/16/2022 00:37:46,14.28,,,,
754,05/16/2022 00:42:46,14.15,,,,
755,05/16/2022 00:47:46,14.20,,,,
756,05/16/2022 00:52:46,14.03,,,,
757,05/16/2022 00:57:46,14.03,,,,
758,05/16/2022 01:02:46,13.94,,,,
759,05/16/2022 01:07:46,13.90,,,,
760,05/16/2022 01:12:46,13.94,,,,
761,05/16/2022 01:17:46,13.90,,,,
762,05/16/2022 01:22:46,13.90,,,,
763,05/16/2022 01:27:46,13.81,,,,
764,05/16/2022 01:32:46,13.77,,,,
765,05/16/2022 01:37:46,13.64,,,,
766,05/16/2022 01:42:46,13.55,,,,
767,05/16/2022 01:47:46,13.43,,,,
768,05/16/2022 01:52:46,13.47,,,,
769,05/16/2022 01:57:46,13.43,,,,
770,05/16/2022 02:02:46,13.38,,,,
771,05/16/2022 02:07:46,13.30,,,,
772,05/16/2022 02:12:46,13.21,,,,
773,05/16/2022 02:17:46,13.12,,,,
774,05/16/2022 02:22:46,13.12,,,,
775,05/16/2022 02:27:46,13.04,,,,
776,05/16/2022 02:32:46,12.91,,,,
777,05/16/2022 02:37:46,12.78,,,,
778,05/16/2022 02:42:46,12.65,,,,
779,05/16/2022 02:47:46,12.52,,,,
780,05/16/2022 02:52:46,12.35,,,,
781,05/16/2022 02:57:46,12.31,,,,
782,05/16/2022 03:02:46,12.22,,,,
783,05/16/2022 03:07:46,12.14,,,,
784,05/16/2022 03:12:46,12.14,,,,
785,05/16/2022 03:17:46,12.14,,,,
786,05/16/2022 03:22:46,12.27,,,,
787,05/16/2022 03:27:46,12.40,,,,
788,05/16/2022 03:32:46,12.48,,,,
789,05/16/2022 03:37:46,12.61,,,,
790,05/16/2022 03:42:46,12.70,,,,
791,05/16/2022 03:47:46,12.74,,,,
792,05/16/2022 03:52:46,12.70,,,,
793,05/16/2022 03:57:46,12.65,,,,
794,05/16/2022 04:02:46,12.65,,,,
795,05/16/2022 04:07:46,12.65,,,,
796,05/16/2022 04:12:46,12.61,,,,
797,05/16/2022 04:17:46,12.52,,,,
798,05/16/2022 04:22:46,12.44,,,,
799,05/16/2022 04:27:46,12.40,,,,
800,05/16/2022 04:32:46,12.40,,,,
801,05/16/2022 04:37:46,12.40,,,,
802,05/16/2022 04:42:46,12.22,,,,
803,05/16/2022 04:47:46,12.18,,,,
804,05/16/2022 04:52:46,12.05,,,,
805,05/16/2022 04:57:46,11.88,,,,
806,05/16/2022 05:02:46,11.67,,,,
807,05/16/2022 05:07:46,11.49,,,,
808,05/16/2022 05:12:46,11.45,,,,
809,05/16/2022 05:17:46,11.45,,,,
810,05/16/2022 05:22:46,11.45,,,,
811,05/16/2022 05:27:46,11.49,,,,
812,05/16/2022 05:32:46,11.54,,,,
813,05/16/2022 05:37:46,11.54,,,,
814,05/16/2022 05:42:46,11.54,,,,
815,05/16/2022 05:47:46,11.41,,,,
816,05/16/2022 05:52:46,11.32,,,,
817,05/16/2022 05:57:46,11.24,,,,
818,05/16/2022 06:02:46,11.19,,,,
819,05/16/2022 06:07:46,11.07,,,,
820,05/16/2022 06:12:46,10.98,,,,
821,05/16/2022 06:17:46,10.85,,,,
822,05/16/2022 06:22:46,10.77,,,,
823,05/16/2022 06:27:46,10.68,,,,
824,05/16/2022 06:32:46,10.81,,,,
825,05/16/2022 06:37:46,11.11,,,,
826,05/16/2022 06:42:46,11.41,,,,
827,05/16/2022 06:47:46,11.67,,,,
828,05/16/2022 06:52:46,12.05,,,,
829,05/16/2022 06:57:46,12.31,,,,
830,05/16/2022 07:02:46,12.61,,,,
831,05/16/2022 07:07:46,12.91,,,,
832,05/16/2022 07:12:46,13.17,,,,
833,05/16/2022 07:17:46,13.55,,,,
834,05/16/2022 07:22:46,13.98,,,,
835,05/16/2022 07:27:46,14.28,,,,
836,05/16/2022 07:32:46,14.67,,,,
837,05/16/2022 07:37:46,15.01,,,,
838,05/16/2022 07:42:46,15.40,,,,
839,05/16/2022 07:47:46,15.87,,,,
840,05/16/2022 07:52:46,16.26,,,,
841,05/16/2022 07:57:46,16.43,,,,
842,05/16/2022 08:02:46,16.60,,,,
843,05/16/2022 08:07:46,16.73,,,,
844,05/16/2022 08:12:46,16.86,,,,
845,05/16/2022 08:17:46,16.86,,,,
846,05/16/2022 08:22:46,17.20,,,,
847,05/16/2022 08:27:46,17.50,,,,
848,05/16/2022 08:32:46,17.89,,,,
849,05/16/2022 08:37:46,18.14,,,,
850,05/16/2022 08:42:46,18.36,,,,
851,05/16/2022 08:47:46,18.70,,,,
852,05/16/2022 08:52:46,19.09,,,,
853,05/16/2022 08:57:46,19.47,,,,
854,05/16/2022 09:02:46,19.90,,,,
855,05/16/2022 09:07:46,20.29,,,,
856,05/16/2022 09:12:46,20.59,,,,
857,05/16/2022 09:17:46,21.06,,,,
858,05/16/2022 09:22:46,21.32,,,,
859,05/16/2022 09:27:46,21.49,,,,
860,05/16/2022 09:32:46,21.70,,,,
861,05/16/2022 09:37:46,21.75,,,,
862,05/16/2022 09:42:46,22.01,,,,
863,05/16/2022 09:47:46,22.39,,,,
864,05/16/2022 09:52:46,22.65,,,,
865,05/16/2022 09:57:46,23.03,,,,
866,05/16/2022 10:02:46,23.29,,,,
867,05/16/2022 10:07:46,23.46,,,,
868,05/16/2022 10:12:46,23.64,,,,
869,05/16/2022 10:17:46,23.81,,,,
870,05/16/2022 10:22:46,23.85,,,,
871,05/16/2022 10:27:46,24.11,,,,
872,05/16/2022 10:32:46,24.28,,,,
873,05/16/2022 10:37:46,24.32,,,,
874,05/16/2022 10:42:46,24.54,,,,
875,05/16/2022 10:47:46,24.75,,,,
876,05/16/2022 10:52:46,24.97,,,,
877,05/16/2022 10:57:46,25.18,,,,
878,05/16/2022 11:02:46,25.57,,,,
879,05/16/2022 11:07:46,25.74,,,,
880,05/16/2022 11:12:46,25.99,,,,
881,05/16/2022 11:17:46,26.04,,,,
882,05/16/2022 11:22:46,26.21,,,,
883,05/16/2022 11:27:46,26.34,,,,
884,05/16/2022 11:32:46,26.34,,,,
885,05/16/2022 11:37:46,26.38,,,,
886,05/16/2022 11:42:46,26.60,,,,
887,05/16/2022 11:47:46,26.77,,,,
888,05/16/2022 11:52:46,26.68,,,,
889,05/16/2022 11:57:46,26.98,,,,
890,05/16/2022 12:02:46,26.94,,,,
891,05/16/2022 12:07:46,26.90,,,,
892,05/16/2022 12:12:46,26.90,,,,
893,05/16/2022 12:17:46,26.77,,,,
894,05/16/2022 12:22:46,26.72,,,,
895,05/16/2022 12:27:46,26.77,,,,
896,05/16/2022 12:32:46,27.02,,,,
897,05/16/2022 12:37:46,27.20,,,,
898,05/16/2022 12:42:46,27.32,,,,
899,05/16/2022 12:47:46,27.45,,,,
900,05/16/2022 12:52:46,27.58,,,,
901,05/16/2022 12:57:46,27.54,,,,
902,05/16/2022 13:02:46,27.71,,,,
903,05/16/2022 13:07:46,27.97,,,,
904,05/16/2022 13:12:46,28.10,,,,
905,05/16/2022 13:17:46,28.18,,,,
906,05/16/2022 13:22:46,28.23,,,,
907,05/16/2022 13:27:46,28.27,,,,
908,05/16/2022 13:32:46,28.48,,,,
909,05/16/2022 13:37:46,28.70,,,,
910,05/16/2022 13:42:46,28.87,,,,
911,05/16/2022 13:47:46,28.91,,,,
912,05/16/2022 13:52:46,29.13,,,,
913,05/16/2022 13:57:46,29.21,,,,
914,05/16/2022 14:02:46,29.26,,,,
915,05/16/2022 14:07:46,29.34,,,,
916,05/16/2022 14:12:46,29.38,,,,
917,05/16/2022 14:17:46,29.68,,,,
918,05/16/2022 14:22:46,29.90,,,,
919,05/16/2022 14:27:46,30.20,,,,
920,05/16/2022 14:32:46,30.33,,,,
921,05/16/2022 14:37:46,30.46,,,,
922,05/16/2022 14:42:46,30.63,,,,
923,05/16/2022 14:47:46,30.93,,,,
924,05/16/2022 14:52:46,31.10,,,,
925,05/16/2022 14:57:46,31.36,,,,
926,05/16/2022 15:02:46,31.40,,,,
927,05/16/2022 15:07:46,31.49,,,,
928,05/16/2022 15:12:46,32.04,,,,
929,05/16/2022 15:17:46,32.04,,,,
930,05/16/2022 15:22:46,32.17,,,,
931,05/16/2022 15:27:46,32.56,,,,
932,05/16/2022 15:32:46,32.86,,,,
933,05/16/2022 15:37:46,33.16,,,,
934,05/16/2022 15:42:46,33.33,,,,
935,05/16/2022 15:47:46,33.33,,,,
936,05/16/2022 15:52:46,33.29,,,,
937,05/16/2022 15:57:46,32.99,,,,
938,05/16/2022 16:02:46,33.33,,,,
939,05/16/2022 16:07:46,33.46,,,,
940,05/16/2022 16:12:46,33.63,,,,
941,05/16/2022 16:17:46,33.59,,,,
942,05/16/2022 16:22:46,33.63,,,,
943,05/16/2022 16:27:46,33.67,,,,
944,05/16/2022 16:32:46,33.63,,,,
945,05/16/2022 16:37:46,33.72,,,,
946,05/16/2022 16:42:46,33.85,,,,
947,05/16/2022 16:47:46,33.93,,,,
948,05/16/2022 16:52:46,34.27,,,,
949,05/16/2022 16:57:46,34.32,,,,
950,05/16/2022 17:02:46,34.45,,,,
951,05/16/2022 17:07:46,34.70,,,,
952,05/16/2022 17:12:46,34.06,,,,
953,05/16/2022 17:17:46,32.99,,,,
954,05/16/2022 17:22:46,32.26,,,,
955,05/16/2022 17:27:46,31.70,,,,
956,05/16/2022 17:32:46,31.23,,,,
957,05/16/2022 17:37:46,30.71,,,,
958,05/16/2022 17:42:46,30.46,,,,
959,05/16/2022 17:47:46,30.33,,,,
960,05/16/2022 17:52:46,30.16,,,,
961,05/16/2022 17:57:46,29.73,,,,
962,05/16/2022 18:02:46,29.51,,,,
963,05/16/2022 18:07:46,28.95,,,,
964,05/16/2022 18:12:46,28.78,,,,
965,05/16/2022 18:17:46,28.27,,,,
966,05/16/2022 18:22:46,28.05,,,,
967,05/16/2022 18:27:46,27.93,,,,
968,05/16/2022 18:32:46,27.97,,,,
969,05/16/2022 18:37:46,27.88,,,,
970,05/16/2022 18:42:46,27.67,,,,
971,05/16/2022 18:47:46,27.37,,,,
972,05/16/2022 18:52:46,27.24,,,,
973,05/16/2022 18:57:46,27.07,,,,
974,05/16/2022 19:02:46,26.90,,,,
975,05/16/2022 19:07:46,26.55,,,,
976,05/16/2022 19:12:46,26.42,,,,
977,05/16/2022 19:17:46,26.17,,,,
978,05/16/2022 19:22:46,25.91,,,,
979,05/16/2022 19:27:46,25.69,,,,
980,05/16/2022 19:32:46,25.31,,,,
981,05/16/2022 19:37:46,25.05,,,,
982,05/16/2022 19:42:46,24.58,,,,
983,05/16/2022 19:47:46,24.11,,,,
984,05/16/2022 19:52:46,23.76,,,,
985,05/16/2022 19:57:46,23.34,,,,
986,05/16/2022 20:02:46,22.86,,,,
987,05/16/2022 20:07:46,22.39,,,,
988,05/16/2022 20:12:46,21.96,,,,
989,05/16/2022 20:17:46,21.45,,,,
990,05/16/2022 20:22:46,21.06,,,,
991,05/16/2022 20:27:46,20.63,,,,
992,05/16/2022 20:32:46,20.20,,,,
993,05/16/2022 20:37:46,19.86,,,,
994,05/16/2022 20:42:46,19.56,,,,
995,05/16/2022 20:47:46,19.30,,,,
996,05/16/2022 20:52:46,19.09,,,,
997,05/16/2022 20:57:46,18.83,,,,
998,05/16/2022 21:02:46,18.62,,,,
999,05/16/2022 21:07:46,18.44,,,,
1000,05/16/2022 21:12:46,18.27,,,,
1001,05/16/2022 21:17:46,18.10,,,,
1002,05/16/2022 21:22:46,17.97,,,,
1003,05/16/2022 21:27:46,17.80,,,,
1004,05/16/2022 21:32:46,17.67,,,,
1005,05/16/2022 21:37:46,17.54,,,,
1006,05/16/2022 21:42:46,17.37,,,,
1007,05/16/2022 21:47:46,17.29,,,,
1008,05/16/2022 21:52:46,17.11,,,,
1009,05/16/2022 21:57:46,17.03,,,,
1010,05/16/2022 22:02:46,16.90,,,,
1011,05/16/2022 22:07:46,16.73,,,,
1012,05/16/2022 22:12:46,16.69,,,,
1013,05/16/2022 22:17:46,16.56,,,,
1014,05/16/2022 22:22:46,16.47,,,,
1015,05/16/2022 22:27:46,16.39,,,,
1016,05/16/2022 22:32:46,16.34,,,,
1017,05/16/2022 22:37:46,16.26,,,,
1018,05/16/2022 22:42:46,16.08,,,,
1019,05/16/2022 22:47:46,15.96,,,,
1020,05/16/2022 22:52:46,15.87,,,,
1021,05/16/2022 22:57:46,15.70,,,,
1022,05/16/2022 23:02:46,15.57,,,,
1023,05/16/2022 23:07:46,15.44,,,,
1024,05/16/2022 23:12:46,15.31,,,,
1025,05/16/2022 23:17:46,15.23,,,,
1026,05/16/2022 23:22:46,15.18,,,,
1027,05/16/2022 23:27:46,15.10,,,,
1028,05/16/2022 23:32:46,15.06,,,,
1029,05/16/2022 23:37:46,14.97,,,,
1030,05/16/2022 23:42:46,14.84,,,,
1031,05/16/2022 23:47:46,14.71,,,,
1032,05/16/2022 23:52:46,14.54,,,,
1033,05/16/2022 23:57:46,14.37,,,,
1034,05/17/2022 00:02:46,14.24,,,,
1035,05/17/2022 00:07:46,13.98,,,,
1036,05/17/2022 00:12:46,13.90,,,,
1037,05/17/2022 00:17:46,13.77,,,,
1038,05/17/2022 00:22:46,13.64,,,,
1039,05/17/2022 00:27:46,13.51,,,,
1040,05/17/2022 00:32:46,13.43,,,,
1041,05/17/2022 00:37:46,13.34,,,,
1042,05/17/2022 00:42:46,13.25,,,,
1043,05/17/2022 00:47:46,13.21,,,,
1044,05/17/2022 00:52:46,13.08,,,,
1045,05/17/2022 00:57:46,12.91,,,,
1046,05/17/2022 01:02:46,12.82,,,,
1047,05/17/2022 01:07:46,12.78,,,,
1048,05/17/2022 01:12:46,12.57,,,,
1049,05/17/2022 01:17:46,12.44,,,,
1050,05/17/2022 01:22:46,12.31,,,,
1051,05/17/2022 01:27:46,12.14,,,,
1052,05/17/2022 01:32:46,12.01,,,,
1053,05/17/2022 01:37:46,11.84,,,,
1054,05/17/2022 01:42:46,11.75,,,,
1055,05/17/2022 01:47:46,11.58,,,,
1056,05/17/2022 01:52:46,11.45,,,,
1057,05/17/2022 01:57:46,11.28,,,,
1058,05/17/2022 02:02:46,11.15,,,,
1059,05/17/2022 02:07:46,11.11,,,,
1060,05/17/2022 02:12:46,10.98,,,,
1061,05/17/2022 02:17:46,10.89,,,,
1062,05/17/2022 02:22:46,10.77,,,,
1063,05/17/2022 02:27:46,10.68,,,,
1064,05/17/2022 02:32:46,10.46,,,,
1065,05/17/2022 02:37:46,10.25,,,,
1066,05/17/2022 02:42:46,10.16,,,,
1067,05/17/2022 02:47:46,10.08,,,,
1068,05/17/2022 02:52:46,9.99,,,,
1069,05/17/2022 02:57:46,9.99,,,,
1070,05/17/2022 03:02:46,9.91,,,,
1071,05/17/2022 03:07:46,9.95,,,,
1072,05/17/2022 03:12:46,10.08,,,,
1073,05/17/2022 03:17:46,10.08,,,,
1074,05/17/2022 03:22:46,9.99,,,,
1075,05/17/2022 03:27:46,9.99,,,,
1076,05/17/2022 03:32:46,9.91,,,,
1077,05/17/2022 03:37:46,9.78,,,,
1078,05/17/2022 03:42:46,9.69,,,,
1079,05/17/2022 03:47:46,9.69,,,,
1080,05/17/2022 03:52:46,9.65,,,,
1081,05/17/2022 03:57:46,9.61,,,,
1082,05/17/2022 04:02:46,9.44,,,,
1083,05/17/2022 04:07:46,9.31,,,,
1084,05/17/2022 04:12:46,9.31,,,,
1085,05/17/2022 04:17:46,9.31,,,,
1086,05/17/2022 04:22:46,9.35,,,,
1087,05/17/2022 04:27:46,9.26,,,,
1088,05/17/2022 04:32:46,9.14,,,,
1089,05/17/2022 04:37:46,8.96,,,,
1090,05/17/2022 04:42:46,8.79,,,,
1091,05/17/2022 04:47:46,8.58,,,,
1092,05/17/2022 04:52:46,8.41,,,,
1093,05/17/2022 04:57:46,8.15,,,,
1094,05/17/2022 05:02:46,8.06,,,,
1095,05/17/2022 05:07:46,7.93,,,,
1096,05/17/2022 05:12:46,7.81,,,,
1097,05/17/2022 05:17:46,7.76,,,,
1098,05/17/2022 05:22:46,7.89,,,,
1099,05/17/2022 05:27:46,8.11,,,,
1100,05/17/2022 05:32:46,8.23,,,,
1101,05/17/2022 05:37:46,8.23,,,,
1102,05/17/2022 05:42:46,8.28,,,,
1103,05/17/2022 05:47:46,8.28,,,,
1104,05/17/2022 05:52:46,8.19,,,,
1105,05/17/2022 05:57:46,8.11,,,,
1106,05/17/2022 06:02:46,8.11,,,,
1107,05/17/2022 06:07:46,8.28,,,,
1108,05/17/2022 06:12:46,8.23,,,,
1109,05/17/2022 06:17:46,8.11,,,,
1110,05/17/2022 06:22:46,8.02,,,,
1111,05/17/2022 06:27:46,7.98,,,,
1112,05/17/2022 06:32:46,8.02,,,,
1113,05/17/2022 06:37:46,8.28,,,,
1114,05/17/2022 06:42:46,8.49,,,,
1115,05/17/2022 06:47:46,8.83,,,,
1116,05/17/2022 06:52:46,9.35,,,,
1117,05/17/2022 06:57:46,9.86,,,,
1118,05/17/2022 07:02:46,10.34,,,,
1119,05/17/2022 07:07:46,10.94,,,,
1120,05/17/2022 07:12:46,11.37,,,,
1121,05/17/2022 07:17:46,11.88,,,,
1122,05/17/2022 07:22:46,12.31,,,,
1123,05/17/2022 07:27:46,12.74,,,,
1124,05/17/2022 07:32:46,13.17,,,,
1125,05/17/2022 07:37:46,13.47,,,,
1126,05/17/2022 07:42:46,13.73,,,,
1127,05/17/2022 07:47:46,13.98,,,,
1128,05/17/2022 07:52:46,14.28,,,,
1129,05/17/2022 07:57:46,14.58,,,,
1130,05/17/2022 08:02:46,14.84,,,,
1131,05/17/2022 08:07:46,15.06,,,,
1132,05/17/2022 08:12:46,15.36,,,,
1133,05/17/2022 08:17:46,15.61,,,,
1134,05/17/2022 08:22:46,15.87,,,,
1135,05/17/2022 08:27:46,16.17,,,,
1136,05/17/2022 08:32:46,16.39,,,,
1137,05/17/2022 08:37:46,16.69,,,,
1138,05/17/2022 08:42:46,17.11,,,,
1139,05/17/2022 08:47:46,17.50,,,,
1140,05/17/2022 08:52:46,17.89,,,,
1141,05/17/2022 08:57:46,18.14,,,,
1142,05/17/2022 09:02:46,18.49,,,,
1143,05/17/2022 09:07:46,18.74,,,,
1144,05/17/2022 09:12:46,19.00,,,,
1145,05/17/2022 09:17:46,19.39,,,,
1146,05/17/2022 09:22:46,19.77,,,,
1147,05/17/2022 09:27:46,20.16,,,,
1148,05/17/2022 09:32:46,20.63,,,,
1149,05/17/2022 09:37:46,20.98,,,,
1150,05/17/2022 09:42:46,21.23,,,,
1151,05/17/2022 09:47:46,21.49,,,,
1152,05/17/2022 09:52:46,21.70,,,,
1153,05/17/2022 09:57:46,21.88,,,,
1154,05/17/2022 10:02:46,22.31,,,,
1155,05/17/2022 10:07:46,22.56,,,,
1156,05/17/2022 10:12:46,22.82,,,,
1157,05/17/2022 10:17:46,23.08,,,,
1158,05/17/2022 10:22:46,23.21,,,,
1159,05/17/2022 10:27:46,23.42,,,,
1160,05/17/2022 10:32:46,23.64,,,,
1161,05/17/2022 10:37:46,24.02,,,,
1162,05/17/2022 10:42:46,24.28,,,,
1163,05/17/2022 10:47:46,24.49,,,,
1164,05/17/2022 10:52:46,24.71,,,,
1165,05/17/2022 10:57:46,24.97,,,,
1166,05/17/2022 11:02:46,25.14,,,,
1167,05/17/2022 11:07:46,25.48,,,,
1168,05/17/2022 11:12:46,25.74,,,,
1169,05/17/2022 11:17:46,25.87,,,,
1170,05/17/2022 11:22:46,26.21,,,,
1171,05/17/2022 11:27:46,26.47,,,,
1172,05/17/2022 11:32:46,26.68,,,,
1173,05/17/2022 11:37:46,26.98,,,,
1174,05/17/2022 11:42:46,27.24,,,,
1175,05/17/2022 11:47:46,27.50,,,,
1176,05/17/2022 11:52:46,27.75,,,,
1177,05/17/2022 11:57:46,28.01,,,,
1178,05/17/2022 12:02:46,28.27,,,,
1179,05/17/2022 12:07:46,28.48,,,,
1180,05/17/2022 12:12:46,28.57,,,,
1181,05/17/2022 12:17:46,28.78,,,,
1182,05/17/2022 12:22:46,29.04,,,,
1183,05/17/2022 12:27:46,29.13,,,,
1184,05/17/2022 12:32:46,29.38,,,,
1185,05/17/2022 12:37:46,29.64,,,,
1186,05/17/2022 12:42:46,29.77,,,,
1187,05/17/2022 12:47:46,30.11,,,,
1188,05/17/2022 12:52:46,30.37,,,,
1189,05/17/2022 12:57:46,30.46,,,,
1190,05/17/2022 13:02:46,30.71,,,,
1191,05/17/2022 13:07:46,30.71,,,,
1192,05/17/2022 13:12:46,30.80,,,,
1193,05/17/2022 13:17:46,31.01,,,,
1194,05/17/2022 13:22:46,31.06,,,,
1195,05/17/2022 13:27:46,31.40,,,,
1196,05/17/2022 13:32:46,31.57,,,,
1197,05/17/2022 13:37:46,31.74,,,,
1198,05/17/2022 13:42:46,32.09,,,,
1199,05/17/2022 13:47:46,32.26,,,,
1200,05/17/2022 13:52:46,32.30,,,,
1201,05/17/2022 13:57:46,32.13,,,,
1202,05/17/2022 14:02:46,32.34,,,,
1203,05/17/2022 14:07:46,32.56,,,,
1204,05/17/2022 14:12:46,32.64,,,,
1205,05/17/2022 14:17:46,32.64,,,,
1206,05/17/2022 14:22:46,32.82,,,,
1207,05/17/2022 14:27:46,33.16,,,,
1208,05/17/2022 14:32:46,33.25,,,,
1209,05/17/2022 14:37:46,33.20,,,,
1210,05/17/2022 14:42:46,33.46,,,,
1211,05/17/2022 14:47:46,33.76,,,,
1212,05/17/2022 14:52:46,34.10,,,,
1213,05/17/2022 14:57:46,34.62,,,,
1214,05/17/2022 15:02:46,35.30,,,,
1215,05/17/2022 15:07:46,35.90,,,,
1216,05/17/2022 15:12:46,36.03,,,,
1217,05/17/2022 15:17:46,36.16,,,,
1218,05/17/2022 15:22:46,36.33,,,,
1219,05/17/2022 15:27:46,36.81,,,,
1220,05/17/2022 15:32:46,37.32,,,,
1221,05/17/2022 15:37:46,37.49,,,,
1222,05/17/2022 15:42:46,37.84,,,,
1223,05/17/2022 15:47:46,38.01,,,,
1224,05/17/2022 15:52:46,38.26,,,,
1225,05/17/2022 15:57:46,38.52,,,,
1226,05/17/2022 16:02:46,38.48,,,,
1227,05/17/2022 16:07:46,38.48,,,,
1228,05/17/2022 16:12:46,38.86,,,,
1229,05/17/2022 16:17:46,38.86,,,,
1230,05/17/2022 16:22:46,38.44,,,,
1231,05/17/2022 16:27:46,38.44,,,,
1232,05/17/2022 16:32:46,38.26,,,,
1233,05/17/2022 16:37:46,38.69,,,,
1234,05/17/2022 16:42:46,38.86,,,,
1235,05/17/2022 16:47:46,38.44,,,,
1236,05/17/2022 16:52:46,38.35,,,,
1237,05/17/2022 16:57:46,38.56,,,,
1238,05/17/2022 17:02:46,38.86,,,,
1239,05/17/2022 17:07:46,38.91,,,,
1240,05/17/2022 17:12:46,39.34,,,,
1241,05/17/2022 17:17:46,39.72,,,,
1242,05/17/2022 17:22:46,39.68,,,,
1243,05/17/2022 17:27:46,39.89,,,,
1244,05/17/2022 17:32:46,39.55,,,,
1245,05/17/2022 17:37:46,39.68,,,,
1246,05/17/2022 17:42:46,39.42,,,,
1247,05/17/2022 17:47:46,39.64,,,,
1248,05/17/2022 17:52:46,39.29,,,,
1249,05/17/2022 17:57:46,38.69,,,,
1250,05/17/2022 18:02:46,38.01,,,,
1251,05/17/2022 18:07:46,37.58,,,,
1252,05/17/2022 18:12:46,36.98,,,,
1253,05/17/2022 18:17:46,36.93,,,,
1254,05/17/2022 18:22:46,37.11,,,,
1255,05/17/2022 18:27:46,37.71,,,,
1256,05/17/2022 18:32:46,38.48,,,,
1257,05/17/2022 18:37:46,38.61,,,,
1258,05/17/2022 18:42:46,38.44,,,,
1259,05/17/2022 18:47:46,37.88,,,,
1260,05/17/2022 18:52:46,36.89,,,,
1261,05/17/2022 18:57:46,36.16,,,,
1262,05/17/2022 19:02:46,35.30,,,,
1263,05/17/2022 19:07:46,34.70,,,,
1264,05/17/2022 19:12:46,34.10,,,,
1265,05/17/2022 19:17:46,33.59,,,,
1266,05/17/2022 19:22:46,32.94,,,,
1267,05/17/2022 19:27:46,32.47,,,,
1268,05/17/2022 19:32:46,32.04,,,,
1269,05/17/2022 19:37:46,31.44,,,,
1270,05/17/2022 19:42:46,30.97,,,,
1271,05/17/2022 19:47:46,30.46,,,,
1272,05/17/2022 19:52:46,29.94,,,,
1273,05/17/2022 19:57:46,29.38,,,,
1274,05/17/2022 20:02:46,28.78,,,,
1275,05/17/2022 20:07:46,28.31,,,,
1276,05/17/2022 20:12:46,27.88,,,,
1277,05/17/2022 20:17:46,27.45,,,,
1278,05/17/2022 20:22:46,26.98,,,,
1279,05/17/2022 20:27:46,26.51,,,,
1280,05/17/2022 20:32:46,26.04,,,,
1281,05/17/2022 20:37:46,25.65,,,,
1282,05/17/2022 20:42:46,25.31,,,,
1283,05/17/2022 20:47:46,24.92,,,,
1284,05/17/2022 20:52:46,24.62,,,,
1285,05/17/2022 20:57:46,24.36,,,,
1286,05/17/2022 21:02:46,24.06,,,,
1287,05/17/2022 21:07:46,23.72,,,,
1288,05/17/2022 21:12:46,23.38,,,,
1289,05/17/2022 21:17:46,23.12,,,,
1290,05/17/2022 21:22:46,22.82,,,,
1291,05/17/2022 21:27:46,22.48,,,,
1292,05/17/2022 21:32:46,22.22,,,,
1293,05/17/2022 21:37:46,21.79,,,,
1294,05/17/2022 21:42:46,21.58,,,,
1295,05/17/2022 21:47:46,21.32,,,,
1296,05/17/2022 21:52:46,21.15,,,,
1297,05/17/2022 21:57:46,20.98,,,,
1298,05/17/2022 22:02:46,20.72,,,,
1299,05/17/2022 22:07:46,20.37,,,,
1300,05/17/2022 22:12:46,20.12,,,,
1301,05/17/2022 22:17:46,19.77,,,,
1302,05/17/2022 22:22:46,19.39,,,,
1303,05/17/2022 22:27:46,19.05,,,,
1304,05/17/2022 22:32:46,18.79,,,,
1305,05/17/2022 22:37:46,18.53,,,,
1306,05/17/2022 22:42:46,18.23,,,,
1307,05/17/2022 22:47:46,17.97,,,,
1308,05/17/2022 22:52:46,17.72,,,,
1309,05/17/2022 22:57:46,17.59,,,,
1310,05/17/2022 23:02:46,17.41,,,,
1311,05/17/2022 23:07:46,17.20,,,,
1312,05/17/2022 23:12:46,17.07,,,,
1313,05/17/2022 23:17:46,16.94,,,,
1314,05/17/2022 23:22:46,16.86,,,,
1315,05/17/2022 23:27:46,16.77,,,,
1316,05/17/2022 23:32:46,16.64,,,,
1317,05/17/2022 23:37:46,16.64,,,,
1318,05/17/2022 23:42:46,16.64,,,,
1319,05/17/2022 23:47:46,16.51,,,,
1320,05/17/2022 23:52:46,16.39,,,,
1321,05/17/2022 23:57:46,16.13,,,,
1322,05/18/2022 00:02:46,15.96,,,,
1323,05/18/2022 00:07:46,15.74,,,,
1324,05/18/2022 00:12:46,15.53,,,,
1325,05/18/2022 00:17:46,15.31,,,,
1326,05/18/2022 00:22:46,15.01,,,,
1327,05/18/2022 00:27:46,14.71,,,,
1328,05/18/2022 00:32:46,14.58,,,,
1329,05/18/2022 00:37:46,14.37,,,,
1330,05/18/2022 00:42:46,14.07,,,,
1331,05/18/2022 00:47:46,13.73,,,,
1332,05/18/2022 00:52:46,13.47,,,,
1333,05/18/2022 00:57:46,13.17,,,,
1334,05/18/2022 01:02:46,12.91,,,,
1335,05/18/2022 01:07:46,12.91,,,,
1336,05/18/2022 01:12:46,12.78,,,,
1337,05/18/2022 01:17:46,12.52,,,,
1338,05/18/2022 01:22:46,12.31,,,,
1339,05/18/2022 01:27:46,12.18,,,,
1340,05/18/2022 01:32:46,12.10,,,,
1341,05/18/2022 01:37:46,12.05,,,,
1342,05/18/2022 01:42:46,11.92,,,,
1343,05/18/2022 01:47:46,11.71,,,,
1344,05/18/2022 01:52:46,11.49,,,,
1345,05/18/2022 01:57:46,11.41,,,,
1346,05/18/2022 02:02:46,11.41,,,,
1347,05/18/2022 02:07:46,11.32,,,,
1348,05/18/2022 02:12:46,11.37,,,,
1349,05/18/2022 02:17:46,11.49,,,,
1350,05/18/2022 02:22:46,11.45,,,,
1351,05/18/2022 02:27:46,11.37,,,,
1352,05/18/2022 02:32:46,11.37,,,,
1353,05/18/2022 02:37:46,11.32,,,,
1354,05/18/2022 02:42:46,11.32,,,,
1355,05/18/2022 02:47:46,11.28,,,,
1356,05/18/2022 02:52:46,11.19,,,,
1357,05/18/2022 02:57:46,11.11,,,,
1358,05/18/2022 03:02:46,11.11,,,,
1359,05/18/2022 03:07:46,11.41,,,,
1360,05/18/2022 03:12:46,11.32,,,,
1361,05/18/2022 03:17:46,11.24,,,,
1362,05/18/2022 03:22:46,10.98,,,,
1363,05/18/2022 03:27:46,10.85,,,,
1364,05/18/2022 03:32:46,10.68,,,,
1365,05/18/2022 03:37:46,10.59,,,,
1366,05/18/2022 03:42:46,10.42,,,,
1367,05/18/2022 03:47:46,10.25,,,,
1368,05/18/2022 03:52:46,10.16,,,,
1369,05/18/2022 03:57:46,10.12,,,,
1370,05/18/2022 04:02:46,10.25,,,,
1371,05/18/2022 04:07:46,10.25,,,,
1372,05/18/2022 04:12:46,10.51,,,,
1373,05/18/2022 04:17:46,10.72,,,,
1374,05/18/2022 04:22:46,10.77,,,,
1375,05/18/2022 04:27:46,10.72,,,,
1376,05/18/2022 04:32:46,10.68,,,,
1377,05/18/2022 04:37:46,10.59,,,,
1378,05/18/2022 04:42:46,10.55,,,,
1379,05/18/2022 04:47:46,10.64,,,,
1380,05/18/2022 04:52:46,10.68,,,,
1381,05/18/2022 04:57:46,10.64,,,,
1382,05/18/2022 05:02:46,10.64,,,,
1383,05/18/2022 05:07:46,10.59,,,,
1384,05/18/2022 05:12:46,10.42,,,,
1385,05/18/2022 05:17:46,10.29,,,,
1386,05/18/2022 05:22:46,10.16,,,,
1387,05/18/2022 05:27:46,10.12,,,,
1388,05/18/2022 05:32:46,10.12,,,,
1389,05/18/2022 05:37:46,9.99,,,,
1390,05/18/2022 05:42:46,10.04,,,,
1391,05/18/2022 05:47:46,10.08,,,,
1392,05/18/2022 05:52:46,10.12,,,,
1393,05/18/2022 05:57:46,9.99,,,,
1394,05/18/2022 06:02:46,9.82,,,,
1395,05/18/2022 06:07:46,9.65,,,,
1396,05/18/2022 06:12:46,9.56,,,,
1397,05/18/2022 06:17:46,9.61,,,,
1398,05/18/2022 06:22:46,9.56,,,,
1399,05/18/2022 06:27:46,9.56,,,,
1400,05/18/2022 06:32:46,9.86,,,,
1401,05/18/2022 06:37:46,10.21,,,,
1402,05/18/2022 06:42:46,10.46,,,,
1403,05/18/2022 06:47:46,10.68,,,,
1404,05/18/2022 06:52:46,10.94,,,,
1405,05/18/2022 06:57:46,11.37,,,,
1406,05/18/2022 07:02:46,11.79,,,,
1407,05/18/2022 07:07:46,12.31,,,,
1408,05/18/2022 07:12:46,12.82,,,,
1409,05/18/2022 07:17:46,13.38,,,,
1410,05/18/2022 07:22:46,13.90,,,,
1411,05/18/2022 07:27:46,14.41,,,,
1412,05/18/2022 07:32:46,15.10,,,,
1413,05/18/2022 07:37:46,15.78,,,,
1414,05/18/2022 07:42:46,16.34,,,,
1415,05/18/2022 07:47:46,16.69,,,,
1416,05/18/2022 07:52:46,17.03,,,,
1417,05/18/2022 07:57:46,17.59,,,,
1418,05/18/2022 08:02:46,18.23,,,,
1419,05/18/2022 08:07:46,18.96,,,,
1420,05/18/2022 08:12:46,19.73,,,,
1421,05/18/2022 08:17:46,20.33,,,,
1422,05/18/2022 08:22:46,20.89,,,,
1423,05/18/2022 08:27:46,21.49,,,,
1424,05/18/2022 08:32:46,22.01,,,,
1425,05/18/2022 08:37:46,22.61,,,,
1426,05/18/2022 08:42:46,23.08,,,,
1427,05/18/2022 08:47:46,23.68,,,,
1428,05/18/2022 08:52:46,24.11,,,,
1429,05/18/2022 08:57:46,24.41,,,,
1430,05/18/2022 09:02:46,24.71,,,,
1431,05/18/2022 09:07:46,25.14,,,,
1432,05/18/2022 09:12:46,25.39,,,,
1433,05/18/2022 09:17:46,25.65,,,,
1434,05/18/2022 09:22:46,25.95,,,,
1435,05/18/2022 09:27:46,26.21,,,,
1436,05/18/2022 09:32:46,26.64,,,,
1437,05/18/2022 09:37:46,26.72,,,,
1438,05/18/2022 09:42:46,26.98,,,,
1439,05/18/2022 09:47:46,27.24,,,,
1440,05/18/2022 09:52:46,27.50,,,,
1441,05/18/2022 09:57:46,27.67,,,,
1442,05/18/2022 10:02:46,27.71,,,,
1443,05/18/2022 10:07:46,27.80,,,,
1444,05/18/2022 10:12:46,27.97,,,,
1445,05/18/2022 10:17:46,27.97,,,,
1446,05/18/2022 10:22:46,28.05,,,,
1447,05/18/2022 10:27:46,28.18,,,,
1448,05/18/2022 10:32:46,28.40,,,,
1449,05/18/2022 10:37:46,28.44,,,,
1450,05/18/2022 10:42:46,28.70,,,,
1451,05/18/2022 10:47:46,28.78,,,,
1452,05/18/2022 10:52:46,28.91,,,,
1453,05/18/2022 10:57:46,29.08,,,,
1454,05/18/2022 11:02:46,29.30,,,,
1455,05/18/2022 11:07:46,29.43,,,,
1456,05/18/2022 11:12:46,29.60,,,,
1457,05/18/2022 11:17:46,29.77,,,,
1458,05/18/2022 11:22:46,29.98,,,,
1459,05/18/2022 11:27:46,30.11,,,,
1460,05/18/2022 11:32:46,30.20,,,,
1461,05/18/2022 11:37:46,30.54,,,,
1462,05/18/2022 11:42:46,30.67,,,,
1463,05/18/2022 11:47:46,30.80,,,,
1464,05/18/2022 11:52:46,31.01,,,,
1465,05/18/2022 11:57:46,31.36,,,,
1466,05/18/2022 12:02:46,31.44,,,,
1467,05/18/2022 12:07:46,31.61,,,,
1468,05/18/2022 12:12:46,31.92,,,,
1469,05/18/2022 12:17:46,32.09,,,,
1470,05/18/2022 12:22:46,32.43,,,,
1471,05/18/2022 12:27:46,32.73,,,,
1472,05/18/2022 12:32:46,32.90,,,,
1473,05/18/2022 12:37:46,33.03,,,,
1474,05/18/2022 12:42:46,33.12,,,,
1475,05/18/2022 12:47:46,33.46,,,,
1476,05/18/2022 12:52:46,33.67,,,,
1477,05/18/2022 12:57:46,33.93,,,,
1478,05/18/2022 13:02:46,33.97,,,,
1479,05/18/2022 13:07:46,34.32,,,,
1480,05/18/2022 13:12:46,34.57,,,,
1481,05/18/2022 13:17:46,34.62,,,,
1482,05/18/2022 13:22:46,34.75,,,,
1483,05/18/2022 13:27:46,34.83,,,,
1484,05/18/2022 13:32:46,35.00,,,,
1485,05/18/2022 13:37:46,35.00,,,,
1486,05/18/2022 13:42:46,35.18,,,,
1487,05/18/2022 13:47:46,35.35,,,,
1488,05/18/2022 13:52:46,35.48,,,,
1489,05/18/2022 13:57:46,35.56,,,,
1490,05/18/2022 14:02:46,35.69,,,,
1491,05/18/2022 14:07:46,35.78,,,,
1492,05/18/2022 14:12:46,35.78,,,,
1493,05/18/2022 14:17:46,35.90,,,,
1494,05/18/2022 14:22:46,35.82,,,,
1495,05/18/2022 14:27:46,35.90,,,,
1496,05/18/2022 14:32:46,36.16,,,,
1497,05/18/2022 14:37:46,36.33,,,,
1498,05/18/2022 14:42:46,36.68,,,,
1499,05/18/2022 14:47:46,36.81,,,,
1500,05/18/2022 14:52:46,37.06,,,,
1501,05/18/2022 14:57:46,37.15,,,,
1502,05/18/2022 15:02:46,37.15,,,,
1503,05/18/2022 15:07:46,37.32,,,,
1504,05/18/2022 15:12:46,37.23,,,,
1505,05/18/2022 15:17:46,37.32,,,,
1506,05/18/2022 15:22:46,37.36,,,,
1507,05/18/2022 15:27:46,37.45,,,,
1508,05/18/2022 15:32:46,37.45,,,,
1509,05/18/2022 15:37:46,37.32,,,,
1510,05/18/2022 15:42:46,37.45,,,,
1511,05/18/2022 15:47:46,37.66,,,,
1512,05/18/2022 15:52:46,37.79,,,,
1513,05/18/2022 15:57:46,38.01,,,,
1514,05/18/2022 16:02:46,37.96,,,,
1515,05/18/2022 16:07:46,38.26,,,,
1516,05/18/2022 16:12:46,38.44,,,,
1517,05/18/2022 16:17:46,38.78,,,,
1518,05/18/2022 16:22:46,38.65,,,,
1519,05/18/2022 16:27:46,38.65,,,,
1520,05/18/2022 16:32:46,38.65,,,,
1521,05/18/2022 16:37:46,38.65,,,,
1522,05/18/2022 16:42:46,38.61,,,,
1523,05/18/2022 16:47:46,38.95,,,,
1524,05/18/2022 16:52:46,38.82,,,,
1525,05/18/2022 16:57:46,39.04,,,,
1526,05/18/2022 17:02:46,38.78,,,,
1527,05/18/2022 17:07:46,38.65,,,,
1528,05/18/2022 17:12:46,38.52,,,,
1529,05/18/2022 17:17:46,38.61,,,,
1530,05/18/2022 17:22:46,38.69,,,,
1531,05/18/2022 17:27:46,38.61,,,,
1532,05/18/2022 17:32:46,38.65,,,,
1533,05/18/2022 17:37:46,38.52,,,,
1534,05/18/2022 17:42:46,38.48,,,,
1535,05/18/2022 17:47:46,38.69,,,,
1536,05/18/2022 17:52:46,38.65,,,,
1537,05/18/2022 17:57:46,38.48,,,,
1538,05/18/2022 18:02:46,38.52,,,,
1539,05/18/2022 18:07:46,38.26,,,,
1540,05/18/2022 18:12:46,38.26,,,,
1541,05/18/2022 18:17:46,38.26,,,,
1542,05/18/2022 18:22:46,38.22,,,,
1543,05/18/2022 18:27:46,37.79,,,,
1544,05/18/2022 18:32:46,37.62,,,,
1545,05/18/2022 18:37:46,37.49,,,,
1546,05/18/2022 18:42:46,37.54,,,,
1547,05/18/2022 18:47:46,37.54,,,,
1548,05/18/2022 18:52:46,37.58,,,,
1549,05/18/2022 18:57:46,37.41,,,,
1550,05/18/2022 19:02:46,37.06,,,,
1551,05/18/2022 19:07:46,36.76,,,,
1552,05/18/2022 19:12:46,36.46,,,,
1553,05/18/2022 19:17:46,36.12,,,,
1554,05/18/2022 19:22:46,35.78,,,,
1555,05/18/2022 19:27:46,35.39,,,,
1556,05/18/2022 19:32:46,35.05,,,,
1557,05/18/2022 19:37:46,34.66,,,,
1558,05/18/2022 19:42:46,34.40,,,,
1559,05/18/2022 19:47:46,34.15,,,,
1560,05/18/2022 19:52:46,33.80,,,,
1561,05/18/2022 19:57:46,33.37,,,,
1562,05/18/2022 20:02:46,32.82,,,,
1563,05/18/2022 20:07:46,32.30,,,,
1564,05/18/2022 20:12:46,31.74,,,,
1565,05/18/2022 20:17:46,31.01,,,,
1566,05/18/2022 20:22:46,30.24,,,,
1567,05/18/2022 20:27:46,29.51,,,,
1568,05/18/2022 20:32:46,28.95,,,,
1569,05/18/2022 20:37:46,28.44,,,,
1570,05/18/2022 20:42:46,27.93,,,,
1571,05/18/2022 20:47:46,27.37,,,,
1572,05/18/2022 20:52:46,26.94,,,,
1573,05/18/2022 20:57:46,26.47,,,,
1574,05/18/2022 21:02:46,26.17,,,,
1575,05/18/2022 21:07:46,25.82,,,,
1576,05/18/2022 21:12:46,25.57,,,,
1577,05/18/2022 21:17:46,25.39,,,,
1578,05/18/2022 21:22:46,25.14,,,,
1579,05/18/2022 21:27:46,24.88,,,,
1580,05/18/2022 21:32:46,24.84,,,,
1581,05/18/2022 21:37:46,24.88,,,,
1582,05/18/2022 21:42:46,24.92,,,,
1583,05/18/2022 21:47:46,24.88,,,,
1584,05/18/2022 21:52:46,24.75,,,,
1585,05/18/2022 21:57:46,24.66,,,,
1586,05/18/2022 22:02:46,24.75,,,,
1587,05/18/2022 22:07:46,24.88,,,,
1588,05/18/2022 22:12:46,24.97,,,,
1589,05/18/2022 22:17:46,24.92,,,,
1590,05/18/2022 22:22:46,24.84,,,,
1591,05/18/2022 22:27:46,24.66,,,,
1592,05/18/2022 22:32:46,24.45,,,,
1593,05/18/2022 22:37:46,24.19,,,,
1594,05/18/2022 22:42:46,23.89,,,,
1595,05/18/2022 22:47:46,23.59,,,,
1596,05/18/2022 22:52:46,23.34,,,,
1597,05/18/2022 22:57:46,23.12,,,,
1598,05/18/2022 23:02:46,22.95,,,,
1599,05/18/2022 23:07:46,22.78,,,,
1600,05/18/2022 23:12:46,22.61,,,,
1601,05/18/2022 23:17:46,22.26,,,,
1602,05/18/2022 23:22:46,22.01,,,,
1603,05/18/2022 23:27:46,21.79,,,,
1604,05/18/2022 23:32:46,21.45,,,,
1605,05/18/2022 23:37:46,21.15,,,,
1606,05/18/2022 23:42:46,20.76,,,,
1607,05/18/2022 23:47:46,20.63,,,,
1608,05/18/2022 23:52:46,20.76,,,,
1609,05/18/2022 23:57:46,20.76,,,,
1610,05/19/2022 00:02:46,20.85,,,,
1611,05/19/2022 00:07:46,20.89,,,,
1612,05/19/2022 00:12:46,20.93,,,,
1613,05/19/2022 00:17:46,20.85,,,,
1614,05/19/2022 00:22:46,20.72,,,,
1615,05/19/2022 00:27:46,20.68,,,,
1616,05/19/2022 00:32:46,20.80,,,,
1617,05/19/2022 00:37:46,21.06,,,,
1618,05/19/2022 00:42:46,21.23,,,,
1619,05/19/2022 00:47:46,21.36,,,,
1620,05/19/2022 00:52:46,21.49,,,,
1621,05/19/2022 00:57:46,21.58,,,,
1622,05/19/2022 01:02:46,21.79,,,,
1623,05/19/2022 01:07:46,22.13,,,,
1624,05/19/2022 01:12:46,22.56,,,,
1625,05/19/2022 01:17:46,22.99,,,,
1626,05/19/2022 01:22:46,23.25,,,,
1627,05/19/2022 01:27:46,23.38,,,,
1628,05/19/2022 01:32:46,23.38,,,,
1629,05/19/2022 01:37:46,23.42,,,,
1630,05/19/2022 01:42:46,23.38,,,,
1631,05/19/2022 01:47:46,23.38,,,,
1632,05/19/2022 01:52:46,23.64,,,,
1633,05/19/2022 01:57:46,23.81,,,,
1634,05/19/2022 02:02:46,23.94,,,,
1635,05/19/2022 02:07:46,24.02,,,,
1636,05/19/2022 02:12:46,24.02,,,,
1637,05/19/2022 02:17:46,23.94,,,,
1638,05/19/2022 02:22:46,23.85,,,,
1639,05/19/2022 02:27:46,23.81,,,,
1640,05/19/2022 02:32:46,23.72,,,,
1641,05/19/2022 02:37:46,23.64,,,,
1642,05/19/2022 02:42:46,23.64,,,,
1643,05/19/2022 02:47:46,23.64,,,,
1644,05/19/2022 02:52:46,23.59,,,,
1645,05/19/2022 02:57:46,23.64,,,,
1646,05/19/2022 03:02:46,23.59,,,,
1647,05/19/2022 03:07:46,23.42,,,,
1648,05/19/2022 03:12:46,23.34,,,,
1649,05/19/2022 03:17:46,23.25,,,,
1650,05/19/2022 03:22:46,23.08,,,,
1651,05/19/2022 03:27:46,22.91,,,,
1652,05/19/2022 03:32:46,22.78,,,,
1653,05/19/2022 03:37:46,22.78,,,,
1654,05/19/2022 03:42:46,22.82,,,,
1655,05/19/2022 03:47:46,22.91,,,,
1656,05/19/2022 03:52:46,23.03,,,,
1657,05/19/2022 03:57:46,23.12,,,,
1658,05/19/2022 04:02:46,23.08,,,,
1659,05/19/2022 04:07:46,23.16,,,,
1660,05/19/2022 04:12:46,23.03,,,,
1661,05/19/2022 04:17:46,22.86,,,,
1662,05/19/2022 04:22:46,22.69,,,,
1663,05/19/2022 04:27:46,22.43,,,,
1664,05/19/2022 04:32:46,22.26,,,,
1665,05/19/2022 04:37:46,22.22,,,,
1666,05/19/2022 04:42:46,22.22,,,,
1667,05/19/2022 04:47:46,22.09,,,,
1668,05/19/2022 04:52:46,21.88,,,,
1669,05/19/2022 04:57:46,21.75,,,,
1670,05/19/2022 05:02:46,21.58,,,,
1671,05/19/2022 05:07:46,21.66,,,,
1672,05/19/2022 05:12:46,21.75,,,,
1673,05/19/2022 05:17:46,21.75,,,,
1674,05/19/2022 05:22:46,21.83,,,,
1675,05/19/2022 05:27:46,21.70,,,,
1676,05/19/2022 05:32:46,21.58,,,,
1677,05/19/2022 05:37:46,21.23,,,,
1678,05/19/2022 05:42:46,21.02,,,,
1679,05/19/2022 05:47:46,20.72,,,,
1680,05/19/2022 05:52:46,20.46,,,,
1681,05/19/2022 05:57:46,20.12,,,,
1682,05/19/2022 06:02:46,19.86,,,,
1683,05/19/2022 06:07:46,19.52,,,,
1684,05/19/2022 06:12:46,19.26,,,,
1685,05/19/2022 06:17:46,19.09,,,,
1686,05/19/2022 06:22:46,19.00,,,,
1687,05/19/2022 06:27:46,18.96,,,,
1688,05/19/2022 06:32:46,19.05,,,,
1689,05/19/2022 06:37:46,19.17,,,,
1690,05/19/2022 06:42:46,19.30,,,,
1691,05/19/2022 06:47:46,19.43,,,,
1692,05/19/2022 06:52:46,19.69,,,,
1693,05/19/2022 06:57:46,20.03,,,,
1694,05/19/2022 07:02:46,20.46,,,,
1695,05/19/2022 07:07:46,20.80,,,,
1696,05/19/2022 07:12:46,21.10,,,,
1697,05/19/2022 07:17:46,21.58,,,,
1698,05/19/2022 07:22:46,22.09,,,,
1699,05/19/2022 07:27:46,22.48,,,,
1700,05/19/2022 07:32:46,22.91,,,,
1701,05/19/2022 07:37:46,23.25,,,,
1702,05/19/2022 07:42:46,23.68,,,,
1703,05/19/2022 07:47:46,24.11,,,,
1704,05/19/2022 07:52:46,24.49,,,,
1705,05/19/2022 07:57:46,24.92,,,,
1706,05/19/2022 08:02:46,25.22,,,,
1707,05/19/2022 08:07:46,25.44,,,,
1708,05/19/2022 08:12:46,25.69,,,,
1709,05/19/2022 08:17:46,25.99,,,,
1710,05/19/2022 08:22:46,26.38,,,,
1711,05/19/2022 08:27:46,26.72,,,,
1712,05/19/2022 08:32:46,26.90,,,,
1713,05/19/2022 08:37:46,27.07,,,,
1714,05/19/2022 08:42:46,27.28,,,,
1715,05/19/2022 08:47:46,27.45,,,,
1716,05/19/2022 08:52:46,27.63,,,,
1717,05/19/2022 08:57:46,27.71,,,,
1718,05/19/2022 09:02:46,27.80,,,,
1719,05/19/2022 09:07:46,27.84,,,,
1720,05/19/2022 09:12:46,27.84,,,,
1721,05/19/2022 09:17:46,28.05,,,,
1722,05/19/2022 09:22:46,28.10,,,,
1723,05/19/2022 09:27:46,28.18,,,,
1724,05/19/2022 09:32:46,28.31,,,,
1725,05/19/2022 09:37:46,28.40,,,,
1726,05/19/2022 09:42:46,28.53,,,,
1727,05/19/2022 09:47:46,28.74,,,,
1728,05/19/2022 09:52:46,28.91,,,,
1729,05/19/2022 09:57:46,29.17,,,,
1730,05/19/2022 10:02:46,29.13,,,,
1731,05/19/2022 10:07:46,29.26,,,,
1732,05/19/2022 10:12:46,29.47,,,,
1733,05/19/2022 10:17:46,29.34,,,,
1734,05/19/2022 10:22:46,29.51,,,,
1735,05/19/2022 10:27:46,29.73,,,,
1736,05/19/2022 10:32:46,29.64,,,,
1737,05/19/2022 10:37:46,29.73,,,,
1738,05/19/2022 10:42:46,29.81,,,,
1739,05/19/2022 10:47:46,29.94,,,,
1740,05/19/2022 10:52:46,29.98,,,,
1741,05/19/2022 10:57:46,29.94,,,,
1742,05/19/2022 11:02:46,30.07,,,,
1743,05/19/2022 11:07:46,30.20,,,,
1744,05/19/2022 11:12:46,30.20,,,,
1745,05/19/2022 11:17:46,30.28,,,,
1746,05/19/2022 11:22:46,30.54,,,,
1747,05/19/2022 11:27:46,30.84,,,,
1748,05/19/2022 11:32:46,30.93,,,,
1749,05/19/2022 11:37:46,31.01,,,,
1750,05/19/2022 11:42:46,30.97,,,,
1751,05/19/2022 11:47:46,30.93,,,,
1752,05/19/2022 11:52:46,31.14,,,,
1753,05/19/2022 11:57:46,31.31,,,,
1754,05/19/2022 12:02:46,31.44,,,,
1755,05/19/2022 12:07:46,31.44,,,,
1756,05/19/2022 12:12:46,31.40,,,,
1757,05/19/2022 12:17:46,31.61,,,,
1758,05/19/2022 12:22:46,31.83,,,,
1759,05/19/2022 12:27:46,31.79,,,,
1760,05/19/2022 12:32:46,31.74,,,,
1761,05/19/2022 12:37:46,31.74,,,,
1762,05/19/2022 12:42:46,31.92,,,,
1763,05/19/2022 12:47:46,32.00,,,,
1764,05/19/2022 12:52:46,32.09,,,,
1765,05/19/2022 12:57:46,32.04,,,,
1766,05/19/2022 13:02:46,31.92,,,,
1767,05/19/2022 13:07:46,32.04,,,,
1768,05/19/2022 13:12:46,32.00,,,,
1769,05/19/2022 13:17:46,32.04,,,,
1770,05/19/2022 13:22:46,32.13,,,,
1771,05/19/2022 13:27:46,32.17,,,,
1772,05/19/2022 13:32:46,32.26,,,,
1773,05/19/2022 13:37:46,32.34,,,,
1774,05/19/2022 13:42:46,32.52,,,,
1775,05/19/2022 13:47:46,32.64,,,,
1776,05/19/2022 13:52:46,32.77,,,,
1777,05/19/2022 13:57:46,32.99,,,,
1778,05/19/2022 14:02:46,32.90,,,,
1779,05/19/2022 14:07:46,32.82,,,,
1780,05/19/2022 14:12:46,32.82,,,,
1781,05/19/2022 14:17:46,32.99,,,,
1782,05/19/2022 14:22:46,32.99,,,,
1783,05/19/2022 14:27:46,32.69,,,,
1784,05/19/2022 14:32:46,32.73,,,,
1785,05/19/2022 14:37:46,32.94,,,,
1786,05/19/2022 14:42:46,33.16,,,,
1787,05/19/2022 14:47:46,33.33,,,,
1788,05/19/2022 14:52:46,33.42,,,,
1789,05/19/2022 14:57:46,33.55,,,,
1790,05/19/2022 15:02:46,33.80,,,,
1791,05/19/2022 15:07:46,33.93,,,,
1792,05/19/2022 15:12:46,33.85,,,,
1793,05/19/2022 15:17:46,33.89,,,,
1794,05/19/2022 15:22:46,34.19,,,,
1795,05/19/2022 15:27:46,34.36,,,,
1796,05/19/2022 15:32:46,34.32,,,,
1797,05/19/2022 15:37:46,34.32,,,,
1798,05/19/2022 15:42:46,34.57,,,,
1799,05/19/2022 15:47:46,34.45,,,,
1800,05/19/2022 15:52:46,34.45,,,,
1801,05/19/2022 15:57:46,34.32,,,,
1802,05/19/2022 16:02:46,34.32,,,,
1803,05/19/2022 16:07:46,34.32,,,,
1804,05/19/2022 16:12:46,34.15,,,,
1805,05/19/2022 16:17:46,34.27,,,,
1806,05/19/2022 16:22:46,34.40,,,,
1807,05/19/2022 16:27:46,34.53,,,,
1808,05/19/2022 16:32:46,34.75,,,,
1809,05/19/2022 16:37:46,35.26,,,,
1810,05/19/2022 16:42:46,35.13,,,,
1811,05/19/2022 16:47:46,34.66,,,,
1812,05/19/2022 16:52:46,34.45,,,,
1813,05/19/2022 16:57:46,34.66,,,,
1814,05/19/2022 17:02:46,34.79,,,,
1815,05/19/2022 17:07:46,34.92,,,,
1816,05/19/2022 17:12:46,34.75,,,,
1817,05/19/2022 17:17:46,34.83,,,,
1818,05/19/2022 17:22:46,34.40,,,,
1819,05/19/2022 17:27:46,34.49,,,,
1820,05/19/2022 17:32:46,35.13,,,,
1821,05/19/2022 17:37:46,35.95,,,,
1822,05/19/2022 17:42:46,35.69,,,,
1823,05/19/2022 17:47:46,35.56,,,,
1824,05/19/2022 17:52:46,35.69,,,,
1825,05/19/2022 17:57:46,35.18,,,,
1826,05/19/2022 18:02:46,35.18,,,,
1827,05/19/2022 18:07:46,34.75,,,,
1828,05/19/2022 18:12:46,34.75,,,,
1829,05/19/2022 18:17:46,34.75,,,,
1830,05/19/2022 18:22:46,34.10,,,,
1831,05/19/2022 18:27:46,33.80,,,,
1832,05/19/2022 18:32:46,33.76,,,,
1833,05/19/2022 18:37:46,33.59,,,,
1834,05/19/2022 18:42:46,33.46,,,,
1835,05/19/2022 18:47:46,33.50,,,,
1836,05/19/2022 18:52:46,33.59,,,,
1837,05/19/2022 18:57:46,33.46,,,,
1838,05/19/2022 19:02:46,33.29,,,,
1839,05/19/2022 19:07:46,33.12,,,,
1840,05/19/2022 19:12:46,32.99,,,,
1841,05/19/2022 19:17:46,33.07,,,,
1842,05/19/2022 19:22:46,32.99,,,,
1843,05/19/2022 19:27:46,32.77,,,,
1844,05/19/2022 19:32:46,32.47,,,,
1845,05/19/2022 19:37:46,32.13,,,,
1846,05/19/2022 19:42:46,31.74,,,,
1847,05/19/2022 19:47:46,31.44,,,,
1848,05/19/2022 19:52:46,31.14,,,,
1849,05/19/2022 19:57:46,30.97,,,,
1850,05/19/2022 20:02:46,30.50,,,,
1851,05/19/2022 20:07:46,29.86,,,,
1852,05/19/2022 20:12:46,29.04,,,,
1853,05/19/2022 20:17:46,28.27,,,,
1854,05/19/2022 20:22:46,27.45,,,,
1855,05/19/2022 20:27:46,26.60,,,,
1856,05/19/2022 20:32:46,25.78,,,,
1857,05/19/2022 20:37:46,24.97,,,,
1858,05/19/2022 20:42:46,24.11,,,,
1859,05/19/2022 20:47:46,23.21,,,,
1860,05/19/2022 20:52:46,22.39,,,,
1861,05/19/2022 20:57:46,21.66,,,,
1862,05/19/2022 21:02:46,21.10,,,,
1863,05/19/2022 21:07:46,20.68,,,,
1864,05/19/2022 21:12:46,20.20,,,,
1865,05/19/2022 21:17:46,19.82,,,,
1866,05/19/2022 21:22:46,19.30,,,,
1867,05/19/2022 21:27:46,18.74,,,,
1868,05/19/2022 21:32:46,18.79,,,,
1869,05/19/2022 21:37:46,18.66,,,,
1870,05/19/2022 21:42:46,18.66,,,,
1871,05/19/2022 21:47:46,18.62,,,,
1872,05/19/2022 21:52:46,18.44,,,,
1873,05/19/2022 21:57:46,18.40,,,,
1874,05/19/2022 22:02:46,18.32,,,,
1875,05/19/2022 22:07:46,18.57,,,,
1876,05/19/2022 22:12:46,19.13,,,,
1877,05/19/2022 22:17:46,19.90,,,,
1878,05/19/2022 22:22:46,20.46,,,,
1879,05/19/2022 22:27:46,20.85,,,,
1880,05/19/2022 22:32:46,21.02,,,,
1881,05/19/2022 22:37:46,21.23,,,,
1882,05/19/2022 22:42:46,21.28,,,,
1883,05/19/2022 22:47:46,21.28,,,,
1884,05/19/2022 22:52:46,21.45,,,,
1885,05/19/2022 22:57:46,21.49,,,,
1886,05/19/2022 23:02:46,21.40,,,,
1887,05/19/2022 23:07:46,21.49,,,,
1888,05/19/2022 23:12:46,21.45,,,,
1889,05/19/2022 23:17:46,21.36,,,,
1890,05/19/2022 23:22:46,21.28,,,,
1891,05/19/2022 23:27:46,21.32,,,,
1892,05/19/2022 23:32:46,21.23,,,,
1893,05/19/2022 23:37:46,21.19,,,,
1894,05/19/2022 23:42:46,21.15,,,,
1895,05/19/2022 23:47:46,21.10,,,,
1896,05/19/2022 23:52:46,21.15,,,,
1897,05/19/2022 23:57:46,21.10,,,,
1898,05/20/2022 00:02:46,21.06,,,,
1899,05/20/2022 00:07:46,21.02,,,,
1900,05/20/2022 00:12:46,20.98,,,,
1901,05/20/2022 00:17:46,20.98,,,,
1902,05/20/2022 00:22:46,20.80,,,,
1903,05/20/2022 00:27:46,20.68,,,,
1904,05/20/2022 00:32:46,20.59,,,,
1905,05/20/2022 00:37:46,20.42,,,,
1906,05/20/2022 00:42:46,20.25,,,,
1907,05/20/2022 00:47:46,19.99,,,,
1908,05/20/2022 00:52:46,19.90,,,,
1909,05/20/2022 00:57:46,19.82,,,,
1910,05/20/2022 01:02:46,19.60,,,,
1911,05/20/2022 01:07:46,19.47,,,,
1912,05/20/2022 01:12:46,19.39,,,,
1913,05/20/2022 01:17:46,19.26,,,,
1914,05/20/2022 01:22:46,19.13,,,,
1915,05/20/2022 01:27:46,18.96,,,,
1916,05/20/2022 01:32:46,18.74,,,,
1917,05/20/2022 01:37:46,18.57,,,,
1918,05/20/2022 01:42:46,18.27,,,,
1919,05/20/2022 01:47:46,18.14,,,,
1920,05/20/2022 01:52:46,17.93,,,,
1921,05/20/2022 01:57:46,17.80,,,,
1922,05/20/2022 02:02:46,17.67,,,,
1923,05/20/2022 02:07:46,17.63,,,,
1924,05/20/2022 02:12:46,17.54,,,,
1925,05/20/2022 02:17:46,17.46,,,,
1926,05/20/2022 02:22:46,17.37,,,,
1927,05/20/2022 02:27:46,17.33,,,,
1928,05/20/2022 02:32:46,17.11,,,,
1929,05/20/2022 02:37:46,17.03,,,,
1930,05/20/2022 02:42:46,16.90,,,,
1931,05/20/2022 02:47:46,16.77,,,,
1932,05/20/2022 02:52:46,16.69,,,,
1933,05/20/2022 02:57:46,16.51,,,,
1934,05/20/2022 03:02:46,16.43,,,,
1935,05/20/2022 03:07:46,16.26,,,,
1936,05/20/2022 03:12:46,16.13,,,,
1937,05/20/2022 03:17:46,16.00,,,,
1938,05/20/2022 03:22:46,15.87,,,,
1939,05/20/2022 03:27:46,15.78,,,,
1940,05/20/2022 03:32:46,15.70,,,,
1941,05/20/2022 03:37:46,15.57,,,,
1942,05/20/2022 03:42:46,15.53,,,,
1943,05/20/2022 03:47:46,15.44,,,,
1944,05/20/2022 03:52:46,15.40,,,,
1945,05/20/2022 03:57:46,15.27,,,,
1946,05/20/2022 04:02:46,15.23,,,,
1947,05/20/2022 04:07:46,15.14,,,,
1948,05/20/2022 04:12:46,15.14,,,,
1949,05/20/2022 04:17:46,15.14,,,,
1950,05/20/2022 04:22:46,15.06,,,,
1951,05/20/2022 04:27:46,15.01,,,,
1952,05/20/2022 04:32:46,15.01,,,,
1953,05/20/2022 04:37:46,15.06,,,,
1954,05/20/2022 04:42:46,14.97,,,,
1955,05/20/2022 04:47:46,14.97,,,,
1956,05/20/2022 04:52:46,14.84,,,,
1957,05/20/2022 04:57:46,14.93,,,,
1958,05/20/2022 05:02:46,14.84,,,,
1959,05/20/2022 05:07:46,14.75,,,,
1960,05/20/2022 05:12:46,14.67,,,,
1961,05/20/2022 05:17:46,14.71,,,,
1962,05/20/2022 05:22:46,14.67,,,,
1963,05/20/2022 05:27:46,14.58,,,,
1964,05/20/2022 05:32:46,14.50,,,,
1965,05/20/2022 05:37:46,14.54,,,,
1966,05/20/2022 05:42:46,14.58,,,,
1967,05/20/2022 05:47:46,14.54,,,,
1968,05/20/2022 05:52:46,14.54,,,,
1969,05/20/2022 05:57:46,14.58,,,,
1970,05/20/2022 06:02:46,14.54,,,,
1971,05/20/2022 06:07:46,14.50,,,,
1972,05/20/2022 06:12:46,14.54,,,,
1973,05/20/2022 06:17:46,14.54,,,,
1974,05/20/2022 06:22:46,14.58,,,,
1975,05/20/2022 06:27:46,14.63,,,,
1976,05/20/2022 06:32:46,14.58,,,,
1977,05/20/2022 06:37:46,14.63,,,,
1978,05/20/2022 06:42:46,14.58,,,,
1979,05/20/2022 06:47:46,14.58,,,,
1980,05/20/2022 06:52:46,14.63,,,,
1981,05/20/2022 06:57:46,14.67,,,,
1982,05/20/2022 07:02:46,14.71,,,,
1983,05/20/2022 07:07:46,14.71,,,,
1984,05/20/2022 07:12:46,14.80,,,,
1985,05/20/2022 07:17:46,14.93,,,,
1986,05/20/2022 07:22:46,15.06,,,,
1987,05/20/2022 07:27:46,15.23,,,,
1988,05/20/2022 07:32:46,15.40,,,,
1989,05/20/2022 07:37:46,15.36,,,,
1990,05/20/2022 07:42:46,15.36,,,,
1991,05/20/2022 07:47:46,15.40,,,,
1992,05/20/2022 07:52:46,15.57,,,,
1993,05/20/2022 07:57:46,15.83,,,,
1994,05/20/2022 08:02:46,16.00,,,,
1995,05/20/2022 08:07:46,16.21,,,,
1996,05/20/2022 08:12:46,16.51,,,,
1997,05/20/2022 08:17:46,16.64,,,,
1998,05/20/2022 08:22:46,16.81,,,,
1999,05/20/2022 08:27:46,16.94,,,,
2000,05/20/2022 08:32:46,17.03,,,,
2001,05/20/2022 08:37:46,17.16,,,,
2002,05/20/2022 08:42:46,17.20,,,,
2003,05/20/2022 08:47:46,17.37,,,,
2004,05/20/2022 08:52:46,17.50,,,,
2005,05/20/2022 08:57:46,17.72,,,,
2006,05/20/2022 09:02:46,17.80,,,,
2007,05/20/2022 09:07:46,17.80,,,,
2008,05/20/2022 09:12:46,17.80,,,,
2009,05/20/2022 09:17:46,17.97,,,,
2010,05/20/2022 09:22:46,18.19,,,,
2011,05/20/2022 09:27:46,18.62,,,,
2012,05/20/2022 09:32:46,18.62,,,,
2013,05/20/2022 09:37:46,18.66,,,,
2014,05/20/2022 09:42:46,18.83,,,,
2015,05/20/2022 09:47:46,18.96,,,,
2016,05/20/2022 09:52:46,19.17,,,,
2017,05/20/2022 09:57:46,19.43,,,,
2018,05/20/2022 10:02:46,19.52,,,,
2019,05/20/2022 10:07:46,19.56,,,,
2020,05/20/2022 10:12:46,19.65,,,,
2021,05/20/2022 10:17:46,19.77,,,,
2022,05/20/2022 10:22:46,20.03,,,,
2023,05/20/2022 10:27:46,20.25,,,,
2024,05/20/2022 10:32:46,20.46,,,,
2025,05/20/2022 10:37:46,20.55,,,,
2026,05/20/2022 10:42:46,20.76,,,,
2027,05/20/2022 10:47:46,20.89,,,,
2028,05/20/2022 10:52:46,21.10,,,,
2029,05/20/2022 10:57:46,21.23,,,,
2030,05/20/2022 11:02:46,21.28,,,,
2031,05/20/2022 11:07:46,21.40,,,,
2032,05/20/2022 11:12:46,21.62,,,,
2033,05/20/2022 11:17:46,21.62,,,,
2034,05/20/2022 11:22:46,21.83,,,,
2035,05/20/2022 11:27:46,21.88,,,,
2036,05/20/2022 11:32:46,21.92,,,,
2037,05/20/2022 11:37:46,22.22,,,,
2038,05/20/2022 11:42:46,22.43,,,,
2039,05/20/2022 11:47:46,22.39,,,,
2040,05/20/2022 11:52:46,22.61,,,,
2041,05/20/2022 11:57:46,22.52,,,,
2042,05/20/2022 12:02:46,22.65,,,,
2043,05/20/2022 12:07:46,23.03,,,,
2044,05/20/2022 12:12:46,23.08,,,,
2045,05/20/2022 12:17:46,23.46,,,,
2046,05/20/2022 12:22:46,23.46,,,,
2047,05/20/2022 12:27:46,23.42,,,,
2048,05/20/2022 12:32:46,23.64,,,,
2049,05/20/2022 12:37:46,23.89,,,,
2050,05/20/2022 12:42:46,24.24,,,,
2051,05/20/2022 12:47:46,24.15,,,,
2052,05/20/2022 12:52:46,24.19,,,,
2053,05/20/2022 12:57:46,24.32,,,,
2054,05/20/2022 13:02:46,24.36,,,,
2055,05/20/2022 13:07:46,24.58,,,,
2056,05/20/2022 13:12:46,24.71,,,,
2057,05/20/2022 13:17:46,24.92,,,,
2058,05/20/2022 13:22:46,25.09,,,,
2059,05/20/2022 13:27:46,25.18,,,,
2060,05/20/2022 13:32:46,25.35,,,,
2061,05/20/2022 13:37:46,25.48,,,,
2062,05/20/2022 13:42:46,25.78,,,,
2063,05/20/2022 13:47:46,26.04,,,,
2064,05/20/2022 13:52:46,26.12,,,,
2065,05/20/2022 13:57:46,26.08,,,,
2066,05/20/2022 14:02:46,26.12,,,,
2067,05/20/2022 14:07:46,26.21,,,,
2068,05/20/2022 14:12:46,26.38,,,,
2069,05/20/2022 14:17:46,26.72,,,,
2070,05/20/2022 14:22:46,26.85,,,,
2071,05/20/2022 14:27:46,26.68,,,,
2072,05/20/2022 14:32:46,27.02,,,,
2073,05/20/2022 14:37:46,26.94,,,,
2074,05/20/2022 14:42:46,27.07,,,,
2075,05/20/2022 14:47:46,26.94,,,,
2076,05/20/2022 14:52:46,27.11,,,,
2077,05/20/2022 14:57:46,27.07,,,,
2078,05/20/2022 15:02:46,27.32,,,,
2079,05/20/2022 15:07:46,27.50,,,,
2080,05/20/2022 15:12:46,27.37,,,,
2081,05/20/2022 15:17:46,27.58,,,,
2082,05/20/2022 15:22:46,27.75,,,,
2083,05/20/2022 15:27:46,27.75,,,,
2084,05/20/2022 15:32:46,27.71,,,,
2085,05/20/2022 15:37:46,27.54,,,,
2086,05/20/2022 15:42:46,27.67,,,,
2087,05/20/2022 15:47:46,27.84,,,,
2088,05/20/2022 15:52:46,27.80,,,,
2089,05/20/2022 15:57:46,28.01,,,,
2090,05/20/2022 16:02:46,28.35,,,,
2091,05/20/2022 16:07:46,28.35,,,,
2092,05/20/2022 16:12:46,28.18,,,,
2093,05/20/2022 16:17:46,28.14,,,,
2094,05/20/2022 16:22:46,28.01,,,,
2095,05/20/2022 16:27:46,28.10,,,,
2096,05/20/2022 16:32:46,28.14,,,,
2097,05/20/2022 16:37:46,28.18,,,,
2098,05/20/2022 16:42:46,28.14,,,,
2099,05/20/2022 16:47:46,28.27,,,,
2100,05/20/2022 16:52:46,28.44,,,,
2101,05/20/2022 16:57:46,28.57,,,,
2102,05/20/2022 17:02:46,28.44,,,,
2103,05/20/2022 17:07:46,28.61,,,,
2104,05/20/2022 17:12:46,28.35,,,,
2105,05/20/2022 17:17:46,28.35,,,,
2106,05/20/2022 17:22:46,28.27,,,,
2107,05/20/2022 17:27:46,28.23,,,,
2108,05/20/2022 17:32:46,28.48,,,,
2109,05/20/2022 17:37:46,28.44,,,,
2110,05/20/2022 17:42:46,28.44,,,,
2111,05/20/2022 17:47:46,28.27,,,,
2112,05/20/2022 17:52:46,28.35,,,,
2113,05/20/2022 17:57:46,28.40,,,,
2114,05/20/2022 18:02:46,28.31,,,,
2115,05/20/2022 18:07:46,28.40,,,,
2116,05/20/2022 18:12:46,28.18,,,,
2117,05/20/2022 18:17:46,28.14,,,,
2118,05/20/2022 18:22:46,28.14,,,,
2119,05/20/2022 18:27:46,28.14,,,,
2120,05/20/2022 18:32:46,28.05,,,,
2121,05/20/2022 18:37:46,27.93,,,,
2122,05/20/2022 18:42:46,27.93,,,,
2123,05/20/2022 18:47:46,27.93,,,,
2124,05/20/2022 18:52:46,27.97,,,,
2125,05/20/2022 18:57:46,27.93,,,,
2126,05/20/2022 19:02:46,27.84,,,,
2127,05/20/2022 19:07:46,27.67,,,,
2128,05/20/2022 19:12:46,27.50,,,,
2129,05/20/2022 19:17:46,27.37,,,,
2130,05/20/2022 19:22:46,27.15,,,,
2131,05/20/2022 19:27:46,27.07,,,,
2132,05/20/2022 19:32:46,26.85,,,,
2133,05/20/2022 19:37:46,26.64,,,,
2134,05/20/2022 19:42:46,26.42,,,,
2135,05/20/2022 19:47:46,26.25,,,,
2136,05/20/2022 19:52:46,26.08,,,,
2137,05/20/2022 19:57:46,25.74,,,,
2138,05/20/2022 20:02:46,25.35,,,,
2139,05/20/2022 20:07:46,25.01,,,,
2140,05/20/2022 20:12:46,24.58,,,,
2141,05/20/2022 20:17:46,24.11,,,,
2142,05/20/2022 20:22:46,23.72,,,,
2143,05/20/2022 20:27:46,23.38,,,,
2144,05/20/2022 20:32:46,23.12,,,,
2145,05/20/2022 20:37:46,22.95,,,,
2146,05/20/2022 20:42:46,22.73,,,,
2147,05/20/2022 20:47:46,22.52,,,,
2148,05/20/2022 20:52:46,22.31,,,,
2149,05/20/2022 20:57:46,22.18,,,,
2150,05/20/2022 21:02:46,21.92,,,,
2151,05/20/2022 21:07:46,21.83,,,,
2152,05/20/2022 21:12:46,21.66,,,,
2153,05/20/2022 21:17:46,21.49,,,,
2154,05/20/2022 21:22:46,21.36,,,,
2155,05/20/2022 21:27:46,21.23,,,,
2156,05/20/2022 21:32:46,21.02,,,,
2157,05/20/2022 21:37:46,20.89,,,,
2158,05/20/2022 21:42:46,20.80,,,,
2159,05/20/2022 21:47:46,20.76,,,,
2160,05/20/2022 21:52:46,20.89,,,,
2161,05/20/2022 21:57:46,20.93,,,,
2162,05/20/2022 22:02:46,20.89,,,,
2163,05/20/2022 22:07:46,20.59,,,,
2164,05/20/2022 22:12:46,20.03,,,,
2165,05/20/2022 22:17:46,19.47,,,,
2166,05/20/2022 22:22:46,19.09,,,,
2167,05/20/2022 22:27:46,18.96,,,,
2168,05/20/2022 22:32:46,19.22,,,,
2169,05/20/2022 22:37:46,19.52,,,,
2170,05/20/2022 22:42:46,19.65,,,,
2171,05/20/2022 22:47:46,19.65,,,,
2172,05/20/2022 22:52:46,19.73,,,,
2173,05/20/2022 22:57:46,19.69,,,,
2174,05/20/2022 23:02:46,19.82,,,,
2175,05/20/2022 23:07:46,19.69,,,,
2176,05/20/2022 23:12:46,19.60,,,,
2177,05/20/2022 23:17:46,19.56,,,,
2178,05/20/2022 23:22:46,19.39,,,,
2179,05/20/2022 23:27:46,19.30,,,,
2180,05/20/2022 23:32:46,19.17,,,,
2181,05/20/2022 23:37:46,19.09,,,,
2182,05/20/2022 23:42:46,18.96,,,,
2183,05/20/2022 23:47:46,18.79,,,,
2184,05/20/2022 23:52:46,18.62,,,,
2185,05/20/2022 23:57:46,18.49,,,,
2186,05/21/2022 00:02:46,18.32,,,,
2187,05/21/2022 00:07:46,18.23,,,,
2188,05/21/2022 00:12:46,18.23,,,,
2189,05/21/2022 00:17:46,18.23,,,,
2190,05/21/2022 00:22:46,18.19,,,,
2191,05/21/2022 00:27:46,18.06,,,,
2192,05/21/2022 00:32:46,17.93,,,,
2193,05/21/2022 00:37:46,17.84,,,,
2194,05/21/2022 00:42:46,17.72,,,,
2195,05/21/2022 00:47:46,17.67,,,,
2196,05/21/2022 00:52:46,17.76,,,,
2197,05/21/2022 00:57:46,17.80,,,,
2198,05/21/2022 01:02:46,17.76,,,,
2199,05/21/2022 01:07:46,17.76,,,,
2200,05/21/2022 01:12:46,17.89,,,,
2201,05/21/2022 01:17:46,17.97,,,,
2202,05/21/2022 01:22:46,18.02,,,,
2203,05/21/2022 01:27:46,18.14,,,,
2204,05/21/2022 01:32:46,18.10,,,,
2205,05/21/2022 01:37:46,18.10,,,,
2206,05/21/2022 01:42:46,18.10,,,,
2207,05/21/2022 01:47:46,18.14,,,,
2208,05/21/2022 01:52:46,18.14,,,,
2209,05/21/2022 01:57:46,18.10,,,,
2210,05/21/2022 02:02:46,18.02,,,,
2211,05/21/2022 02:07:46,18.02,,,,
2212,05/21/2022 02:12:46,17.97,,,,
2213,05/21/2022 02:17:46,17.89,,,,
2214,05/21/2022 02:22:46,17.72,,,,
2215,05/21/2022 02:27:46,17.59,,,,
2216,05/21/2022 02:32:46,17.41,,,,
2217,05/21/2022 02:37:46,17.33,,,,
2218,05/21/2022 02:42:46,17.37,,,,
2219,05/21/2022 02:47:46,17.46,,,,
2220,05/21/2022 02:52:46,17.33,,,,
2221,05/21/2022 02:57:46,17.24,,,,
2222,05/21/2022 03:02:46,17.20,,,,
2223,05/21/2022 03:07:46,17.37,,,,
2224,05/21/2022 03:12:46,17.41,,,,
2225,05/21/2022 03:17:46,17.59,,,,
2226,05/21/2022 03:22:46,17.76,,,,
2227,05/21/2022 03:27:46,17.76,,,,
2228,05/21/2022 03:32:46,17.80,,,,
2229,05/21/2022 03:37:46,17.76,,,,
2230,05/21/2022 03:42:46,17.80,,,,
2231,05/21/2022 03:47:46,17.76,,,,
2232,05/21/2022 03:52:46,17.76,,,,
2233,05/21/2022 03:57:46,17.63,,,,
2234,05/21/2022 04:02:46,17.46,,,,
2235,05/21/2022 04:07:46,17.46,,,,
2236,05/21/2022 04:12:46,17.50,,,,
2237,05/21/2022 04:17:46,17.54,,,,
2238,05/21/2022 04:22:46,17.46,,,,
2239,05/21/2022 04:27:46,17.46,,,,
2240,05/21/2022 04:32:46,17.46,,,,
2241,05/21/2022 04:37:46,17.50,,,,
2242,05/21/2022 04:42:46,17.50,,,,
2243,05/21/2022 04:47:46,17.33,,,,
2244,05/21/2022 04:52:46,17.33,,,,
2245,05/21/2022 04:57:46,17.16,,,,
2246,05/21/2022 05:02:46,17.07,,,,
2247,05/21/2022 05:07:46,17.07,,,,
2248,05/21/2022 05:12:46,17.16,,,,
2249,05/21/2022 05:17:46,17.24,,,,
2250,05/21/2022 05:22:46,17.33,,,,
2251,05/21/2022 05:27:46,17.37,,,,
2252,05/21/2022 05:32:46,17.41,,,,
2253,05/21/2022 05:37:46,17.46,,,,
2254,05/21/2022 05:42:46,17.37,,,,
2255,05/21/2022 05:47:46,17.37,,,,
2256,05/21/2022 05:52:46,17.29,,,,
2257,05/21/2022 05:57:46,17.33,,,,
2258,05/21/2022 06:02:46,17.29,,,,
2259,05/21/2022 06:07:46,17.33,,,,
2260,05/21/2022 06:12:46,17.29,,,,
2261,05/21/2022 06:17:46,17.33,,,,
2262,05/21/2022 06:22:46,17.33,,,,
2263,05/21/2022 06:27:46,17.37,,,,
2264,05/21/2022 06:32:46,17.37,,,,
2265,05/21/2022 06:37:46,17.50,,,,
2266,05/21/2022 06:42:46,17.72,,,,
2267,05/21/2022 06:47:46,17.97,,,,
2268,05/21/2022 06:52:46,18.14,,,,
2269,05/21/2022 06:57:46,18.36,,,,
2270,05/21/2022 07:02:46,18.57,,,,
2271,05/21/2022 07:07:46,18.83,,,,
2272,05/21/2022 07:12:46,19.00,,,,
2273,05/21/2022 07:17:46,19.22,,,,
2274,05/21/2022 07:22:46,19.39,,,,
2275,05/21/2022 07:27:46,19.56,,,,
2276,05/21/2022 07:32:46,19.82,,,,
2277,05/21/2022 07:37:46,20.07,,,,
2278,05/21/2022 07:42:46,20.29,,,,
2279,05/21/2022 07:47:46,20.55,,,,
2280,05/21/2022 07:52:46,20.76,,,,
2281,05/21/2022 07:57:46,20.89,,,,
2282,05/21/2022 08:02:46,20.98,,,,
2283,05/21/2022 08:07:46,21.10,,,,
2284,05/21/2022 08:12:46,21.19,,,,
2285,05/21/2022 08:17:46,21.40,,,,
2286,05/21/2022 08:22:46,21.58,,,,
2287,05/21/2022 08:27:46,21.66,,,,
2288,05/21/2022 08:32:46,21.75,,,,
2289,05/21/2022 08:37:46,21.79,,,,
2290,05/21/2022 08:42:46,21.88,,,,
2291,05/21/2022 08:47:46,21.96,,,,
2292,05/21/2022 08:52:46,21.96,,,,
2293,05/21/2022 08:57:46,22.13,,,,
2294,05/21/2022 09:02:46,22.26,,,,
2295,05/21/2022 09:07:46,22.35,,,,
2296,05/21/2022 09:12:46,22.56,,,,
2297,05/21/2022 09:17:46,22.78,,,,
2298,05/21/2022 09:22:46,22.95,,,,
2299,05/21/2022 09:27:46,23.08,,,,
2300,05/21/2022 09:32:46,23.12,,,,
2301,05/21/2022 09:37:46,23.25,,,,
2302,05/21/2022 09:42:46,23.55,,,,
2303,05/21/2022 09:47:46,23.81,,,,
2304,05/21/2022 09:52:46,23.89,,,,
2305,05/21/2022 09:57:46,24.02,,,,
2306,05/21/2022 10:02:46,26.51,,,,
2307,05/21/2022 10:05:50,,Logged,Logged,,
2308,05/21/2022 10:05:53,,,,Logged,Logged
