#,Date-Time (PDT),Ch:1 - Temperature   (Â°C),Host Connected,Button Down,Button Up,End of File
1,05/13/2022 09:59:05,29.86,,,,
2,05/13/2022 09:59:20,,Logged,,,
3,05/13/2022 10:04:05,27.58,,,,
4,05/13/2022 10:09:05,26.30,,,,
5,05/13/2022 10:14:05,26.30,,,,
6,05/13/2022 10:19:05,25.74,,,,
7,05/13/2022 10:24:05,25.99,,,,
8,05/13/2022 10:29:05,26.12,,,,
9,05/13/2022 10:34:05,26.51,,,,
10,05/13/2022 10:39:05,26.90,,,,
11,05/13/2022 10:44:05,26.72,,,,
12,05/13/2022 10:49:05,27.24,,,,
13,05/13/2022 10:54:05,27.97,,,,
14,05/13/2022 10:59:05,27.80,,,,
15,05/13/2022 11:04:05,27.71,,,,
16,05/13/2022 11:09:05,27.97,,,,
17,05/13/2022 11:14:05,27.93,,,,
18,05/13/2022 11:19:05,28.35,,,,
19,05/13/2022 11:24:05,28.65,,,,
20,05/13/2022 11:29:05,28.91,,,,
21,05/13/2022 11:34:05,28.53,,,,
22,05/13/2022 11:39:05,29.08,,,,
23,05/13/2022 11:44:05,29.34,,,,
24,05/13/2022 11:49:05,29.04,,,,
25,05/13/2022 11:54:05,29.21,,,,
26,05/13/2022 11:59:05,29.77,,,,
27,05/13/2022 12:04:05,29.94,,,,
28,05/13/2022 12:09:05,30.07,,,,
29,05/13/2022 12:14:05,30.76,,,,
30,05/13/2022 12:19:05,30.71,,,,
31,05/13/2022 12:24:05,30.63,,,,
32,05/13/2022 12:29:05,30.63,,,,
33,05/13/2022 12:34:05,31.19,,,,
34,05/13/2022 12:39:05,31.19,,,,
35,05/13/2022 12:44:05,30.67,,,,
36,05/13/2022 12:49:05,31.01,,,,
37,05/13/2022 12:54:05,31.74,,,,
38,05/13/2022 12:59:05,31.66,,,,
39,05/13/2022 13:04:05,31.40,,,,
40,05/13/2022 13:09:05,31.70,,,,
41,05/13/2022 13:14:05,31.66,,,,
42,05/13/2022 13:19:05,31.70,,,,
43,05/13/2022 13:24:05,31.92,,,,
44,05/13/2022 13:29:05,32.39,,,,
45,05/13/2022 13:34:05,32.73,,,,
46,05/13/2022 13:39:05,33.20,,,,
47,05/13/2022 13:44:05,32.30,,,,
48,05/13/2022 13:49:05,32.52,,,,
49,05/13/2022 13:54:05,31.96,,,,
50,05/13/2022 13:59:05,32.22,,,,
51,05/13/2022 14:04:05,32.39,,,,
52,05/13/2022 14:09:05,32.69,,,,
53,05/13/2022 14:14:05,32.43,,,,
54,05/13/2022 14:19:05,32.73,,,,
55,05/13/2022 14:24:05,32.86,,,,
56,05/13/2022 14:29:05,32.56,,,,
57,05/13/2022 14:34:05,32.26,,,,
58,05/13/2022 14:39:05,32.56,,,,
59,05/13/2022 14:44:05,33.12,,,,
60,05/13/2022 14:49:05,33.93,,,,
61,05/13/2022 14:54:05,33.76,,,,
62,05/13/2022 14:59:05,33.85,,,,
63,05/13/2022 15:04:05,33.50,,,,
64,05/13/2022 15:09:05,33.42,,,,
65,05/13/2022 15:14:05,33.16,,,,
66,05/13/2022 15:19:05,33.20,,,,
67,05/13/2022 15:24:05,33.93,,,,
68,05/13/2022 15:29:05,33.25,,,,
69,05/13/2022 15:34:05,33.33,,,,
70,05/13/2022 15:39:05,32.73,,,,
71,05/13/2022 15:44:05,33.03,,,,
72,05/13/2022 15:49:05,33.16,,,,
73,05/13/2022 15:54:05,33.42,,,,
74,05/13/2022 15:59:05,33.50,,,,
75,05/13/2022 16:04:05,33.42,,,,
76,05/13/2022 16:09:05,32.60,,,,
77,05/13/2022 16:14:05,33.42,,,,
78,05/13/2022 16:19:05,34.15,,,,
79,05/13/2022 16:24:05,33.85,,,,
80,05/13/2022 16:29:05,33.12,,,,
81,05/13/2022 16:34:05,33.37,,,,
82,05/13/2022 16:39:05,33.89,,,,
83,05/13/2022 16:44:05,33.80,,,,
84,05/13/2022 16:49:05,33.63,,,,
85,05/13/2022 16:54:05,33.80,,,,
86,05/13/2022 16:59:05,33.07,,,,
87,05/13/2022 17:04:05,32.90,,,,
88,05/13/2022 17:09:05,32.39,,,,
89,05/13/2022 17:14:05,32.73,,,,
90,05/13/2022 17:19:05,32.99,,,,
91,05/13/2022 17:24:05,32.77,,,,
92,05/13/2022 17:29:05,31.96,,,,
93,05/13/2022 17:34:05,31.74,,,,
94,05/13/2022 17:39:05,31.06,,,,
95,05/13/2022 17:44:05,31.19,,,,
96,05/13/2022 17:49:05,31.19,,,,
97,05/13/2022 17:54:05,31.10,,,,
98,05/13/2022 17:59:05,30.89,,,,
99,05/13/2022 18:04:05,30.37,,,,
100,05/13/2022 18:09:05,30.41,,,,
101,05/13/2022 18:14:05,30.37,,,,
102,05/13/2022 18:19:05,30.46,,,,
103,05/13/2022 18:24:05,29.94,,,,
104,05/13/2022 18:29:05,29.43,,,,
105,05/13/2022 18:34:05,29.00,,,,
106,05/13/2022 18:39:05,28.65,,,,
107,05/13/2022 18:44:05,28.40,,,,
108,05/13/2022 18:49:05,28.10,,,,
109,05/13/2022 18:54:05,27.80,,,,
110,05/13/2022 18:59:05,27.67,,,,
111,05/13/2022 19:04:05,27.37,,,,
112,05/13/2022 19:09:05,27.15,,,,
113,05/13/2022 19:14:05,26.72,,,,
114,05/13/2022 19:19:05,26.38,,,,
115,05/13/2022 19:24:05,26.12,,,,
116,05/13/2022 19:29:05,25.82,,,,
117,05/13/2022 19:34:05,25.39,,,,
118,05/13/2022 19:39:05,24.97,,,,
119,05/13/2022 19:44:05,24.62,,,,
120,05/13/2022 19:49:05,24.06,,,,
121,05/13/2022 19:54:05,23.59,,,,
122,05/13/2022 19:59:05,23.12,,,,
123,05/13/2022 20:04:05,22.48,,,,
124,05/13/2022 20:09:05,22.18,,,,
125,05/13/2022 20:14:05,21.83,,,,
126,05/13/2022 20:19:05,21.53,,,,
127,05/13/2022 20:24:05,21.19,,,,
128,05/13/2022 20:29:05,20.98,,,,
129,05/13/2022 20:34:05,20.59,,,,
130,05/13/2022 20:39:05,20.29,,,,
131,05/13/2022 20:44:05,19.95,,,,
132,05/13/2022 20:49:05,19.82,,,,
133,05/13/2022 20:54:05,19.60,,,,
134,05/13/2022 20:59:05,18.96,,,,
135,05/13/2022 21:04:05,18.70,,,,
136,05/13/2022 21:09:05,18.79,,,,
137,05/13/2022 21:14:05,18.74,,,,
138,05/13/2022 21:19:05,18.66,,,,
139,05/13/2022 21:24:05,18.40,,,,
140,05/13/2022 21:29:05,18.27,,,,
141,05/13/2022 21:34:05,18.14,,,,
142,05/13/2022 21:39:05,18.10,,,,
143,05/13/2022 21:44:05,17.93,,,,
144,05/13/2022 21:49:05,17.97,,,,
145,05/13/2022 21:54:05,18.10,,,,
146,05/13/2022 21:59:05,18.02,,,,
147,05/13/2022 22:04:05,18.06,,,,
148,05/13/2022 22:09:05,18.02,,,,
149,05/13/2022 22:14:05,17.80,,,,
150,05/13/2022 22:19:05,17.76,,,,
151,05/13/2022 22:24:05,17.80,,,,
152,05/13/2022 22:29:05,17.63,,,,
153,05/13/2022 22:34:05,17.20,,,,
154,05/13/2022 22:39:05,16.99,,,,
155,05/13/2022 22:44:05,16.86,,,,
156,05/13/2022 22:49:05,16.47,,,,
157,05/13/2022 22:54:05,16.13,,,,
158,05/13/2022 22:59:05,15.53,,,,
159,05/13/2022 23:04:05,15.40,,,,
160,05/13/2022 23:09:05,15.27,,,,
161,05/13/2022 23:14:05,14.97,,,,
162,05/13/2022 23:19:05,14.71,,,,
163,05/13/2022 23:24:05,14.28,,,,
164,05/13/2022 23:29:05,13.90,,,,
165,05/13/2022 23:34:05,13.81,,,,
166,05/13/2022 23:39:05,13.90,,,,
167,05/13/2022 23:44:05,14.03,,,,
168,05/13/2022 23:49:05,13.77,,,,
169,05/13/2022 23:54:05,13.55,,,,
170,05/13/2022 23:59:05,13.43,,,,
171,05/14/2022 00:04:05,13.17,,,,
172,05/14/2022 00:09:05,13.04,,,,
173,05/14/2022 00:14:05,13.08,,,,
174,05/14/2022 00:19:05,13.68,,,,
175,05/14/2022 00:24:05,13.51,,,,
176,05/14/2022 00:29:05,13.38,,,,
177,05/14/2022 00:34:05,13.17,,,,
178,05/14/2022 00:39:05,12.78,,,,
179,05/14/2022 00:44:05,12.48,,,,
180,05/14/2022 00:49:05,12.27,,,,
181,05/14/2022 00:54:05,12.44,,,,
182,05/14/2022 00:59:05,12.14,,,,
183,05/14/2022 01:04:05,11.88,,,,
184,05/14/2022 01:09:05,11.67,,,,
185,05/14/2022 01:14:05,11.67,,,,
186,05/14/2022 01:19:05,11.62,,,,
187,05/14/2022 01:24:05,11.62,,,,
188,05/14/2022 01:29:05,11.79,,,,
189,05/14/2022 01:34:05,11.79,,,,
190,05/14/2022 01:39:05,11.71,,,,
191,05/14/2022 01:44:05,11.58,,,,
192,05/14/2022 01:49:05,11.32,,,,
193,05/14/2022 01:54:05,11.24,,,,
194,05/14/2022 01:59:05,11.02,,,,
195,05/14/2022 02:04:05,10.94,,,,
196,05/14/2022 02:09:05,11.28,,,,
197,05/14/2022 02:14:05,11.24,,,,
198,05/14/2022 02:19:05,10.94,,,,
199,05/14/2022 02:24:05,10.77,,,,
200,05/14/2022 02:29:05,10.59,,,,
201,05/14/2022 02:34:05,10.42,,,,
202,05/14/2022 02:39:05,10.38,,,,
203,05/14/2022 02:44:05,10.42,,,,
204,05/14/2022 02:49:05,10.42,,,,
205,05/14/2022 02:54:05,10.46,,,,
206,05/14/2022 02:59:05,10.59,,,,
207,05/14/2022 03:04:05,10.85,,,,
208,05/14/2022 03:09:05,10.64,,,,
209,05/14/2022 03:14:05,10.42,,,,
210,05/14/2022 03:19:05,10.51,,,,
211,05/14/2022 03:24:05,10.38,,,,
212,05/14/2022 03:29:05,10.38,,,,
213,05/14/2022 03:34:05,10.16,,,,
214,05/14/2022 03:39:05,10.08,,,,
215,05/14/2022 03:44:05,9.95,,,,
216,05/14/2022 03:49:05,9.74,,,,
217,05/14/2022 03:54:05,9.61,,,,
218,05/14/2022 03:59:05,9.35,,,,
219,05/14/2022 04:04:05,9.35,,,,
220,05/14/2022 04:09:05,9.52,,,,
221,05/14/2022 04:14:05,9.56,,,,
222,05/14/2022 04:19:05,9.44,,,,
223,05/14/2022 04:24:05,9.69,,,,
224,05/14/2022 04:29:05,10.08,,,,
225,05/14/2022 04:34:05,10.21,,,,
226,05/14/2022 04:39:05,10.34,,,,
227,05/14/2022 04:44:05,10.42,,,,
228,05/14/2022 04:49:05,10.81,,,,
229,05/14/2022 04:54:05,10.55,,,,
230,05/14/2022 04:59:05,10.25,,,,
231,05/14/2022 05:04:05,9.91,,,,
232,05/14/2022 05:09:05,9.61,,,,
233,05/14/2022 05:14:05,9.61,,,,
234,05/14/2022 05:19:05,9.82,,,,
235,05/14/2022 05:24:05,9.82,,,,
236,05/14/2022 05:29:05,9.78,,,,
237,05/14/2022 05:34:05,9.65,,,,
238,05/14/2022 05:39:05,9.56,,,,
239,05/14/2022 05:44:05,9.78,,,,
240,05/14/2022 05:49:05,9.69,,,,
241,05/14/2022 05:54:05,10.12,,,,
242,05/14/2022 05:59:05,10.72,,,,
243,05/14/2022 06:04:05,10.68,,,,
244,05/14/2022 06:09:05,10.25,,,,
245,05/14/2022 06:14:05,10.08,,,,
246,05/14/2022 06:19:05,10.34,,,,
247,05/14/2022 06:24:05,10.77,,,,
248,05/14/2022 06:29:05,11.24,,,,
249,05/14/2022 06:34:05,11.67,,,,
250,05/14/2022 06:39:05,12.14,,,,
251,05/14/2022 06:44:05,12.65,,,,
252,05/14/2022 06:49:05,13.17,,,,
253,05/14/2022 06:54:05,13.90,,,,
254,05/14/2022 06:59:05,14.67,,,,
255,05/14/2022 07:04:05,15.44,,,,
256,05/14/2022 07:09:05,16.08,,,,
257,05/14/2022 07:14:05,16.69,,,,
258,05/14/2022 07:19:05,17.46,,,,
259,05/14/2022 07:24:05,18.06,,,,
260,05/14/2022 07:29:05,18.62,,,,
261,05/14/2022 07:34:05,19.22,,,,
262,05/14/2022 07:39:05,19.73,,,,
263,05/14/2022 07:44:05,20.33,,,,
264,05/14/2022 07:49:05,20.85,,,,
265,05/14/2022 07:54:05,21.23,,,,
266,05/14/2022 07:59:05,21.62,,,,
267,05/14/2022 08:04:05,22.22,,,,
268,05/14/2022 08:09:05,22.61,,,,
269,05/14/2022 08:14:05,23.03,,,,
270,05/14/2022 08:19:05,23.34,,,,
271,05/14/2022 08:24:05,23.55,,,,
272,05/14/2022 08:29:05,23.76,,,,
273,05/14/2022 08:34:05,23.76,,,,
274,05/14/2022 08:39:05,24.24,,,,
275,05/14/2022 08:44:05,24.36,,,,
276,05/14/2022 08:49:05,24.79,,,,
277,05/14/2022 08:54:05,25.35,,,,
278,05/14/2022 08:59:05,25.52,,,,
279,05/14/2022 09:04:05,25.91,,,,
280,05/14/2022 09:09:05,26.47,,,,
281,05/14/2022 09:14:05,26.98,,,,
282,05/14/2022 09:19:05,27.37,,,,
283,05/14/2022 09:24:05,27.58,,,,
284,05/14/2022 09:29:05,27.54,,,,
285,05/14/2022 09:34:05,27.80,,,,
286,05/14/2022 09:39:05,27.93,,,,
287,05/14/2022 09:44:05,28.53,,,,
288,05/14/2022 09:49:05,28.57,,,,
289,05/14/2022 09:54:05,28.48,,,,
290,05/14/2022 09:59:05,29.00,,,,
291,05/14/2022 10:04:05,29.30,,,,
292,05/14/2022 10:09:05,29.21,,,,
293,05/14/2022 10:14:05,29.51,,,,
294,05/14/2022 10:19:05,29.68,,,,
295,05/14/2022 10:24:05,29.56,,,,
296,05/14/2022 10:29:05,29.73,,,,
297,05/14/2022 10:34:05,29.73,,,,
298,05/14/2022 10:39:05,30.41,,,,
299,05/14/2022 10:44:05,30.41,,,,
300,05/14/2022 10:49:05,30.11,,,,
301,05/14/2022 10:54:05,30.37,,,,
302,05/14/2022 10:59:05,30.46,,,,
303,05/14/2022 11:04:05,30.89,,,,
304,05/14/2022 11:09:05,31.14,,,,
305,05/14/2022 11:14:05,31.31,,,,
306,05/14/2022 11:19:05,31.36,,,,
307,05/14/2022 11:24:05,32.00,,,,
308,05/14/2022 11:29:05,32.09,,,,
309,05/14/2022 11:34:05,31.87,,,,
310,05/14/2022 11:39:05,32.04,,,,
311,05/14/2022 11:44:05,32.39,,,,
312,05/14/2022 11:49:05,32.39,,,,
313,05/14/2022 11:54:05,32.56,,,,
314,05/14/2022 11:59:05,32.86,,,,
315,05/14/2022 12:04:05,32.90,,,,
316,05/14/2022 12:09:05,33.16,,,,
317,05/14/2022 12:14:05,33.12,,,,
318,05/14/2022 12:19:05,32.39,,,,
319,05/14/2022 12:24:05,32.86,,,,
320,05/14/2022 12:29:05,33.37,,,,
321,05/14/2022 12:34:05,34.32,,,,
322,05/14/2022 12:39:05,33.50,,,,
323,05/14/2022 12:44:05,33.16,,,,
324,05/14/2022 12:49:05,33.12,,,,
325,05/14/2022 12:54:05,33.59,,,,
326,05/14/2022 12:59:05,34.23,,,,
327,05/14/2022 13:04:05,34.27,,,,
328,05/14/2022 13:09:05,34.66,,,,
329,05/14/2022 13:14:05,35.18,,,,
330,05/14/2022 13:19:05,34.79,,,,
331,05/14/2022 13:24:05,34.79,,,,
332,05/14/2022 13:29:05,34.75,,,,
333,05/14/2022 13:34:05,34.75,,,,
334,05/14/2022 13:39:05,34.79,,,,
335,05/14/2022 13:44:05,35.22,,,,
336,05/14/2022 13:49:05,35.30,,,,
337,05/14/2022 13:54:05,35.52,,,,
338,05/14/2022 13:59:05,35.35,,,,
339,05/14/2022 14:04:05,35.48,,,,
340,05/14/2022 14:09:05,35.48,,,,
341,05/14/2022 14:14:05,35.65,,,,
342,05/14/2022 14:19:05,35.69,,,,
343,05/14/2022 14:24:05,35.95,,,,
344,05/14/2022 14:29:05,36.03,,,,
345,05/14/2022 14:34:05,35.86,,,,
346,05/14/2022 14:39:05,36.33,,,,
347,05/14/2022 14:44:05,36.59,,,,
348,05/14/2022 14:49:05,36.63,,,,
349,05/14/2022 14:54:05,36.81,,,,
350,05/14/2022 14:59:05,37.02,,,,
351,05/14/2022 15:04:05,37.62,,,,
352,05/14/2022 15:09:05,37.28,,,,
353,05/14/2022 15:14:05,36.46,,,,
354,05/14/2022 15:19:05,36.76,,,,
355,05/14/2022 15:24:05,37.62,,,,
356,05/14/2022 15:29:05,36.89,,,,
357,05/14/2022 15:34:05,36.93,,,,
358,05/14/2022 15:39:05,37.28,,,,
359,05/14/2022 15:44:05,37.58,,,,
360,05/14/2022 15:49:05,37.36,,,,
361,05/14/2022 15:54:05,37.62,,,,
362,05/14/2022 15:59:05,37.11,,,,
363,05/14/2022 16:04:05,37.23,,,,
364,05/14/2022 16:09:05,37.41,,,,
365,05/14/2022 16:14:05,37.28,,,,
366,05/14/2022 16:19:05,37.41,,,,
367,05/14/2022 16:24:05,37.58,,,,
368,05/14/2022 16:29:05,37.41,,,,
369,05/14/2022 16:34:05,37.58,,,,
370,05/14/2022 16:39:05,37.58,,,,
371,05/14/2022 16:44:05,38.05,,,,
372,05/14/2022 16:49:05,38.05,,,,
373,05/14/2022 16:54:05,37.49,,,,
374,05/14/2022 16:59:05,37.41,,,,
375,05/14/2022 17:04:05,36.98,,,,
376,05/14/2022 17:09:05,36.63,,,,
377,05/14/2022 17:14:05,36.76,,,,
378,05/14/2022 17:19:05,36.93,,,,
379,05/14/2022 17:24:05,36.81,,,,
380,05/14/2022 17:29:05,36.72,,,,
381,05/14/2022 17:34:05,36.46,,,,
382,05/14/2022 17:39:05,36.51,,,,
383,05/14/2022 17:44:05,36.21,,,,
384,05/14/2022 17:49:05,36.16,,,,
385,05/14/2022 17:54:05,36.16,,,,
386,05/14/2022 17:59:05,36.16,,,,
387,05/14/2022 18:04:05,36.03,,,,
388,05/14/2022 18:09:05,35.69,,,,
389,05/14/2022 18:14:05,35.52,,,,
390,05/14/2022 18:19:05,35.35,,,,
391,05/14/2022 18:24:05,35.35,,,,
392,05/14/2022 18:29:05,35.26,,,,
393,05/14/2022 18:34:05,35.18,,,,
394,05/14/2022 18:39:05,34.96,,,,
395,05/14/2022 18:44:05,34.66,,,,
396,05/14/2022 18:49:05,34.53,,,,
397,05/14/2022 18:54:05,34.32,,,,
398,05/14/2022 18:59:05,34.15,,,,
399,05/14/2022 19:04:05,33.85,,,,
400,05/14/2022 19:09:05,33.50,,,,
401,05/14/2022 19:14:05,33.16,,,,
402,05/14/2022 19:19:05,32.86,,,,
403,05/14/2022 19:24:05,32.47,,,,
404,05/14/2022 19:29:05,31.96,,,,
405,05/14/2022 19:34:05,31.14,,,,
406,05/14/2022 19:39:05,30.16,,,,
407,05/14/2022 19:44:05,29.38,,,,
408,05/14/2022 19:49:05,28.35,,,,
409,05/14/2022 19:54:05,27.24,,,,
410,05/14/2022 19:59:05,26.38,,,,
411,05/14/2022 20:04:05,25.39,,,,
412,05/14/2022 20:09:05,24.54,,,,
413,05/14/2022 20:14:05,23.59,,,,
414,05/14/2022 20:19:05,22.56,,,,
415,05/14/2022 20:24:05,22.01,,,,
416,05/14/2022 20:29:05,21.53,,,,
417,05/14/2022 20:34:05,21.06,,,,
418,05/14/2022 20:39:05,20.80,,,,
419,05/14/2022 20:44:05,20.85,,,,
420,05/14/2022 20:49:05,20.42,,,,
421,05/14/2022 20:54:05,20.12,,,,
422,05/14/2022 20:59:05,19.69,,,,
423,05/14/2022 21:04:05,19.13,,,,
424,05/14/2022 21:09:05,18.74,,,,
425,05/14/2022 21:14:05,18.44,,,,
426,05/14/2022 21:19:05,18.74,,,,
427,05/14/2022 21:24:05,18.53,,,,
428,05/14/2022 21:29:05,18.19,,,,
429,05/14/2022 21:34:05,17.93,,,,
430,05/14/2022 21:39:05,17.63,,,,
431,05/14/2022 21:44:05,17.59,,,,
432,05/14/2022 21:49:05,17.20,,,,
433,05/14/2022 21:54:05,17.20,,,,
434,05/14/2022 21:59:05,17.11,,,,
435,05/14/2022 22:04:05,17.24,,,,
436,05/14/2022 22:09:05,17.59,,,,
437,05/14/2022 22:14:05,17.54,,,,
438,05/14/2022 22:19:05,16.94,,,,
439,05/14/2022 22:24:05,16.81,,,,
440,05/14/2022 22:29:05,16.69,,,,
441,05/14/2022 22:34:05,16.81,,,,
442,05/14/2022 22:39:05,16.43,,,,
443,05/14/2022 22:44:05,16.13,,,,
444,05/14/2022 22:49:05,15.78,,,,
445,05/14/2022 22:54:05,15.66,,,,
446,05/14/2022 22:59:05,15.40,,,,
447,05/14/2022 23:04:05,15.31,,,,
448,05/14/2022 23:09:05,14.88,,,,
449,05/14/2022 23:14:05,14.67,,,,
450,05/14/2022 23:19:05,14.37,,,,
451,05/14/2022 23:24:05,14.24,,,,
452,05/14/2022 23:29:05,13.94,,,,
453,05/14/2022 23:34:05,13.94,,,,
454,05/14/2022 23:39:05,13.77,,,,
455,05/14/2022 23:44:05,13.73,,,,
456,05/14/2022 23:49:05,13.55,,,,
457,05/14/2022 23:54:05,13.85,,,,
458,05/14/2022 23:59:05,14.03,,,,
459,05/15/2022 00:04:05,14.03,,,,
460,05/15/2022 00:09:05,13.81,,,,
461,05/15/2022 00:14:05,13.51,,,,
462,05/15/2022 00:19:05,13.34,,,,
463,05/15/2022 00:24:05,13.12,,,,
464,05/15/2022 00:29:05,12.87,,,,
465,05/15/2022 00:34:05,12.74,,,,
466,05/15/2022 00:39:05,12.87,,,,
467,05/15/2022 00:44:05,12.91,,,,
468,05/15/2022 00:49:05,12.82,,,,
469,05/15/2022 00:54:05,12.82,,,,
470,05/15/2022 00:59:05,12.91,,,,
471,05/15/2022 01:04:05,13.17,,,,
472,05/15/2022 01:09:05,12.95,,,,
473,05/15/2022 01:14:05,12.78,,,,
474,05/15/2022 01:19:05,12.87,,,,
475,05/15/2022 01:24:05,12.78,,,,
476,05/15/2022 01:29:05,12.52,,,,
477,05/15/2022 01:34:05,12.48,,,,
478,05/15/2022 01:39:05,12.40,,,,
479,05/15/2022 01:44:05,12.48,,,,
480,05/15/2022 01:49:05,12.48,,,,
481,05/15/2022 01:54:05,12.57,,,,
482,05/15/2022 01:59:05,12.57,,,,
483,05/15/2022 02:04:05,12.52,,,,
484,05/15/2022 02:09:05,12.87,,,,
485,05/15/2022 02:14:05,13.00,,,,
486,05/15/2022 02:19:05,12.78,,,,
487,05/15/2022 02:24:05,12.40,,,,
488,05/15/2022 02:29:05,12.52,,,,
489,05/15/2022 02:34:05,12.35,,,,
490,05/15/2022 02:39:05,12.10,,,,
491,05/15/2022 02:44:05,12.22,,,,
492,05/15/2022 02:49:05,12.78,,,,
493,05/15/2022 02:54:05,13.12,,,,
494,05/15/2022 02:59:05,13.43,,,,
495,05/15/2022 03:04:05,13.51,,,,
496,05/15/2022 03:09:05,13.38,,,,
497,05/15/2022 03:14:05,13.25,,,,
498,05/15/2022 03:19:05,13.17,,,,
499,05/15/2022 03:24:05,13.08,,,,
500,05/15/2022 03:29:05,12.78,,,,
501,05/15/2022 03:34:05,12.65,,,,
502,05/15/2022 03:39:05,12.48,,,,
503,05/15/2022 03:44:05,13.12,,,,
504,05/15/2022 03:49:05,13.21,,,,
505,05/15/2022 03:54:05,12.95,,,,
506,05/15/2022 03:59:05,12.74,,,,
507,05/15/2022 04:04:05,12.48,,,,
508,05/15/2022 04:09:05,12.40,,,,
509,05/15/2022 04:14:05,12.22,,,,
510,05/15/2022 04:19:05,12.35,,,,
511,05/15/2022 04:24:05,12.61,,,,
512,05/15/2022 04:29:05,12.57,,,,
513,05/15/2022 04:34:05,12.40,,,,
514,05/15/2022 04:39:05,12.18,,,,
515,05/15/2022 04:44:05,12.18,,,,
516,05/15/2022 04:49:05,12.01,,,,
517,05/15/2022 04:54:05,11.97,,,,
518,05/15/2022 04:59:05,11.84,,,,
519,05/15/2022 05:04:05,11.75,,,,
520,05/15/2022 05:09:05,11.88,,,,
521,05/15/2022 05:14:05,11.58,,,,
522,05/15/2022 05:19:05,11.28,,,,
523,05/15/2022 05:24:05,11.11,,,,
524,05/15/2022 05:29:05,10.72,,,,
525,05/15/2022 05:34:05,10.68,,,,
526,05/15/2022 05:39:05,10.55,,,,
527,05/15/2022 05:44:05,10.59,,,,
528,05/15/2022 05:49:05,10.68,,,,
529,05/15/2022 05:54:05,10.46,,,,
530,05/15/2022 05:59:05,10.34,,,,
531,05/15/2022 06:04:05,10.42,,,,
532,05/15/2022 06:09:05,10.55,,,,
533,05/15/2022 06:14:05,10.85,,,,
534,05/15/2022 06:19:05,11.41,,,,
535,05/15/2022 06:24:05,12.14,,,,
536,05/15/2022 06:29:05,12.65,,,,
537,05/15/2022 06:34:05,12.91,,,,
538,05/15/2022 06:39:05,13.43,,,,
539,05/15/2022 06:44:05,13.73,,,,
540,05/15/2022 06:49:05,14.45,,,,
541,05/15/2022 06:54:05,15.31,,,,
542,05/15/2022 06:59:05,15.96,,,,
543,05/15/2022 07:04:05,16.77,,,,
544,05/15/2022 07:09:05,17.37,,,,
545,05/15/2022 07:14:05,17.97,,,,
546,05/15/2022 07:19:05,18.66,,,,
547,05/15/2022 07:24:05,19.13,,,,
548,05/15/2022 07:29:05,19.86,,,,
549,05/15/2022 07:34:05,20.42,,,,
550,05/15/2022 07:39:05,20.80,,,,
551,05/15/2022 07:44:05,21.45,,,,
552,05/15/2022 07:49:05,22.09,,,,
553,05/15/2022 07:54:05,22.52,,,,
554,05/15/2022 07:59:05,23.03,,,,
555,05/15/2022 08:04:05,23.68,,,,
556,05/15/2022 08:09:05,24.36,,,,
557,05/15/2022 08:14:05,24.45,,,,
558,05/15/2022 08:19:05,24.92,,,,
559,05/15/2022 08:24:05,25.22,,,,
560,05/15/2022 08:29:05,25.44,,,,
561,05/15/2022 08:34:05,26.25,,,,
562,05/15/2022 08:39:05,26.98,,,,
563,05/15/2022 08:44:05,27.67,,,,
564,05/15/2022 08:49:05,28.05,,,,
565,05/15/2022 08:54:05,28.10,,,,
566,05/15/2022 08:59:05,28.40,,,,
567,05/15/2022 09:04:05,28.70,,,,
568,05/15/2022 09:09:05,29.00,,,,
569,05/15/2022 09:14:05,29.08,,,,
570,05/15/2022 09:19:05,28.87,,,,
571,05/15/2022 09:24:05,29.17,,,,
572,05/15/2022 09:29:05,29.34,,,,
573,05/15/2022 09:34:05,29.56,,,,
574,05/15/2022 09:39:05,29.47,,,,
575,05/15/2022 09:44:05,30.07,,,,
576,05/15/2022 09:49:05,30.41,,,,
577,05/15/2022 09:54:05,31.01,,,,
578,05/15/2022 09:59:05,31.66,,,,
579,05/15/2022 10:04:05,31.96,,,,
580,05/15/2022 10:09:05,31.96,,,,
581,05/15/2022 10:14:05,32.82,,,,
582,05/15/2022 10:19:05,32.64,,,,
583,05/15/2022 10:24:05,32.77,,,,
584,05/15/2022 10:29:05,32.94,,,,
585,05/15/2022 10:34:05,33.07,,,,
586,05/15/2022 10:39:05,33.03,,,,
587,05/15/2022 10:44:05,32.82,,,,
588,05/15/2022 10:49:05,33.25,,,,
589,05/15/2022 10:54:05,33.55,,,,
590,05/15/2022 10:59:05,33.50,,,,
591,05/15/2022 11:04:05,33.89,,,,
592,05/15/2022 11:09:05,34.15,,,,
593,05/15/2022 11:14:05,34.40,,,,
594,05/15/2022 11:19:05,34.66,,,,
595,05/15/2022 11:24:05,34.66,,,,
596,05/15/2022 11:29:05,35.05,,,,
597,05/15/2022 11:34:05,34.88,,,,
598,05/15/2022 11:39:05,34.70,,,,
599,05/15/2022 11:44:05,34.92,,,,
600,05/15/2022 11:49:05,35.09,,,,
601,05/15/2022 11:54:05,35.30,,,,
602,05/15/2022 11:59:05,35.52,,,,
603,05/15/2022 12:04:05,35.60,,,,
604,05/15/2022 12:09:05,35.35,,,,
605,05/15/2022 12:14:05,35.82,,,,
606,05/15/2022 12:19:05,36.03,,,,
607,05/15/2022 12:24:05,36.12,,,,
608,05/15/2022 12:29:05,35.73,,,,
609,05/15/2022 12:34:05,35.99,,,,
610,05/15/2022 12:39:05,36.12,,,,
611,05/15/2022 12:44:05,36.68,,,,
612,05/15/2022 12:49:05,36.38,,,,
613,05/15/2022 12:54:05,36.51,,,,
614,05/15/2022 12:59:05,36.76,,,,
615,05/15/2022 13:04:05,37.32,,,,
616,05/15/2022 13:09:05,36.55,,,,
617,05/15/2022 13:14:05,37.02,,,,
618,05/15/2022 13:19:05,37.45,,,,
619,05/15/2022 13:24:05,36.98,,,,
620,05/15/2022 13:29:05,37.41,,,,
621,05/15/2022 13:34:05,36.59,,,,
622,05/15/2022 13:39:05,36.33,,,,
623,05/15/2022 13:44:05,36.51,,,,
624,05/15/2022 13:49:05,36.03,,,,
625,05/15/2022 13:54:05,36.76,,,,
626,05/15/2022 13:59:05,35.22,,,,
627,05/15/2022 14:04:05,36.76,,,,
628,05/15/2022 14:09:05,36.93,,,,
629,05/15/2022 14:14:05,38.22,,,,
630,05/15/2022 14:19:05,37.58,,,,
631,05/15/2022 14:24:05,36.51,,,,
632,05/15/2022 14:29:05,36.89,,,,
633,05/15/2022 14:34:05,37.71,,,,
634,05/15/2022 14:39:05,37.19,,,,
635,05/15/2022 14:44:05,36.16,,,,
636,05/15/2022 14:49:05,38.14,,,,
637,05/15/2022 14:54:05,36.59,,,,
638,05/15/2022 14:59:05,34.92,,,,
639,05/15/2022 15:04:05,35.48,,,,
640,05/15/2022 15:09:05,34.79,,,,
641,05/15/2022 15:14:05,34.02,,,,
642,05/15/2022 15:19:05,35.39,,,,
643,05/15/2022 15:24:05,35.35,,,,
644,05/15/2022 15:29:05,34.70,,,,
645,05/15/2022 15:34:05,34.88,,,,
646,05/15/2022 15:39:05,35.95,,,,
647,05/15/2022 15:44:05,34.49,,,,
648,05/15/2022 15:49:05,35.43,,,,
649,05/15/2022 15:54:05,35.13,,,,
650,05/15/2022 15:59:05,34.66,,,,
651,05/15/2022 16:04:05,35.78,,,,
652,05/15/2022 16:09:05,34.70,,,,
653,05/15/2022 16:14:05,34.15,,,,
654,05/15/2022 16:19:05,33.85,,,,
655,05/15/2022 16:24:05,34.15,,,,
656,05/15/2022 16:29:05,34.92,,,,
657,05/15/2022 16:34:05,36.08,,,,
658,05/15/2022 16:39:05,36.55,,,,
659,05/15/2022 16:44:05,36.63,,,,
660,05/15/2022 16:49:05,35.82,,,,
661,05/15/2022 16:54:05,34.66,,,,
662,05/15/2022 16:59:05,33.20,,,,
663,05/15/2022 17:04:05,34.40,,,,
664,05/15/2022 17:09:05,35.30,,,,
665,05/15/2022 17:14:05,34.62,,,,
666,05/15/2022 17:19:05,35.35,,,,
667,05/15/2022 17:24:05,35.39,,,,
668,05/15/2022 17:29:05,35.43,,,,
669,05/15/2022 17:34:05,35.56,,,,
670,05/15/2022 17:39:05,35.00,,,,
671,05/15/2022 17:44:05,33.76,,,,
672,05/15/2022 17:49:05,33.93,,,,
673,05/15/2022 17:54:05,33.97,,,,
674,05/15/2022 17:59:05,33.76,,,,
675,05/15/2022 18:04:05,32.04,,,,
676,05/15/2022 18:09:05,30.41,,,,
677,05/15/2022 18:14:05,30.37,,,,
678,05/15/2022 18:19:05,29.86,,,,
679,05/15/2022 18:24:05,27.84,,,,
680,05/15/2022 18:29:05,26.68,,,,
681,05/15/2022 18:34:05,26.17,,,,
682,05/15/2022 18:39:05,26.25,,,,
683,05/15/2022 18:44:05,26.04,,,,
684,05/15/2022 18:49:05,25.57,,,,
685,05/15/2022 18:54:05,25.31,,,,
686,05/15/2022 18:59:05,24.79,,,,
687,05/15/2022 19:04:05,24.41,,,,
688,05/15/2022 19:09:05,24.11,,,,
689,05/15/2022 19:14:05,23.76,,,,
690,05/15/2022 19:19:05,23.51,,,,
691,05/15/2022 19:24:05,23.21,,,,
692,05/15/2022 19:29:05,22.86,,,,
693,05/15/2022 19:34:05,22.61,,,,
694,05/15/2022 19:39:05,22.22,,,,
695,05/15/2022 19:44:05,21.92,,,,
696,05/15/2022 19:49:05,21.66,,,,
697,05/15/2022 19:54:05,21.45,,,,
698,05/15/2022 19:59:05,21.15,,,,
699,05/15/2022 20:04:05,20.72,,,,
700,05/15/2022 20:09:05,20.42,,,,
701,05/15/2022 20:14:05,20.20,,,,
702,05/15/2022 20:19:05,20.03,,,,
703,05/15/2022 20:24:05,19.69,,,,
704,05/15/2022 20:29:05,19.56,,,,
705,05/15/2022 20:34:05,19.39,,,,
706,05/15/2022 20:39:05,19.22,,,,
707,05/15/2022 20:44:05,19.22,,,,
708,05/15/2022 20:49:05,19.13,,,,
709,05/15/2022 20:54:05,19.09,,,,
710,05/15/2022 20:59:05,19.09,,,,
711,05/15/2022 21:04:05,19.00,,,,
712,05/15/2022 21:09:05,18.92,,,,
713,05/15/2022 21:14:05,18.66,,,,
714,05/15/2022 21:19:05,18.44,,,,
715,05/15/2022 21:24:05,18.23,,,,
716,05/15/2022 21:29:05,18.02,,,,
717,05/15/2022 21:34:05,17.84,,,,
718,05/15/2022 21:39:05,17.67,,,,
719,05/15/2022 21:44:05,17.50,,,,
720,05/15/2022 21:49:05,17.29,,,,
721,05/15/2022 21:54:05,17.16,,,,
722,05/15/2022 21:59:05,16.99,,,,
723,05/15/2022 22:04:05,16.77,,,,
724,05/15/2022 22:09:05,16.64,,,,
725,05/15/2022 22:14:05,16.51,,,,
726,05/15/2022 22:19:05,16.34,,,,
727,05/15/2022 22:24:05,16.17,,,,
728,05/15/2022 22:29:05,16.00,,,,
729,05/15/2022 22:34:05,15.87,,,,
730,05/15/2022 22:39:05,15.78,,,,
731,05/15/2022 22:44:05,15.66,,,,
732,05/15/2022 22:49:05,15.57,,,,
733,05/15/2022 22:54:05,15.44,,,,
734,05/15/2022 22:59:05,15.31,,,,
735,05/15/2022 23:04:05,15.10,,,,
736,05/15/2022 23:09:05,14.97,,,,
737,05/15/2022 23:14:05,14.84,,,,
738,05/15/2022 23:19:05,14.80,,,,
739,05/15/2022 23:24:05,14.71,,,,
740,05/15/2022 23:29:05,14.63,,,,
741,05/15/2022 23:34:05,14.54,,,,
742,05/15/2022 23:39:05,14.24,,,,
743,05/15/2022 23:44:05,14.15,,,,
744,05/15/2022 23:49:05,14.11,,,,
745,05/15/2022 23:54:05,14.11,,,,
746,05/15/2022 23:59:05,14.11,,,,
747,05/16/2022 00:04:05,13.98,,,,
748,05/16/2022 00:09:05,14.03,,,,
749,05/16/2022 00:14:05,13.98,,,,
750,05/16/2022 00:19:05,13.90,,,,
751,05/16/2022 00:24:05,13.81,,,,
752,05/16/2022 00:29:05,13.77,,,,
753,05/16/2022 00:34:05,13.68,,,,
754,05/16/2022 00:39:05,13.60,,,,
755,05/16/2022 00:44:05,13.55,,,,
756,05/16/2022 00:49:05,13.51,,,,
757,05/16/2022 00:54:05,13.47,,,,
758,05/16/2022 00:59:05,13.43,,,,
759,05/16/2022 01:04:05,13.38,,,,
760,05/16/2022 01:09:05,13.51,,,,
761,05/16/2022 01:14:05,13.60,,,,
762,05/16/2022 01:19:05,13.43,,,,
763,05/16/2022 01:24:05,13.00,,,,
764,05/16/2022 01:29:05,12.82,,,,
765,05/16/2022 01:34:05,12.57,,,,
766,05/16/2022 01:39:05,12.35,,,,
767,05/16/2022 01:44:05,12.61,,,,
768,05/16/2022 01:49:05,13.00,,,,
769,05/16/2022 01:54:05,12.91,,,,
770,05/16/2022 01:59:05,12.87,,,,
771,05/16/2022 02:04:05,12.57,,,,
772,05/16/2022 02:09:05,12.40,,,,
773,05/16/2022 02:14:05,12.44,,,,
774,05/16/2022 02:19:05,12.35,,,,
775,05/16/2022 02:24:05,12.10,,,,
776,05/16/2022 02:29:05,11.79,,,,
777,05/16/2022 02:34:05,11.67,,,,
778,05/16/2022 02:39:05,11.41,,,,
779,05/16/2022 02:44:05,11.24,,,,
780,05/16/2022 02:49:05,11.11,,,,
781,05/16/2022 02:54:05,11.07,,,,
782,05/16/2022 02:59:05,11.07,,,,
783,05/16/2022 03:04:05,11.19,,,,
784,05/16/2022 03:09:05,11.11,,,,
785,05/16/2022 03:14:05,11.54,,,,
786,05/16/2022 03:19:05,11.79,,,,
787,05/16/2022 03:24:05,12.27,,,,
788,05/16/2022 03:29:05,12.48,,,,
789,05/16/2022 03:34:05,12.70,,,,
790,05/16/2022 03:39:05,12.87,,,,
791,05/16/2022 03:44:05,12.87,,,,
792,05/16/2022 03:49:05,12.65,,,,
793,05/16/2022 03:54:05,12.31,,,,
794,05/16/2022 03:59:05,12.44,,,,
795,05/16/2022 04:04:05,12.57,,,,
796,05/16/2022 04:09:05,12.35,,,,
797,05/16/2022 04:14:05,11.84,,,,
798,05/16/2022 04:19:05,11.88,,,,
799,05/16/2022 04:24:05,12.14,,,,
800,05/16/2022 04:29:05,12.14,,,,
801,05/16/2022 04:34:05,12.01,,,,
802,05/16/2022 04:39:05,11.75,,,,
803,05/16/2022 04:44:05,11.32,,,,
804,05/16/2022 04:49:05,10.98,,,,
805,05/16/2022 04:54:05,10.55,,,,
806,05/16/2022 04:59:05,10.55,,,,
807,05/16/2022 05:04:05,10.51,,,,
808,05/16/2022 05:09:05,10.55,,,,
809,05/16/2022 05:14:05,10.72,,,,
810,05/16/2022 05:19:05,10.77,,,,
811,05/16/2022 05:24:05,11.02,,,,
812,05/16/2022 05:29:05,11.32,,,,
813,05/16/2022 05:34:05,11.28,,,,
814,05/16/2022 05:39:05,10.98,,,,
815,05/16/2022 05:44:05,10.55,,,,
816,05/16/2022 05:49:05,10.25,,,,
817,05/16/2022 05:54:05,10.08,,,,
818,05/16/2022 05:59:05,9.86,,,,
819,05/16/2022 06:04:05,9.82,,,,
820,05/16/2022 06:09:05,9.82,,,,
821,05/16/2022 06:14:05,9.61,,,,
822,05/16/2022 06:19:05,9.78,,,,
823,05/16/2022 06:24:05,10.51,,,,
824,05/16/2022 06:29:05,11.02,,,,
825,05/16/2022 06:34:05,11.58,,,,
826,05/16/2022 06:39:05,12.10,,,,
827,05/16/2022 06:44:05,12.57,,,,
828,05/16/2022 06:49:05,13.04,,,,
829,05/16/2022 06:54:05,13.55,,,,
830,05/16/2022 06:59:05,14.03,,,,
831,05/16/2022 07:04:05,14.58,,,,
832,05/16/2022 07:09:05,15.14,,,,
833,05/16/2022 07:14:05,15.57,,,,
834,05/16/2022 07:19:05,16.08,,,,
835,05/16/2022 07:24:05,16.47,,,,
836,05/16/2022 07:29:05,17.03,,,,
837,05/16/2022 07:34:05,17.72,,,,
838,05/16/2022 07:39:05,18.02,,,,
839,05/16/2022 07:44:05,18.74,,,,
840,05/16/2022 07:49:05,19.00,,,,
841,05/16/2022 07:54:05,19.09,,,,
842,05/16/2022 07:59:05,19.47,,,,
843,05/16/2022 08:04:05,19.73,,,,
844,05/16/2022 08:09:05,19.86,,,,
845,05/16/2022 08:14:05,19.86,,,,
846,05/16/2022 08:19:05,20.20,,,,
847,05/16/2022 08:24:05,20.72,,,,
848,05/16/2022 08:29:05,21.19,,,,
849,05/16/2022 08:34:05,21.70,,,,
850,05/16/2022 08:39:05,22.69,,,,
851,05/16/2022 08:44:05,23.12,,,,
852,05/16/2022 08:49:05,23.42,,,,
853,05/16/2022 08:54:05,23.55,,,,
854,05/16/2022 08:59:05,24.11,,,,
855,05/16/2022 09:04:05,24.54,,,,
856,05/16/2022 09:09:05,24.71,,,,
857,05/16/2022 09:14:05,25.39,,,,
858,05/16/2022 09:19:05,25.87,,,,
859,05/16/2022 09:24:05,25.95,,,,
860,05/16/2022 09:29:05,25.99,,,,
861,05/16/2022 09:34:05,26.51,,,,
862,05/16/2022 09:39:05,26.51,,,,
863,05/16/2022 09:44:05,27.11,,,,
864,05/16/2022 09:49:05,27.41,,,,
865,05/16/2022 09:54:05,27.71,,,,
866,05/16/2022 09:59:05,27.88,,,,
867,05/16/2022 10:04:05,27.15,,,,
868,05/16/2022 10:09:05,27.45,,,,
869,05/16/2022 10:14:05,27.93,,,,
870,05/16/2022 10:19:05,28.31,,,,
871,05/16/2022 10:24:05,28.35,,,,
872,05/16/2022 10:29:05,28.91,,,,
873,05/16/2022 10:34:05,28.74,,,,
874,05/16/2022 10:39:05,28.70,,,,
875,05/16/2022 10:44:05,28.48,,,,
876,05/16/2022 10:49:05,29.26,,,,
877,05/16/2022 10:54:05,29.64,,,,
878,05/16/2022 10:59:05,29.94,,,,
879,05/16/2022 11:04:05,30.71,,,,
880,05/16/2022 11:09:05,30.63,,,,
881,05/16/2022 11:14:05,30.63,,,,
882,05/16/2022 11:19:05,30.37,,,,
883,05/16/2022 11:24:05,30.59,,,,
884,05/16/2022 11:29:05,30.28,,,,
885,05/16/2022 11:34:05,30.07,,,,
886,05/16/2022 11:39:05,30.76,,,,
887,05/16/2022 11:44:05,30.84,,,,
888,05/16/2022 11:49:05,30.59,,,,
889,05/16/2022 11:54:05,30.71,,,,
890,05/16/2022 11:59:05,31.23,,,,
891,05/16/2022 12:04:05,31.10,,,,
892,05/16/2022 12:09:05,30.50,,,,
893,05/16/2022 12:14:05,30.33,,,,
894,05/16/2022 12:19:05,30.20,,,,
895,05/16/2022 12:24:05,30.33,,,,
896,05/16/2022 12:29:05,31.79,,,,
897,05/16/2022 12:34:05,31.79,,,,
898,05/16/2022 12:39:05,31.44,,,,
899,05/16/2022 12:44:05,31.66,,,,
900,05/16/2022 12:49:05,31.31,,,,
901,05/16/2022 12:54:05,31.19,,,,
902,05/16/2022 12:59:05,31.31,,,,
903,05/16/2022 13:04:05,31.40,,,,
904,05/16/2022 13:09:05,31.96,,,,
905,05/16/2022 13:14:05,31.79,,,,
906,05/16/2022 13:19:05,31.96,,,,
907,05/16/2022 13:24:05,32.09,,,,
908,05/16/2022 13:29:05,32.09,,,,
909,05/16/2022 13:34:05,32.47,,,,
910,05/16/2022 13:39:05,32.82,,,,
911,05/16/2022 13:44:05,32.39,,,,
912,05/16/2022 13:49:05,32.90,,,,
913,05/16/2022 13:54:05,33.03,,,,
914,05/16/2022 13:59:05,32.13,,,,
915,05/16/2022 14:04:05,32.39,,,,
916,05/16/2022 14:09:05,31.83,,,,
917,05/16/2022 14:14:05,32.34,,,,
918,05/16/2022 14:19:05,32.30,,,,
919,05/16/2022 14:24:05,32.64,,,,
920,05/16/2022 14:29:05,32.73,,,,
921,05/16/2022 14:34:05,32.43,,,,
922,05/16/2022 14:39:05,33.12,,,,
923,05/16/2022 14:44:05,33.89,,,,
924,05/16/2022 14:49:05,33.97,,,,
925,05/16/2022 14:54:05,34.15,,,,
926,05/16/2022 14:59:05,34.15,,,,
927,05/16/2022 15:04:05,33.85,,,,
928,05/16/2022 15:09:05,34.23,,,,
929,05/16/2022 15:14:05,33.80,,,,
930,05/16/2022 15:19:05,33.85,,,,
931,05/16/2022 15:24:05,34.32,,,,
932,05/16/2022 15:29:05,34.23,,,,
933,05/16/2022 15:34:05,34.49,,,,
934,05/16/2022 15:39:05,33.80,,,,
935,05/16/2022 15:44:05,33.80,,,,
936,05/16/2022 15:49:05,34.15,,,,
937,05/16/2022 15:54:05,33.63,,,,
938,05/16/2022 15:59:05,33.63,,,,
939,05/16/2022 16:04:05,33.37,,,,
940,05/16/2022 16:09:05,33.72,,,,
941,05/16/2022 16:14:05,33.93,,,,
942,05/16/2022 16:19:05,33.80,,,,
943,05/16/2022 16:24:05,34.32,,,,
944,05/16/2022 16:29:05,34.23,,,,
945,05/16/2022 16:34:05,33.80,,,,
946,05/16/2022 16:39:05,34.57,,,,
947,05/16/2022 16:44:05,34.62,,,,
948,05/16/2022 16:49:05,33.55,,,,
949,05/16/2022 16:54:05,33.80,,,,
950,05/16/2022 16:59:05,34.10,,,,
951,05/16/2022 17:04:05,34.19,,,,
952,05/16/2022 17:09:05,33.25,,,,
953,05/16/2022 17:14:05,32.09,,,,
954,05/16/2022 17:19:05,32.04,,,,
955,05/16/2022 17:24:05,31.31,,,,
956,05/16/2022 17:29:05,31.40,,,,
957,05/16/2022 17:34:05,30.84,,,,
958,05/16/2022 17:39:05,30.59,,,,
959,05/16/2022 17:44:05,30.71,,,,
960,05/16/2022 17:49:05,30.24,,,,
961,05/16/2022 17:54:05,29.86,,,,
962,05/16/2022 17:59:05,29.77,,,,
963,05/16/2022 18:04:05,29.51,,,,
964,05/16/2022 18:09:05,28.87,,,,
965,05/16/2022 18:14:05,28.61,,,,
966,05/16/2022 18:19:05,28.10,,,,
967,05/16/2022 18:24:05,28.01,,,,
968,05/16/2022 18:29:05,27.97,,,,
969,05/16/2022 18:34:05,27.93,,,,
970,05/16/2022 18:39:05,27.45,,,,
971,05/16/2022 18:44:05,26.98,,,,
972,05/16/2022 18:49:05,26.68,,,,
973,05/16/2022 18:54:05,26.42,,,,
974,05/16/2022 18:59:05,26.25,,,,
975,05/16/2022 19:04:05,25.95,,,,
976,05/16/2022 19:09:05,25.61,,,,
977,05/16/2022 19:14:05,25.27,,,,
978,05/16/2022 19:19:05,24.88,,,,
979,05/16/2022 19:24:05,24.45,,,,
980,05/16/2022 19:29:05,24.06,,,,
981,05/16/2022 19:34:05,23.64,,,,
982,05/16/2022 19:39:05,23.08,,,,
983,05/16/2022 19:44:05,22.52,,,,
984,05/16/2022 19:49:05,22.09,,,,
985,05/16/2022 19:54:05,21.70,,,,
986,05/16/2022 19:59:05,21.23,,,,
987,05/16/2022 20:04:05,20.76,,,,
988,05/16/2022 20:09:05,20.37,,,,
989,05/16/2022 20:14:05,19.99,,,,
990,05/16/2022 20:19:05,19.65,,,,
991,05/16/2022 20:24:05,19.30,,,,
992,05/16/2022 20:29:05,19.00,,,,
993,05/16/2022 20:34:05,18.87,,,,
994,05/16/2022 20:39:05,18.62,,,,
995,05/16/2022 20:44:05,18.36,,,,
996,05/16/2022 20:49:05,18.19,,,,
997,05/16/2022 20:54:05,17.97,,,,
998,05/16/2022 20:59:05,17.80,,,,
999,05/16/2022 21:04:05,17.67,,,,
1000,05/16/2022 21:09:05,17.54,,,,
1001,05/16/2022 21:14:05,17.33,,,,
1002,05/16/2022 21:19:05,17.16,,,,
1003,05/16/2022 21:24:05,17.03,,,,
1004,05/16/2022 21:29:05,16.77,,,,
1005,05/16/2022 21:34:05,16.69,,,,
1006,05/16/2022 21:39:05,16.51,,,,
1007,05/16/2022 21:44:05,16.30,,,,
1008,05/16/2022 21:49:05,16.13,,,,
1009,05/16/2022 21:54:05,16.13,,,,
1010,05/16/2022 21:59:05,15.96,,,,
1011,05/16/2022 22:04:05,15.78,,,,
1012,05/16/2022 22:09:05,15.70,,,,
1013,05/16/2022 22:14:05,15.70,,,,
1014,05/16/2022 22:19:05,15.70,,,,
1015,05/16/2022 22:24:05,15.66,,,,
1016,05/16/2022 22:29:05,15.40,,,,
1017,05/16/2022 22:34:05,15.31,,,,
1018,05/16/2022 22:39:05,15.10,,,,
1019,05/16/2022 22:44:05,15.01,,,,
1020,05/16/2022 22:49:05,14.93,,,,
1021,05/16/2022 22:54:05,14.75,,,,
1022,05/16/2022 22:59:05,14.37,,,,
1023,05/16/2022 23:04:05,14.11,,,,
1024,05/16/2022 23:09:05,14.11,,,,
1025,05/16/2022 23:14:05,14.15,,,,
1026,05/16/2022 23:19:05,14.28,,,,
1027,05/16/2022 23:24:05,14.28,,,,
1028,05/16/2022 23:29:05,14.20,,,,
1029,05/16/2022 23:34:05,14.11,,,,
1030,05/16/2022 23:39:05,13.98,,,,
1031,05/16/2022 23:44:05,13.68,,,,
1032,05/16/2022 23:49:05,13.55,,,,
1033,05/16/2022 23:54:05,13.21,,,,
1034,05/16/2022 23:59:05,13.12,,,,
1035,05/17/2022 00:04:05,12.87,,,,
1036,05/17/2022 00:09:05,12.95,,,,
1037,05/17/2022 00:14:05,12.91,,,,
1038,05/17/2022 00:19:05,12.78,,,,
1039,05/17/2022 00:24:05,12.70,,,,
1040,05/17/2022 00:29:05,12.48,,,,
1041,05/17/2022 00:34:05,12.48,,,,
1042,05/17/2022 00:39:05,12.61,,,,
1043,05/17/2022 00:44:05,12.40,,,,
1044,05/17/2022 00:49:05,12.14,,,,
1045,05/17/2022 00:54:05,12.01,,,,
1046,05/17/2022 00:59:05,11.79,,,,
1047,05/17/2022 01:04:05,11.84,,,,
1048,05/17/2022 01:09:05,11.79,,,,
1049,05/17/2022 01:14:05,11.49,,,,
1050,05/17/2022 01:19:05,11.15,,,,
1051,05/17/2022 01:24:05,10.94,,,,
1052,05/17/2022 01:29:05,10.94,,,,
1053,05/17/2022 01:34:05,10.94,,,,
1054,05/17/2022 01:39:05,10.85,,,,
1055,05/17/2022 01:44:05,10.55,,,,
1056,05/17/2022 01:49:05,10.38,,,,
1057,05/17/2022 01:54:05,10.29,,,,
1058,05/17/2022 01:59:05,10.38,,,,
1059,05/17/2022 02:04:05,10.38,,,,
1060,05/17/2022 02:09:05,10.25,,,,
1061,05/17/2022 02:14:05,10.21,,,,
1062,05/17/2022 02:19:05,9.86,,,,
1063,05/17/2022 02:24:05,9.82,,,,
1064,05/17/2022 02:29:05,9.56,,,,
1065,05/17/2022 02:34:05,9.39,,,,
1066,05/17/2022 02:39:05,9.05,,,,
1067,05/17/2022 02:44:05,9.26,,,,
1068,05/17/2022 02:49:05,9.31,,,,
1069,05/17/2022 02:54:05,9.18,,,,
1070,05/17/2022 02:59:05,8.96,,,,
1071,05/17/2022 03:04:05,9.05,,,,
1072,05/17/2022 03:09:05,9.35,,,,
1073,05/17/2022 03:14:05,9.26,,,,
1074,05/17/2022 03:19:05,9.39,,,,
1075,05/17/2022 03:24:05,9.48,,,,
1076,05/17/2022 03:29:05,9.35,,,,
1077,05/17/2022 03:34:05,9.31,,,,
1078,05/17/2022 03:39:05,8.92,,,,
1079,05/17/2022 03:44:05,8.79,,,,
1080,05/17/2022 03:49:05,8.66,,,,
1081,05/17/2022 03:54:05,8.49,,,,
1082,05/17/2022 03:59:05,8.36,,,,
1083,05/17/2022 04:04:05,8.28,,,,
1084,05/17/2022 04:09:05,8.36,,,,
1085,05/17/2022 04:14:05,8.66,,,,
1086,05/17/2022 04:19:05,8.71,,,,
1087,05/17/2022 04:24:05,8.49,,,,
1088,05/17/2022 04:29:05,7.89,,,,
1089,05/17/2022 04:34:05,7.63,,,,
1090,05/17/2022 04:39:05,7.38,,,,
1091,05/17/2022 04:44:05,7.20,,,,
1092,05/17/2022 04:49:05,7.16,,,,
1093,05/17/2022 04:54:05,7.29,,,,
1094,05/17/2022 04:59:05,7.16,,,,
1095,05/17/2022 05:04:05,7.08,,,,
1096,05/17/2022 05:09:05,7.08,,,,
1097,05/17/2022 05:14:05,6.82,,,,
1098,05/17/2022 05:19:05,7.12,,,,
1099,05/17/2022 05:24:05,7.33,,,,
1100,05/17/2022 05:29:05,7.55,,,,
1101,05/17/2022 05:34:05,7.42,,,,
1102,05/17/2022 05:39:05,7.42,,,,
1103,05/17/2022 05:44:05,7.33,,,,
1104,05/17/2022 05:49:05,7.25,,,,
1105,05/17/2022 05:54:05,7.33,,,,
1106,05/17/2022 05:59:05,7.33,,,,
1107,05/17/2022 06:04:05,7.42,,,,
1108,05/17/2022 06:09:05,7.50,,,,
1109,05/17/2022 06:14:05,7.50,,,,
1110,05/17/2022 06:19:05,7.63,,,,
1111,05/17/2022 06:24:05,7.93,,,,
1112,05/17/2022 06:29:05,8.15,,,,
1113,05/17/2022 06:34:05,8.53,,,,
1114,05/17/2022 06:39:05,9.18,,,,
1115,05/17/2022 06:44:05,9.95,,,,
1116,05/17/2022 06:49:05,10.64,,,,
1117,05/17/2022 06:54:05,11.15,,,,
1118,05/17/2022 06:59:05,11.97,,,,
1119,05/17/2022 07:04:05,12.70,,,,
1120,05/17/2022 07:09:05,13.38,,,,
1121,05/17/2022 07:14:05,13.98,,,,
1122,05/17/2022 07:19:05,14.50,,,,
1123,05/17/2022 07:24:05,15.14,,,,
1124,05/17/2022 07:29:05,15.61,,,,
1125,05/17/2022 07:34:05,16.04,,,,
1126,05/17/2022 07:39:05,16.47,,,,
1127,05/17/2022 07:44:05,16.94,,,,
1128,05/17/2022 07:49:05,17.11,,,,
1129,05/17/2022 07:54:05,17.67,,,,
1130,05/17/2022 07:59:05,18.02,,,,
1131,05/17/2022 08:04:05,18.49,,,,
1132,05/17/2022 08:09:05,18.74,,,,
1133,05/17/2022 08:14:05,19.13,,,,
1134,05/17/2022 08:19:05,19.52,,,,
1135,05/17/2022 08:24:05,19.86,,,,
1136,05/17/2022 08:29:05,20.25,,,,
1137,05/17/2022 08:34:05,20.46,,,,
1138,05/17/2022 08:39:05,21.36,,,,
1139,05/17/2022 08:44:05,22.01,,,,
1140,05/17/2022 08:49:05,22.18,,,,
1141,05/17/2022 08:54:05,22.61,,,,
1142,05/17/2022 08:59:05,22.61,,,,
1143,05/17/2022 09:04:05,23.29,,,,
1144,05/17/2022 09:09:05,23.85,,,,
1145,05/17/2022 09:14:05,24.11,,,,
1146,05/17/2022 09:19:05,24.58,,,,
1147,05/17/2022 09:24:05,25.22,,,,
1148,05/17/2022 09:29:05,25.61,,,,
1149,05/17/2022 09:34:05,25.95,,,,
1150,05/17/2022 09:39:05,25.87,,,,
1151,05/17/2022 09:44:05,26.47,,,,
1152,05/17/2022 09:49:05,27.02,,,,
1153,05/17/2022 09:54:05,27.37,,,,
1154,05/17/2022 09:59:05,27.67,,,,
1155,05/17/2022 10:04:05,28.01,,,,
1156,05/17/2022 10:09:05,27.84,,,,
1157,05/17/2022 10:14:05,28.40,,,,
1158,05/17/2022 10:19:05,28.83,,,,
1159,05/17/2022 10:24:05,29.43,,,,
1160,05/17/2022 10:29:05,29.34,,,,
1161,05/17/2022 10:34:05,29.68,,,,
1162,05/17/2022 10:39:05,30.33,,,,
1163,05/17/2022 10:44:05,29.98,,,,
1164,05/17/2022 10:49:05,30.24,,,,
1165,05/17/2022 10:54:05,30.24,,,,
1166,05/17/2022 10:59:05,30.54,,,,
1167,05/17/2022 11:04:05,30.84,,,,
1168,05/17/2022 11:09:05,31.14,,,,
1169,05/17/2022 11:14:05,31.10,,,,
1170,05/17/2022 11:19:05,31.70,,,,
1171,05/17/2022 11:24:05,31.61,,,,
1172,05/17/2022 11:29:05,32.30,,,,
1173,05/17/2022 11:34:05,32.64,,,,
1174,05/17/2022 11:39:05,32.94,,,,
1175,05/17/2022 11:44:05,32.77,,,,
1176,05/17/2022 11:49:05,33.12,,,,
1177,05/17/2022 11:54:05,33.37,,,,
1178,05/17/2022 11:59:05,33.97,,,,
1179,05/17/2022 12:04:05,33.33,,,,
1180,05/17/2022 12:09:05,33.93,,,,
1181,05/17/2022 12:14:05,34.23,,,,
1182,05/17/2022 12:19:05,34.53,,,,
1183,05/17/2022 12:24:05,34.92,,,,
1184,05/17/2022 12:29:05,34.88,,,,
1185,05/17/2022 12:34:05,35.00,,,,
1186,05/17/2022 12:39:05,35.05,,,,
1187,05/17/2022 12:44:05,35.69,,,,
1188,05/17/2022 12:49:05,36.08,,,,
1189,05/17/2022 12:54:05,36.33,,,,
1190,05/17/2022 12:59:05,36.03,,,,
1191,05/17/2022 13:04:05,36.42,,,,
1192,05/17/2022 13:09:05,36.25,,,,
1193,05/17/2022 13:14:05,36.03,,,,
1194,05/17/2022 13:19:05,35.99,,,,
1195,05/17/2022 13:24:05,36.46,,,,
1196,05/17/2022 13:29:05,37.36,,,,
1197,05/17/2022 13:34:05,37.32,,,,
1198,05/17/2022 13:39:05,37.19,,,,
1199,05/17/2022 13:44:05,37.45,,,,
1200,05/17/2022 13:49:05,37.58,,,,
1201,05/17/2022 13:54:05,37.11,,,,
1202,05/17/2022 13:59:05,37.06,,,,
1203,05/17/2022 14:04:05,37.36,,,,
1204,05/17/2022 14:09:05,37.23,,,,
1205,05/17/2022 14:14:05,37.19,,,,
1206,05/17/2022 14:19:05,37.23,,,,
1207,05/17/2022 14:24:05,37.66,,,,
1208,05/17/2022 14:29:05,37.96,,,,
1209,05/17/2022 14:34:05,37.66,,,,
1210,05/17/2022 14:39:05,37.49,,,,
1211,05/17/2022 14:44:05,38.31,,,,
1212,05/17/2022 14:49:05,38.39,,,,
1213,05/17/2022 14:54:05,38.35,,,,
1214,05/17/2022 14:59:05,38.91,,,,
1215,05/17/2022 15:04:05,38.35,,,,
1216,05/17/2022 15:09:05,37.75,,,,
1217,05/17/2022 15:14:05,37.71,,,,
1218,05/17/2022 15:19:05,39.04,,,,
1219,05/17/2022 15:24:05,39.17,,,,
1220,05/17/2022 15:29:05,38.69,,,,
1221,05/17/2022 15:34:05,38.69,,,,
1222,05/17/2022 15:39:05,38.91,,,,
1223,05/17/2022 15:44:05,38.69,,,,
1224,05/17/2022 15:49:05,39.04,,,,
1225,05/17/2022 15:54:05,39.59,,,,
1226,05/17/2022 15:59:05,38.95,,,,
1227,05/17/2022 16:04:05,38.56,,,,
1228,05/17/2022 16:09:05,38.91,,,,
1229,05/17/2022 16:14:05,39.55,,,,
1230,05/17/2022 16:19:05,39.12,,,,
1231,05/17/2022 16:24:05,38.91,,,,
1232,05/17/2022 16:29:05,38.35,,,,
1233,05/17/2022 16:34:05,38.52,,,,
1234,05/17/2022 16:39:05,38.95,,,,
1235,05/17/2022 16:44:05,39.08,,,,
1236,05/17/2022 16:49:05,38.86,,,,
1237,05/17/2022 16:54:05,38.78,,,,
1238,05/17/2022 16:59:05,38.95,,,,
1239,05/17/2022 17:04:05,38.52,,,,
1240,05/17/2022 17:09:05,38.86,,,,
1241,05/17/2022 17:14:05,38.74,,,,
1242,05/17/2022 17:19:05,38.31,,,,
1243,05/17/2022 17:24:05,38.39,,,,
1244,05/17/2022 17:29:05,37.79,,,,
1245,05/17/2022 17:34:05,37.88,,,,
1246,05/17/2022 17:39:05,38.05,,,,
1247,05/17/2022 17:44:05,37.71,,,,
1248,05/17/2022 17:49:05,37.62,,,,
1249,05/17/2022 17:54:05,37.36,,,,
1250,05/17/2022 17:59:05,36.81,,,,
1251,05/17/2022 18:04:05,36.68,,,,
1252,05/17/2022 18:09:05,36.55,,,,
1253,05/17/2022 18:14:05,36.25,,,,
1254,05/17/2022 18:19:05,36.29,,,,
1255,05/17/2022 18:24:05,36.03,,,,
1256,05/17/2022 18:29:05,35.82,,,,
1257,05/17/2022 18:34:05,35.00,,,,
1258,05/17/2022 18:39:05,34.49,,,,
1259,05/17/2022 18:44:05,33.85,,,,
1260,05/17/2022 18:49:05,33.12,,,,
1261,05/17/2022 18:54:05,32.13,,,,
1262,05/17/2022 18:59:05,31.61,,,,
1263,05/17/2022 19:04:05,31.57,,,,
1264,05/17/2022 19:09:05,31.10,,,,
1265,05/17/2022 19:14:05,30.46,,,,
1266,05/17/2022 19:19:05,29.98,,,,
1267,05/17/2022 19:24:05,29.51,,,,
1268,05/17/2022 19:29:05,29.04,,,,
1269,05/17/2022 19:34:05,28.53,,,,
1270,05/17/2022 19:39:05,28.14,,,,
1271,05/17/2022 19:44:05,27.63,,,,
1272,05/17/2022 19:49:05,27.20,,,,
1273,05/17/2022 19:54:05,26.85,,,,
1274,05/17/2022 19:59:05,26.42,,,,
1275,05/17/2022 20:04:05,26.17,,,,
1276,05/17/2022 20:09:05,25.78,,,,
1277,05/17/2022 20:14:05,25.18,,,,
1278,05/17/2022 20:19:05,24.62,,,,
1279,05/17/2022 20:24:05,24.15,,,,
1280,05/17/2022 20:29:05,23.51,,,,
1281,05/17/2022 20:34:05,23.46,,,,
1282,05/17/2022 20:39:05,23.51,,,,
1283,05/17/2022 20:44:05,23.38,,,,
1284,05/17/2022 20:49:05,23.25,,,,
1285,05/17/2022 20:54:05,23.12,,,,
1286,05/17/2022 20:59:05,22.86,,,,
1287,05/17/2022 21:04:05,22.09,,,,
1288,05/17/2022 21:09:05,21.58,,,,
1289,05/17/2022 21:14:05,21.15,,,,
1290,05/17/2022 21:19:05,20.80,,,,
1291,05/17/2022 21:24:05,20.46,,,,
1292,05/17/2022 21:29:05,20.07,,,,
1293,05/17/2022 21:34:05,19.77,,,,
1294,05/17/2022 21:39:05,19.30,,,,
1295,05/17/2022 21:44:05,19.90,,,,
1296,05/17/2022 21:49:05,19.35,,,,
1297,05/17/2022 21:54:05,19.05,,,,
1298,05/17/2022 21:59:05,18.36,,,,
1299,05/17/2022 22:04:05,17.93,,,,
1300,05/17/2022 22:09:05,17.33,,,,
1301,05/17/2022 22:14:05,17.29,,,,
1302,05/17/2022 22:19:05,17.20,,,,
1303,05/17/2022 22:24:05,16.64,,,,
1304,05/17/2022 22:29:05,16.51,,,,
1305,05/17/2022 22:34:05,16.30,,,,
1306,05/17/2022 22:39:05,16.26,,,,
1307,05/17/2022 22:44:05,16.13,,,,
1308,05/17/2022 22:49:05,15.87,,,,
1309,05/17/2022 22:54:05,15.74,,,,
1310,05/17/2022 22:59:05,15.74,,,,
1311,05/17/2022 23:04:05,15.57,,,,
1312,05/17/2022 23:09:05,15.48,,,,
1313,05/17/2022 23:14:05,15.48,,,,
1314,05/17/2022 23:19:05,15.57,,,,
1315,05/17/2022 23:24:05,15.53,,,,
1316,05/17/2022 23:29:05,15.66,,,,
1317,05/17/2022 23:34:05,15.74,,,,
1318,05/17/2022 23:39:05,15.74,,,,
1319,05/17/2022 23:44:05,15.70,,,,
1320,05/17/2022 23:49:05,15.31,,,,
1321,05/17/2022 23:54:05,14.97,,,,
1322,05/17/2022 23:59:05,14.67,,,,
1323,05/18/2022 00:04:05,14.33,,,,
1324,05/18/2022 00:09:05,13.98,,,,
1325,05/18/2022 00:14:05,13.64,,,,
1326,05/18/2022 00:19:05,13.30,,,,
1327,05/18/2022 00:24:05,12.95,,,,
1328,05/18/2022 00:29:05,12.78,,,,
1329,05/18/2022 00:34:05,12.52,,,,
1330,05/18/2022 00:39:05,12.10,,,,
1331,05/18/2022 00:44:05,11.71,,,,
1332,05/18/2022 00:49:05,11.45,,,,
1333,05/18/2022 00:54:05,11.15,,,,
1334,05/18/2022 00:59:05,11.41,,,,
1335,05/18/2022 01:04:05,11.54,,,,
1336,05/18/2022 01:09:05,11.37,,,,
1337,05/18/2022 01:14:05,11.11,,,,
1338,05/18/2022 01:19:05,10.72,,,,
1339,05/18/2022 01:24:05,10.64,,,,
1340,05/18/2022 01:29:05,11.07,,,,
1341,05/18/2022 01:34:05,10.85,,,,
1342,05/18/2022 01:39:05,10.42,,,,
1343,05/18/2022 01:44:05,10.25,,,,
1344,05/18/2022 01:49:05,9.86,,,,
1345,05/18/2022 01:54:05,10.59,,,,
1346,05/18/2022 01:59:05,10.59,,,,
1347,05/18/2022 02:04:05,10.64,,,,
1348,05/18/2022 02:09:05,11.02,,,,
1349,05/18/2022 02:14:05,11.19,,,,
1350,05/18/2022 02:19:05,10.98,,,,
1351,05/18/2022 02:24:05,10.72,,,,
1352,05/18/2022 02:29:05,10.72,,,,
1353,05/18/2022 02:34:05,11.02,,,,
1354,05/18/2022 02:39:05,10.81,,,,
1355,05/18/2022 02:44:05,10.77,,,,
1356,05/18/2022 02:49:05,10.64,,,,
1357,05/18/2022 02:54:05,10.38,,,,
1358,05/18/2022 02:59:05,10.12,,,,
1359,05/18/2022 03:04:05,10.21,,,,
1360,05/18/2022 03:09:05,10.34,,,,
1361,05/18/2022 03:14:05,10.21,,,,
1362,05/18/2022 03:19:05,9.82,,,,
1363,05/18/2022 03:24:05,9.52,,,,
1364,05/18/2022 03:29:05,9.56,,,,
1365,05/18/2022 03:34:05,9.44,,,,
1366,05/18/2022 03:39:05,9.39,,,,
1367,05/18/2022 03:44:05,9.48,,,,
1368,05/18/2022 03:49:05,9.82,,,,
1369,05/18/2022 03:54:05,9.99,,,,
1370,05/18/2022 03:59:05,10.04,,,,
1371,05/18/2022 04:04:05,10.21,,,,
1372,05/18/2022 04:09:05,10.25,,,,
1373,05/18/2022 04:14:05,10.25,,,,
1374,05/18/2022 04:19:05,10.29,,,,
1375,05/18/2022 04:24:05,10.21,,,,
1376,05/18/2022 04:29:05,10.04,,,,
1377,05/18/2022 04:34:05,9.86,,,,
1378,05/18/2022 04:39:05,9.91,,,,
1379,05/18/2022 04:44:05,9.82,,,,
1380,05/18/2022 04:49:05,9.82,,,,
1381,05/18/2022 04:54:05,9.61,,,,
1382,05/18/2022 04:59:05,9.69,,,,
1383,05/18/2022 05:04:05,9.56,,,,
1384,05/18/2022 05:09:05,9.56,,,,
1385,05/18/2022 05:14:05,9.35,,,,
1386,05/18/2022 05:19:05,9.05,,,,
1387,05/18/2022 05:24:05,9.14,,,,
1388,05/18/2022 05:29:05,9.31,,,,
1389,05/18/2022 05:34:05,9.09,,,,
1390,05/18/2022 05:39:05,9.26,,,,
1391,05/18/2022 05:44:05,9.18,,,,
1392,05/18/2022 05:49:05,9.48,,,,
1393,05/18/2022 05:54:05,9.35,,,,
1394,05/18/2022 05:59:05,9.01,,,,
1395,05/18/2022 06:04:05,8.71,,,,
1396,05/18/2022 06:09:05,8.66,,,,
1397,05/18/2022 06:14:05,8.92,,,,
1398,05/18/2022 06:19:05,9.31,,,,
1399,05/18/2022 06:24:05,10.12,,,,
1400,05/18/2022 06:29:05,10.68,,,,
1401,05/18/2022 06:34:05,11.28,,,,
1402,05/18/2022 06:39:05,11.67,,,,
1403,05/18/2022 06:44:05,12.14,,,,
1404,05/18/2022 06:49:05,12.82,,,,
1405,05/18/2022 06:54:05,13.64,,,,
1406,05/18/2022 06:59:05,14.45,,,,
1407,05/18/2022 07:04:05,15.10,,,,
1408,05/18/2022 07:09:05,15.74,,,,
1409,05/18/2022 07:14:05,16.51,,,,
1410,05/18/2022 07:19:05,17.03,,,,
1411,05/18/2022 07:24:05,17.93,,,,
1412,05/18/2022 07:29:05,18.74,,,,
1413,05/18/2022 07:34:05,19.56,,,,
1414,05/18/2022 07:39:05,20.42,,,,
1415,05/18/2022 07:44:05,21.10,,,,
1416,05/18/2022 07:49:05,21.96,,,,
1417,05/18/2022 07:54:05,22.91,,,,
1418,05/18/2022 07:59:05,23.55,,,,
1419,05/18/2022 08:04:05,24.11,,,,
1420,05/18/2022 08:09:05,24.41,,,,
1421,05/18/2022 08:14:05,24.97,,,,
1422,05/18/2022 08:19:05,25.44,,,,
1423,05/18/2022 08:24:05,25.95,,,,
1424,05/18/2022 08:29:05,26.55,,,,
1425,05/18/2022 08:34:05,27.15,,,,
1426,05/18/2022 08:39:05,27.45,,,,
1427,05/18/2022 08:44:05,27.93,,,,
1428,05/18/2022 08:49:05,28.48,,,,
1429,05/18/2022 08:54:05,28.65,,,,
1430,05/18/2022 08:59:05,28.95,,,,
1431,05/18/2022 09:04:05,29.21,,,,
1432,05/18/2022 09:09:05,29.08,,,,
1433,05/18/2022 09:14:05,29.34,,,,
1434,05/18/2022 09:19:05,29.77,,,,
1435,05/18/2022 09:24:05,30.28,,,,
1436,05/18/2022 09:29:05,30.37,,,,
1437,05/18/2022 09:34:05,30.84,,,,
1438,05/18/2022 09:39:05,31.06,,,,
1439,05/18/2022 09:44:05,31.40,,,,
1440,05/18/2022 09:49:05,31.40,,,,
1441,05/18/2022 09:54:05,31.83,,,,
1442,05/18/2022 09:59:05,31.40,,,,
1443,05/18/2022 10:04:05,31.61,,,,
1444,05/18/2022 10:09:05,31.66,,,,
1445,05/18/2022 10:14:05,31.74,,,,
1446,05/18/2022 10:19:05,31.96,,,,
1447,05/18/2022 10:24:05,31.70,,,,
1448,05/18/2022 10:29:05,32.52,,,,
1449,05/18/2022 10:34:05,32.64,,,,
1450,05/18/2022 10:39:05,32.82,,,,
1451,05/18/2022 10:44:05,32.94,,,,
1452,05/18/2022 10:49:05,32.43,,,,
1453,05/18/2022 10:54:05,33.12,,,,
1454,05/18/2022 10:59:05,33.50,,,,
1455,05/18/2022 11:04:05,33.97,,,,
1456,05/18/2022 11:09:05,33.85,,,,
1457,05/18/2022 11:14:05,34.57,,,,
1458,05/18/2022 11:19:05,34.27,,,,
1459,05/18/2022 11:24:05,34.49,,,,
1460,05/18/2022 11:29:05,34.62,,,,
1461,05/18/2022 11:34:05,35.26,,,,
1462,05/18/2022 11:39:05,35.52,,,,
1463,05/18/2022 11:44:05,35.52,,,,
1464,05/18/2022 11:49:05,35.82,,,,
1465,05/18/2022 11:54:05,36.08,,,,
1466,05/18/2022 11:59:05,36.42,,,,
1467,05/18/2022 12:04:05,36.25,,,,
1468,05/18/2022 12:09:05,37.11,,,,
1469,05/18/2022 12:14:05,36.93,,,,
1470,05/18/2022 12:19:05,37.45,,,,
1471,05/18/2022 12:24:05,37.66,,,,
1472,05/18/2022 12:29:05,37.41,,,,
1473,05/18/2022 12:34:05,37.96,,,,
1474,05/18/2022 12:39:05,37.45,,,,
1475,05/18/2022 12:44:05,37.88,,,,
1476,05/18/2022 12:49:05,38.31,,,,
1477,05/18/2022 12:54:05,38.82,,,,
1478,05/18/2022 12:59:05,38.61,,,,
1479,05/18/2022 13:04:05,38.78,,,,
1480,05/18/2022 13:09:05,39.34,,,,
1481,05/18/2022 13:14:05,39.47,,,,
1482,05/18/2022 13:19:05,39.34,,,,
1483,05/18/2022 13:24:05,39.08,,,,
1484,05/18/2022 13:29:05,39.34,,,,
1485,05/18/2022 13:34:05,39.38,,,,
1486,05/18/2022 13:39:05,39.42,,,,
1487,05/18/2022 13:44:05,39.81,,,,
1488,05/18/2022 13:49:05,39.98,,,,
1489,05/18/2022 13:54:05,40.07,,,,
1490,05/18/2022 13:59:05,39.98,,,,
1491,05/18/2022 14:04:05,39.98,,,,
1492,05/18/2022 14:09:05,39.77,,,,
1493,05/18/2022 14:14:05,40.15,,,,
1494,05/18/2022 14:19:05,39.98,,,,
1495,05/18/2022 14:24:05,39.85,,,,
1496,05/18/2022 14:29:05,40.07,,,,
1497,05/18/2022 14:34:05,40.28,,,,
1498,05/18/2022 14:39:05,40.58,,,,
1499,05/18/2022 14:44:05,40.67,,,,
1500,05/18/2022 14:49:05,41.01,,,,
1501,05/18/2022 14:54:05,41.18,,,,
1502,05/18/2022 14:59:05,40.84,,,,
1503,05/18/2022 15:04:05,40.71,,,,
1504,05/18/2022 15:09:05,40.97,,,,
1505,05/18/2022 15:14:05,40.37,,,,
1506,05/18/2022 15:19:05,41.01,,,,
1507,05/18/2022 15:24:05,40.88,,,,
1508,05/18/2022 15:29:05,40.88,,,,
1509,05/18/2022 15:34:05,40.62,,,,
1510,05/18/2022 15:39:05,40.67,,,,
1511,05/18/2022 15:44:05,40.58,,,,
1512,05/18/2022 15:49:05,40.62,,,,
1513,05/18/2022 15:54:05,40.80,,,,
1514,05/18/2022 15:59:05,40.71,,,,
1515,05/18/2022 16:04:05,40.97,,,,
1516,05/18/2022 16:09:05,41.10,,,,
1517,05/18/2022 16:14:05,41.40,,,,
1518,05/18/2022 16:19:05,41.40,,,,
1519,05/18/2022 16:24:05,41.22,,,,
1520,05/18/2022 16:29:05,41.01,,,,
1521,05/18/2022 16:34:05,40.80,,,,
1522,05/18/2022 16:39:05,40.75,,,,
1523,05/18/2022 16:44:05,40.97,,,,
1524,05/18/2022 16:49:05,40.97,,,,
1525,05/18/2022 16:54:05,40.88,,,,
1526,05/18/2022 16:59:05,40.67,,,,
1527,05/18/2022 17:04:05,40.19,,,,
1528,05/18/2022 17:09:05,40.19,,,,
1529,05/18/2022 17:14:05,40.11,,,,
1530,05/18/2022 17:19:05,40.37,,,,
1531,05/18/2022 17:24:05,40.19,,,,
1532,05/18/2022 17:29:05,39.89,,,,
1533,05/18/2022 17:34:05,39.72,,,,
1534,05/18/2022 17:39:05,39.68,,,,
1535,05/18/2022 17:44:05,39.64,,,,
1536,05/18/2022 17:49:05,39.29,,,,
1537,05/18/2022 17:54:05,39.21,,,,
1538,05/18/2022 17:59:05,38.99,,,,
1539,05/18/2022 18:04:05,38.95,,,,
1540,05/18/2022 18:09:05,38.78,,,,
1541,05/18/2022 18:14:05,38.56,,,,
1542,05/18/2022 18:19:05,38.35,,,,
1543,05/18/2022 18:24:05,37.66,,,,
1544,05/18/2022 18:29:05,37.11,,,,
1545,05/18/2022 18:34:05,37.11,,,,
1546,05/18/2022 18:39:05,36.89,,,,
1547,05/18/2022 18:44:05,36.93,,,,
1548,05/18/2022 18:49:05,36.76,,,,
1549,05/18/2022 18:54:05,36.42,,,,
1550,05/18/2022 18:59:05,35.86,,,,
1551,05/18/2022 19:04:05,35.22,,,,
1552,05/18/2022 19:09:05,34.79,,,,
1553,05/18/2022 19:14:05,34.36,,,,
1554,05/18/2022 19:19:05,33.76,,,,
1555,05/18/2022 19:24:05,33.33,,,,
1556,05/18/2022 19:29:05,32.60,,,,
1557,05/18/2022 19:34:05,32.22,,,,
1558,05/18/2022 19:39:05,31.96,,,,
1559,05/18/2022 19:44:05,31.31,,,,
1560,05/18/2022 19:49:05,30.84,,,,
1561,05/18/2022 19:54:05,30.24,,,,
1562,05/18/2022 19:59:05,29.81,,,,
1563,05/18/2022 20:04:05,29.00,,,,
1564,05/18/2022 20:09:05,28.01,,,,
1565,05/18/2022 20:14:05,27.28,,,,
1566,05/18/2022 20:19:05,26.81,,,,
1567,05/18/2022 20:24:05,26.47,,,,
1568,05/18/2022 20:29:05,26.08,,,,
1569,05/18/2022 20:34:05,25.69,,,,
1570,05/18/2022 20:39:05,25.01,,,,
1571,05/18/2022 20:44:05,24.66,,,,
1572,05/18/2022 20:49:05,24.32,,,,
1573,05/18/2022 20:54:05,23.72,,,,
1574,05/18/2022 20:59:05,23.42,,,,
1575,05/18/2022 21:04:05,23.64,,,,
1576,05/18/2022 21:09:05,23.46,,,,
1577,05/18/2022 21:14:05,23.34,,,,
1578,05/18/2022 21:19:05,23.21,,,,
1579,05/18/2022 21:24:05,23.34,,,,
1580,05/18/2022 21:29:05,23.34,,,,
1581,05/18/2022 21:34:05,23.94,,,,
1582,05/18/2022 21:39:05,24.49,,,,
1583,05/18/2022 21:44:05,24.45,,,,
1584,05/18/2022 21:49:05,23.89,,,,
1585,05/18/2022 21:54:05,23.59,,,,
1586,05/18/2022 21:59:05,23.68,,,,
1587,05/18/2022 22:04:05,24.32,,,,
1588,05/18/2022 22:09:05,24.71,,,,
1589,05/18/2022 22:14:05,24.58,,,,
1590,05/18/2022 22:19:05,23.98,,,,
1591,05/18/2022 22:24:05,23.38,,,,
1592,05/18/2022 22:29:05,22.73,,,,
1593,05/18/2022 22:34:05,22.43,,,,
1594,05/18/2022 22:39:05,22.18,,,,
1595,05/18/2022 22:44:05,21.83,,,,
1596,05/18/2022 22:49:05,21.36,,,,
1597,05/18/2022 22:54:05,21.40,,,,
1598,05/18/2022 22:59:05,21.40,,,,
1599,05/18/2022 23:04:05,21.66,,,,
1600,05/18/2022 23:09:05,21.28,,,,
1601,05/18/2022 23:14:05,20.68,,,,
1602,05/18/2022 23:19:05,20.25,,,,
1603,05/18/2022 23:24:05,19.95,,,,
1604,05/18/2022 23:29:05,19.52,,,,
1605,05/18/2022 23:34:05,19.30,,,,
1606,05/18/2022 23:39:05,19.17,,,,
1607,05/18/2022 23:44:05,18.96,,,,
1608,05/18/2022 23:49:05,19.47,,,,
1609,05/18/2022 23:54:05,19.52,,,,
1610,05/18/2022 23:59:05,19.60,,,,
1611,05/19/2022 00:04:05,19.82,,,,
1612,05/19/2022 00:09:05,20.25,,,,
1613,05/19/2022 00:14:05,20.07,,,,
1614,05/19/2022 00:19:05,19.95,,,,
1615,05/19/2022 00:24:05,19.86,,,,
1616,05/19/2022 00:29:05,19.99,,,,
1617,05/19/2022 00:34:05,20.29,,,,
1618,05/19/2022 00:39:05,20.85,,,,
1619,05/19/2022 00:44:05,21.10,,,,
1620,05/19/2022 00:49:05,21.19,,,,
1621,05/19/2022 00:54:05,21.23,,,,
1622,05/19/2022 00:59:05,21.32,,,,
1623,05/19/2022 01:04:05,22.22,,,,
1624,05/19/2022 01:09:05,22.91,,,,
1625,05/19/2022 01:14:05,23.38,,,,
1626,05/19/2022 01:19:05,23.68,,,,
1627,05/19/2022 01:24:05,23.68,,,,
1628,05/19/2022 01:29:05,23.46,,,,
1629,05/19/2022 01:34:05,23.51,,,,
1630,05/19/2022 01:39:05,23.42,,,,
1631,05/19/2022 01:44:05,23.29,,,,
1632,05/19/2022 01:49:05,23.68,,,,
1633,05/19/2022 01:54:05,23.89,,,,
1634,05/19/2022 01:59:05,24.06,,,,
1635,05/19/2022 02:04:05,23.85,,,,
1636,05/19/2022 02:09:05,23.89,,,,
1637,05/19/2022 02:14:05,23.72,,,,
1638,05/19/2022 02:19:05,23.64,,,,
1639,05/19/2022 02:24:05,23.51,,,,
1640,05/19/2022 02:29:05,23.55,,,,
1641,05/19/2022 02:34:05,23.34,,,,
1642,05/19/2022 02:39:05,23.34,,,,
1643,05/19/2022 02:44:05,23.29,,,,
1644,05/19/2022 02:49:05,23.29,,,,
1645,05/19/2022 02:54:05,23.34,,,,
1646,05/19/2022 02:59:05,23.21,,,,
1647,05/19/2022 03:04:05,22.99,,,,
1648,05/19/2022 03:09:05,22.82,,,,
1649,05/19/2022 03:14:05,22.86,,,,
1650,05/19/2022 03:19:05,22.69,,,,
1651,05/19/2022 03:24:05,22.35,,,,
1652,05/19/2022 03:29:05,22.26,,,,
1653,05/19/2022 03:34:05,22.43,,,,
1654,05/19/2022 03:39:05,22.52,,,,
1655,05/19/2022 03:44:05,22.65,,,,
1656,05/19/2022 03:49:05,22.99,,,,
1657,05/19/2022 03:54:05,22.99,,,,
1658,05/19/2022 03:59:05,23.03,,,,
1659,05/19/2022 04:04:05,22.78,,,,
1660,05/19/2022 04:09:05,22.52,,,,
1661,05/19/2022 04:14:05,22.31,,,,
1662,05/19/2022 04:19:05,21.96,,,,
1663,05/19/2022 04:24:05,21.70,,,,
1664,05/19/2022 04:29:05,21.92,,,,
1665,05/19/2022 04:34:05,22.05,,,,
1666,05/19/2022 04:39:05,21.75,,,,
1667,05/19/2022 04:44:05,21.45,,,,
1668,05/19/2022 04:49:05,21.02,,,,
1669,05/19/2022 04:54:05,20.50,,,,
1670,05/19/2022 04:59:05,20.72,,,,
1671,05/19/2022 05:04:05,21.19,,,,
1672,05/19/2022 05:09:05,21.49,,,,
1673,05/19/2022 05:14:05,21.58,,,,
1674,05/19/2022 05:19:05,21.58,,,,
1675,05/19/2022 05:24:05,21.19,,,,
1676,05/19/2022 05:29:05,20.76,,,,
1677,05/19/2022 05:34:05,20.20,,,,
1678,05/19/2022 05:39:05,19.60,,,,
1679,05/19/2022 05:44:05,19.09,,,,
1680,05/19/2022 05:49:05,18.53,,,,
1681,05/19/2022 05:54:05,18.36,,,,
1682,05/19/2022 05:59:05,18.23,,,,
1683,05/19/2022 06:04:05,17.76,,,,
1684,05/19/2022 06:09:05,17.50,,,,
1685,05/19/2022 06:14:05,17.29,,,,
1686,05/19/2022 06:19:05,17.63,,,,
1687,05/19/2022 06:24:05,18.40,,,,
1688,05/19/2022 06:29:05,18.96,,,,
1689,05/19/2022 06:34:05,19.35,,,,
1690,05/19/2022 06:39:05,19.69,,,,
1691,05/19/2022 06:44:05,19.90,,,,
1692,05/19/2022 06:49:05,21.10,,,,
1693,05/19/2022 06:54:05,21.79,,,,
1694,05/19/2022 06:59:05,22.18,,,,
1695,05/19/2022 07:04:05,22.61,,,,
1696,05/19/2022 07:09:05,22.86,,,,
1697,05/19/2022 07:14:05,23.81,,,,
1698,05/19/2022 07:19:05,24.54,,,,
1699,05/19/2022 07:24:05,24.92,,,,
1700,05/19/2022 07:29:05,25.35,,,,
1701,05/19/2022 07:34:05,25.74,,,,
1702,05/19/2022 07:39:05,26.34,,,,
1703,05/19/2022 07:44:05,27.11,,,,
1704,05/19/2022 07:49:05,27.63,,,,
1705,05/19/2022 07:54:05,27.75,,,,
1706,05/19/2022 07:59:05,28.05,,,,
1707,05/19/2022 08:04:05,28.18,,,,
1708,05/19/2022 08:09:05,28.70,,,,
1709,05/19/2022 08:14:05,28.87,,,,
1710,05/19/2022 08:19:05,29.43,,,,
1711,05/19/2022 08:24:05,29.73,,,,
1712,05/19/2022 08:29:05,29.60,,,,
1713,05/19/2022 08:34:05,29.81,,,,
1714,05/19/2022 08:39:05,30.11,,,,
1715,05/19/2022 08:44:05,30.41,,,,
1716,05/19/2022 08:49:05,30.63,,,,
1717,05/19/2022 08:54:05,30.97,,,,
1718,05/19/2022 08:59:05,30.63,,,,
1719,05/19/2022 09:04:05,30.97,,,,
1720,05/19/2022 09:09:05,31.01,,,,
1721,05/19/2022 09:14:05,31.10,,,,
1722,05/19/2022 09:19:05,31.53,,,,
1723,05/19/2022 09:24:05,31.57,,,,
1724,05/19/2022 09:29:05,31.79,,,,
1725,05/19/2022 09:34:05,32.17,,,,
1726,05/19/2022 09:39:05,32.13,,,,
1727,05/19/2022 09:44:05,32.43,,,,
1728,05/19/2022 09:49:05,32.47,,,,
1729,05/19/2022 09:54:05,32.86,,,,
1730,05/19/2022 09:59:05,32.90,,,,
1731,05/19/2022 10:04:05,33.03,,,,
1732,05/19/2022 10:09:05,33.33,,,,
1733,05/19/2022 10:14:05,33.20,,,,
1734,05/19/2022 10:19:05,33.29,,,,
1735,05/19/2022 10:24:05,34.23,,,,
1736,05/19/2022 10:29:05,33.89,,,,
1737,05/19/2022 10:34:05,33.50,,,,
1738,05/19/2022 10:39:05,34.10,,,,
1739,05/19/2022 10:44:05,34.40,,,,
1740,05/19/2022 10:49:05,34.27,,,,
1741,05/19/2022 10:54:05,34.49,,,,
1742,05/19/2022 10:59:05,34.45,,,,
1743,05/19/2022 11:04:05,35.18,,,,
1744,05/19/2022 11:09:05,34.88,,,,
1745,05/19/2022 11:14:05,34.66,,,,
1746,05/19/2022 11:19:05,35.39,,,,
1747,05/19/2022 11:24:05,35.52,,,,
1748,05/19/2022 11:29:05,35.99,,,,
1749,05/19/2022 11:34:05,35.30,,,,
1750,05/19/2022 11:39:05,35.09,,,,
1751,05/19/2022 11:44:05,35.65,,,,
1752,05/19/2022 11:49:05,35.90,,,,
1753,05/19/2022 11:54:05,35.73,,,,
1754,05/19/2022 11:59:05,35.22,,,,
1755,05/19/2022 12:04:05,35.99,,,,
1756,05/19/2022 12:09:05,35.60,,,,
1757,05/19/2022 12:14:05,35.95,,,,
1758,05/19/2022 12:19:05,36.59,,,,
1759,05/19/2022 12:24:05,36.33,,,,
1760,05/19/2022 12:29:05,36.29,,,,
1761,05/19/2022 12:34:05,35.30,,,,
1762,05/19/2022 12:39:05,35.82,,,,
1763,05/19/2022 12:44:05,36.76,,,,
1764,05/19/2022 12:49:05,36.51,,,,
1765,05/19/2022 12:54:05,37.19,,,,
1766,05/19/2022 12:59:05,36.81,,,,
1767,05/19/2022 13:04:05,36.81,,,,
1768,05/19/2022 13:09:05,36.85,,,,
1769,05/19/2022 13:14:05,36.76,,,,
1770,05/19/2022 13:19:05,36.98,,,,
1771,05/19/2022 13:24:05,37.15,,,,
1772,05/19/2022 13:29:05,36.98,,,,
1773,05/19/2022 13:34:05,37.06,,,,
1774,05/19/2022 13:39:05,37.54,,,,
1775,05/19/2022 13:44:05,37.45,,,,
1776,05/19/2022 13:49:05,37.66,,,,
1777,05/19/2022 13:54:05,37.58,,,,
1778,05/19/2022 13:59:05,37.88,,,,
1779,05/19/2022 14:04:05,37.11,,,,
1780,05/19/2022 14:09:05,36.98,,,,
1781,05/19/2022 14:14:05,36.85,,,,
1782,05/19/2022 14:19:05,37.36,,,,
1783,05/19/2022 14:24:05,36.76,,,,
1784,05/19/2022 14:29:05,36.59,,,,
1785,05/19/2022 14:34:05,36.76,,,,
1786,05/19/2022 14:39:05,37.19,,,,
1787,05/19/2022 14:44:05,37.32,,,,
1788,05/19/2022 14:49:05,37.19,,,,
1789,05/19/2022 14:54:05,37.66,,,,
1790,05/19/2022 14:59:05,37.41,,,,
1791,05/19/2022 15:04:05,37.28,,,,
1792,05/19/2022 15:09:05,36.68,,,,
1793,05/19/2022 15:14:05,37.11,,,,
1794,05/19/2022 15:19:05,37.32,,,,
1795,05/19/2022 15:24:05,37.41,,,,
1796,05/19/2022 15:29:05,37.23,,,,
1797,05/19/2022 15:34:05,37.28,,,,
1798,05/19/2022 15:39:05,37.58,,,,
1799,05/19/2022 15:44:05,37.54,,,,
1800,05/19/2022 15:49:05,37.28,,,,
1801,05/19/2022 15:54:05,37.32,,,,
1802,05/19/2022 15:59:05,36.93,,,,
1803,05/19/2022 16:04:05,37.11,,,,
1804,05/19/2022 16:09:05,37.15,,,,
1805,05/19/2022 16:14:05,36.89,,,,
1806,05/19/2022 16:19:05,36.76,,,,
1807,05/19/2022 16:24:05,36.85,,,,
1808,05/19/2022 16:29:05,36.89,,,,
1809,05/19/2022 16:34:05,37.45,,,,
1810,05/19/2022 16:39:05,37.36,,,,
1811,05/19/2022 16:44:05,36.81,,,,
1812,05/19/2022 16:49:05,36.12,,,,
1813,05/19/2022 16:54:05,36.16,,,,
1814,05/19/2022 16:59:05,36.29,,,,
1815,05/19/2022 17:04:05,36.25,,,,
1816,05/19/2022 17:09:05,35.95,,,,
1817,05/19/2022 17:14:05,35.65,,,,
1818,05/19/2022 17:19:05,35.69,,,,
1819,05/19/2022 17:24:05,35.09,,,,
1820,05/19/2022 17:29:05,35.18,,,,
1821,05/19/2022 17:34:05,35.52,,,,
1822,05/19/2022 17:39:05,35.65,,,,
1823,05/19/2022 17:44:05,35.39,,,,
1824,05/19/2022 17:49:05,35.39,,,,
1825,05/19/2022 17:54:05,34.92,,,,
1826,05/19/2022 17:59:05,34.75,,,,
1827,05/19/2022 18:04:05,34.40,,,,
1828,05/19/2022 18:09:05,34.15,,,,
1829,05/19/2022 18:14:05,34.06,,,,
1830,05/19/2022 18:19:05,33.93,,,,
1831,05/19/2022 18:24:05,33.63,,,,
1832,05/19/2022 18:29:05,33.42,,,,
1833,05/19/2022 18:34:05,33.20,,,,
1834,05/19/2022 18:39:05,33.03,,,,
1835,05/19/2022 18:44:05,33.03,,,,
1836,05/19/2022 18:49:05,32.99,,,,
1837,05/19/2022 18:54:05,32.56,,,,
1838,05/19/2022 18:59:05,32.26,,,,
1839,05/19/2022 19:04:05,32.04,,,,
1840,05/19/2022 19:09:05,31.74,,,,
1841,05/19/2022 19:14:05,31.40,,,,
1842,05/19/2022 19:19:05,31.06,,,,
1843,05/19/2022 19:24:05,30.59,,,,
1844,05/19/2022 19:29:05,30.07,,,,
1845,05/19/2022 19:34:05,29.51,,,,
1846,05/19/2022 19:39:05,29.00,,,,
1847,05/19/2022 19:44:05,28.53,,,,
1848,05/19/2022 19:49:05,27.80,,,,
1849,05/19/2022 19:54:05,26.94,,,,
1850,05/19/2022 19:59:05,26.08,,,,
1851,05/19/2022 20:04:05,25.44,,,,
1852,05/19/2022 20:09:05,24.66,,,,
1853,05/19/2022 20:14:05,23.76,,,,
1854,05/19/2022 20:19:05,23.03,,,,
1855,05/19/2022 20:24:05,22.09,,,,
1856,05/19/2022 20:29:05,21.28,,,,
1857,05/19/2022 20:34:05,20.46,,,,
1858,05/19/2022 20:39:05,19.86,,,,
1859,05/19/2022 20:44:05,19.26,,,,
1860,05/19/2022 20:49:05,18.66,,,,
1861,05/19/2022 20:54:05,18.57,,,,
1862,05/19/2022 20:59:05,18.49,,,,
1863,05/19/2022 21:04:05,17.97,,,,
1864,05/19/2022 21:09:05,17.33,,,,
1865,05/19/2022 21:14:05,16.73,,,,
1866,05/19/2022 21:19:05,16.04,,,,
1867,05/19/2022 21:24:05,15.74,,,,
1868,05/19/2022 21:29:05,16.00,,,,
1869,05/19/2022 21:34:05,16.81,,,,
1870,05/19/2022 21:39:05,17.24,,,,
1871,05/19/2022 21:44:05,17.37,,,,
1872,05/19/2022 21:49:05,17.20,,,,
1873,05/19/2022 21:54:05,17.33,,,,
1874,05/19/2022 21:59:05,17.54,,,,
1875,05/19/2022 22:04:05,17.97,,,,
1876,05/19/2022 22:09:05,19.35,,,,
1877,05/19/2022 22:14:05,20.12,,,,
1878,05/19/2022 22:19:05,20.80,,,,
1879,05/19/2022 22:24:05,21.10,,,,
1880,05/19/2022 22:29:05,21.32,,,,
1881,05/19/2022 22:34:05,21.23,,,,
1882,05/19/2022 22:39:05,21.28,,,,
1883,05/19/2022 22:44:05,21.23,,,,
1884,05/19/2022 22:49:05,21.32,,,,
1885,05/19/2022 22:54:05,21.45,,,,
1886,05/19/2022 22:59:05,21.15,,,,
1887,05/19/2022 23:04:05,21.28,,,,
1888,05/19/2022 23:09:05,21.28,,,,
1889,05/19/2022 23:14:05,21.06,,,,
1890,05/19/2022 23:19:05,21.06,,,,
1891,05/19/2022 23:24:05,21.10,,,,
1892,05/19/2022 23:29:05,21.02,,,,
1893,05/19/2022 23:34:05,21.02,,,,
1894,05/19/2022 23:39:05,20.85,,,,
1895,05/19/2022 23:44:05,20.89,,,,
1896,05/19/2022 23:49:05,20.98,,,,
1897,05/19/2022 23:54:05,20.93,,,,
1898,05/19/2022 23:59:05,20.93,,,,
1899,05/20/2022 00:04:05,20.76,,,,
1900,05/20/2022 00:09:05,20.72,,,,
1901,05/20/2022 00:14:05,20.76,,,,
1902,05/20/2022 00:19:05,20.63,,,,
1903,05/20/2022 00:24:05,20.42,,,,
1904,05/20/2022 00:29:05,20.42,,,,
1905,05/20/2022 00:34:05,20.20,,,,
1906,05/20/2022 00:39:05,19.99,,,,
1907,05/20/2022 00:44:05,19.90,,,,
1908,05/20/2022 00:49:05,19.65,,,,
1909,05/20/2022 00:54:05,19.60,,,,
1910,05/20/2022 00:59:05,19.35,,,,
1911,05/20/2022 01:04:05,19.30,,,,
1912,05/20/2022 01:09:05,19.17,,,,
1913,05/20/2022 01:14:05,19.00,,,,
1914,05/20/2022 01:19:05,19.00,,,,
1915,05/20/2022 01:24:05,18.79,,,,
1916,05/20/2022 01:29:05,18.49,,,,
1917,05/20/2022 01:34:05,18.32,,,,
1918,05/20/2022 01:39:05,18.10,,,,
1919,05/20/2022 01:44:05,17.93,,,,
1920,05/20/2022 01:49:05,17.80,,,,
1921,05/20/2022 01:54:05,17.63,,,,
1922,05/20/2022 01:59:05,17.50,,,,
1923,05/20/2022 02:04:05,17.37,,,,
1924,05/20/2022 02:09:05,17.29,,,,
1925,05/20/2022 02:14:05,17.24,,,,
1926,05/20/2022 02:19:05,17.20,,,,
1927,05/20/2022 02:24:05,17.16,,,,
1928,05/20/2022 02:29:05,16.90,,,,
1929,05/20/2022 02:34:05,16.86,,,,
1930,05/20/2022 02:39:05,16.69,,,,
1931,05/20/2022 02:44:05,16.69,,,,
1932,05/20/2022 02:49:05,16.56,,,,
1933,05/20/2022 02:54:05,16.39,,,,
1934,05/20/2022 02:59:05,16.21,,,,
1935,05/20/2022 03:04:05,16.13,,,,
1936,05/20/2022 03:09:05,16.00,,,,
1937,05/20/2022 03:14:05,15.87,,,,
1938,05/20/2022 03:19:05,15.70,,,,
1939,05/20/2022 03:24:05,15.66,,,,
1940,05/20/2022 03:29:05,15.57,,,,
1941,05/20/2022 03:34:05,15.44,,,,
1942,05/20/2022 03:39:05,15.40,,,,
1943,05/20/2022 03:44:05,15.31,,,,
1944,05/20/2022 03:49:05,15.14,,,,
1945,05/20/2022 03:54:05,15.10,,,,
1946,05/20/2022 03:59:05,15.10,,,,
1947,05/20/2022 04:04:05,15.01,,,,
1948,05/20/2022 04:09:05,14.93,,,,
1949,05/20/2022 04:14:05,14.93,,,,
1950,05/20/2022 04:19:05,14.97,,,,
1951,05/20/2022 04:24:05,14.84,,,,
1952,05/20/2022 04:29:05,14.88,,,,
1953,05/20/2022 04:34:05,14.93,,,,
1954,05/20/2022 04:39:05,14.80,,,,
1955,05/20/2022 04:44:05,14.80,,,,
1956,05/20/2022 04:49:05,14.75,,,,
1957,05/20/2022 04:54:05,14.63,,,,
1958,05/20/2022 04:59:05,14.75,,,,
1959,05/20/2022 05:04:05,14.50,,,,
1960,05/20/2022 05:09:05,14.45,,,,
1961,05/20/2022 05:14:05,14.54,,,,
1962,05/20/2022 05:19:05,14.54,,,,
1963,05/20/2022 05:24:05,14.45,,,,
1964,05/20/2022 05:29:05,14.37,,,,
1965,05/20/2022 05:34:05,14.33,,,,
1966,05/20/2022 05:39:05,14.37,,,,
1967,05/20/2022 05:44:05,14.37,,,,
1968,05/20/2022 05:49:05,14.50,,,,
1969,05/20/2022 05:54:05,14.41,,,,
1970,05/20/2022 05:59:05,14.45,,,,
1971,05/20/2022 06:04:05,14.50,,,,
1972,05/20/2022 06:09:05,14.45,,,,
1973,05/20/2022 06:14:05,14.58,,,,
1974,05/20/2022 06:19:05,14.67,,,,
1975,05/20/2022 06:24:05,14.71,,,,
1976,05/20/2022 06:29:05,14.71,,,,
1977,05/20/2022 06:34:05,14.67,,,,
1978,05/20/2022 06:39:05,14.67,,,,
1979,05/20/2022 06:44:05,14.71,,,,
1980,05/20/2022 06:49:05,14.84,,,,
1981,05/20/2022 06:54:05,14.93,,,,
1982,05/20/2022 06:59:05,15.01,,,,
1983,05/20/2022 07:04:05,15.06,,,,
1984,05/20/2022 07:09:05,15.14,,,,
1985,05/20/2022 07:14:05,15.36,,,,
1986,05/20/2022 07:19:05,15.78,,,,
1987,05/20/2022 07:24:05,16.34,,,,
1988,05/20/2022 07:29:05,16.64,,,,
1989,05/20/2022 07:34:05,16.08,,,,
1990,05/20/2022 07:39:05,16.08,,,,
1991,05/20/2022 07:44:05,16.21,,,,
1992,05/20/2022 07:49:05,16.64,,,,
1993,05/20/2022 07:54:05,17.03,,,,
1994,05/20/2022 07:59:05,17.46,,,,
1995,05/20/2022 08:04:05,17.80,,,,
1996,05/20/2022 08:09:05,18.40,,,,
1997,05/20/2022 08:14:05,18.87,,,,
1998,05/20/2022 08:19:05,19.17,,,,
1999,05/20/2022 08:24:05,19.17,,,,
2000,05/20/2022 08:29:05,19.35,,,,
2001,05/20/2022 08:34:05,19.43,,,,
2002,05/20/2022 08:39:05,19.47,,,,
2003,05/20/2022 08:44:05,19.69,,,,
2004,05/20/2022 08:49:05,20.07,,,,
2005,05/20/2022 08:54:05,20.12,,,,
2006,05/20/2022 08:59:05,20.33,,,,
2007,05/20/2022 09:04:05,20.37,,,,
2008,05/20/2022 09:09:05,20.33,,,,
2009,05/20/2022 09:14:05,20.46,,,,
2010,05/20/2022 09:19:05,20.98,,,,
2011,05/20/2022 09:24:05,21.10,,,,
2012,05/20/2022 09:29:05,21.79,,,,
2013,05/20/2022 09:34:05,21.62,,,,
2014,05/20/2022 09:39:05,21.62,,,,
2015,05/20/2022 09:44:05,22.01,,,,
2016,05/20/2022 09:49:05,22.26,,,,
2017,05/20/2022 09:54:05,22.52,,,,
2018,05/20/2022 09:59:05,22.65,,,,
2019,05/20/2022 10:04:05,22.86,,,,
2020,05/20/2022 10:09:05,22.86,,,,
2021,05/20/2022 10:14:05,23.08,,,,
2022,05/20/2022 10:19:05,23.08,,,,
2023,05/20/2022 10:24:05,23.85,,,,
2024,05/20/2022 10:29:05,23.81,,,,
2025,05/20/2022 10:34:05,24.19,,,,
2026,05/20/2022 10:39:05,24.41,,,,
2027,05/20/2022 10:44:05,24.66,,,,
2028,05/20/2022 10:49:05,24.62,,,,
2029,05/20/2022 10:54:05,24.92,,,,
2030,05/20/2022 10:59:05,25.09,,,,
2031,05/20/2022 11:04:05,24.97,,,,
2032,05/20/2022 11:09:05,25.57,,,,
2033,05/20/2022 11:14:05,25.44,,,,
2034,05/20/2022 11:19:05,25.57,,,,
2035,05/20/2022 11:24:05,25.78,,,,
2036,05/20/2022 11:29:05,25.91,,,,
2037,05/20/2022 11:34:05,25.91,,,,
2038,05/20/2022 11:39:05,26.55,,,,
2039,05/20/2022 11:44:05,26.42,,,,
2040,05/20/2022 11:49:05,26.30,,,,
2041,05/20/2022 11:54:05,26.34,,,,
2042,05/20/2022 11:59:05,26.51,,,,
2043,05/20/2022 12:04:05,26.77,,,,
2044,05/20/2022 12:09:05,27.20,,,,
2045,05/20/2022 12:14:05,27.45,,,,
2046,05/20/2022 12:19:05,27.58,,,,
2047,05/20/2022 12:24:05,27.67,,,,
2048,05/20/2022 12:29:05,27.45,,,,
2049,05/20/2022 12:34:05,27.80,,,,
2050,05/20/2022 12:39:05,28.05,,,,
2051,05/20/2022 12:44:05,28.40,,,,
2052,05/20/2022 12:49:05,28.14,,,,
2053,05/20/2022 12:54:05,28.10,,,,
2054,05/20/2022 12:59:05,28.31,,,,
2055,05/20/2022 13:04:05,28.40,,,,
2056,05/20/2022 13:09:05,28.70,,,,
2057,05/20/2022 13:14:05,28.83,,,,
2058,05/20/2022 13:19:05,29.17,,,,
2059,05/20/2022 13:24:05,28.87,,,,
2060,05/20/2022 13:29:05,29.38,,,,
2061,05/20/2022 13:34:05,29.77,,,,
2062,05/20/2022 13:39:05,29.51,,,,
2063,05/20/2022 13:44:05,29.94,,,,
2064,05/20/2022 13:49:05,29.98,,,,
2065,05/20/2022 13:54:05,29.98,,,,
2066,05/20/2022 13:59:05,29.86,,,,
2067,05/20/2022 14:04:05,30.24,,,,
2068,05/20/2022 14:09:05,30.20,,,,
2069,05/20/2022 14:14:05,30.76,,,,
2070,05/20/2022 14:19:05,30.76,,,,
2071,05/20/2022 14:24:05,30.80,,,,
2072,05/20/2022 14:29:05,30.50,,,,
2073,05/20/2022 14:34:05,30.67,,,,
2074,05/20/2022 14:39:05,30.54,,,,
2075,05/20/2022 14:44:05,30.59,,,,
2076,05/20/2022 14:49:05,30.37,,,,
2077,05/20/2022 14:54:05,30.84,,,,
2078,05/20/2022 14:59:05,30.89,,,,
2079,05/20/2022 15:04:05,31.06,,,,
2080,05/20/2022 15:09:05,31.14,,,,
2081,05/20/2022 15:14:05,31.06,,,,
2082,05/20/2022 15:19:05,31.40,,,,
2083,05/20/2022 15:24:05,31.27,,,,
2084,05/20/2022 15:29:05,31.23,,,,
2085,05/20/2022 15:34:05,30.93,,,,
2086,05/20/2022 15:39:05,31.14,,,,
2087,05/20/2022 15:44:05,31.14,,,,
2088,05/20/2022 15:49:05,31.10,,,,
2089,05/20/2022 15:54:05,31.19,,,,
2090,05/20/2022 15:59:05,31.66,,,,
2091,05/20/2022 16:04:05,31.79,,,,
2092,05/20/2022 16:09:05,31.31,,,,
2093,05/20/2022 16:14:05,31.10,,,,
2094,05/20/2022 16:19:05,31.40,,,,
2095,05/20/2022 16:24:05,31.19,,,,
2096,05/20/2022 16:29:05,31.23,,,,
2097,05/20/2022 16:34:05,31.19,,,,
2098,05/20/2022 16:39:05,31.36,,,,
2099,05/20/2022 16:44:05,31.23,,,,
2100,05/20/2022 16:49:05,31.19,,,,
2101,05/20/2022 16:54:05,31.61,,,,
2102,05/20/2022 16:59:05,31.44,,,,
2103,05/20/2022 17:04:05,31.10,,,,
2104,05/20/2022 17:09:05,31.36,,,,
2105,05/20/2022 17:14:05,30.93,,,,
2106,05/20/2022 17:19:05,30.97,,,,
2107,05/20/2022 17:24:05,30.71,,,,
2108,05/20/2022 17:29:05,30.80,,,,
2109,05/20/2022 17:34:05,30.80,,,,
2110,05/20/2022 17:39:05,30.76,,,,
2111,05/20/2022 17:44:05,30.59,,,,
2112,05/20/2022 17:49:05,30.33,,,,
2113,05/20/2022 17:54:05,30.54,,,,
2114,05/20/2022 17:59:05,30.37,,,,
2115,05/20/2022 18:04:05,30.37,,,,
2116,05/20/2022 18:09:05,30.16,,,,
2117,05/20/2022 18:14:05,29.90,,,,
2118,05/20/2022 18:19:05,29.86,,,,
2119,05/20/2022 18:24:05,29.68,,,,
2120,05/20/2022 18:29:05,29.68,,,,
2121,05/20/2022 18:34:05,29.34,,,,
2122,05/20/2022 18:39:05,29.21,,,,
2123,05/20/2022 18:44:05,29.13,,,,
2124,05/20/2022 18:49:05,29.00,,,,
2125,05/20/2022 18:54:05,28.74,,,,
2126,05/20/2022 18:59:05,28.61,,,,
2127,05/20/2022 19:04:05,28.40,,,,
2128,05/20/2022 19:09:05,28.10,,,,
2129,05/20/2022 19:14:05,27.88,,,,
2130,05/20/2022 19:19:05,27.58,,,,
2131,05/20/2022 19:24:05,27.28,,,,
2132,05/20/2022 19:29:05,26.98,,,,
2133,05/20/2022 19:34:05,26.68,,,,
2134,05/20/2022 19:39:05,26.34,,,,
2135,05/20/2022 19:44:05,25.95,,,,
2136,05/20/2022 19:49:05,25.57,,,,
2137,05/20/2022 19:54:05,25.05,,,,
2138,05/20/2022 19:59:05,24.54,,,,
2139,05/20/2022 20:04:05,24.19,,,,
2140,05/20/2022 20:09:05,23.72,,,,
2141,05/20/2022 20:14:05,23.29,,,,
2142,05/20/2022 20:19:05,22.91,,,,
2143,05/20/2022 20:24:05,22.65,,,,
2144,05/20/2022 20:29:05,22.52,,,,
2145,05/20/2022 20:34:05,22.35,,,,
2146,05/20/2022 20:39:05,22.18,,,,
2147,05/20/2022 20:44:05,21.96,,,,
2148,05/20/2022 20:49:05,21.75,,,,
2149,05/20/2022 20:54:05,21.66,,,,
2150,05/20/2022 20:59:05,21.36,,,,
2151,05/20/2022 21:04:05,21.36,,,,
2152,05/20/2022 21:09:05,21.19,,,,
2153,05/20/2022 21:14:05,20.93,,,,
2154,05/20/2022 21:19:05,20.85,,,,
2155,05/20/2022 21:24:05,20.76,,,,
2156,05/20/2022 21:29:05,20.55,,,,
2157,05/20/2022 21:34:05,20.33,,,,
2158,05/20/2022 21:39:05,20.29,,,,
2159,05/20/2022 21:44:05,20.29,,,,
2160,05/20/2022 21:49:05,20.59,,,,
2161,05/20/2022 21:54:05,20.59,,,,
2162,05/20/2022 21:59:05,20.68,,,,
2163,05/20/2022 22:04:05,20.25,,,,
2164,05/20/2022 22:09:05,19.47,,,,
2165,05/20/2022 22:14:05,18.62,,,,
2166,05/20/2022 22:19:05,18.23,,,,
2167,05/20/2022 22:24:05,18.10,,,,
2168,05/20/2022 22:29:05,18.70,,,,
2169,05/20/2022 22:34:05,19.35,,,,
2170,05/20/2022 22:39:05,19.60,,,,
2171,05/20/2022 22:44:05,19.47,,,,
2172,05/20/2022 22:49:05,19.39,,,,
2173,05/20/2022 22:54:05,19.47,,,,
2174,05/20/2022 22:59:05,19.52,,,,
2175,05/20/2022 23:04:05,19.47,,,,
2176,05/20/2022 23:09:05,19.35,,,,
2177,05/20/2022 23:14:05,19.17,,,,
2178,05/20/2022 23:19:05,19.13,,,,
2179,05/20/2022 23:24:05,18.83,,,,
2180,05/20/2022 23:29:05,18.74,,,,
2181,05/20/2022 23:34:05,18.70,,,,
2182,05/20/2022 23:39:05,18.62,,,,
2183,05/20/2022 23:44:05,18.36,,,,
2184,05/20/2022 23:49:05,18.02,,,,
2185,05/20/2022 23:54:05,17.89,,,,
2186,05/20/2022 23:59:05,17.80,,,,
2187,05/21/2022 00:04:05,17.76,,,,
2188,05/21/2022 00:09:05,17.84,,,,
2189,05/21/2022 00:14:05,17.80,,,,
2190,05/21/2022 00:19:05,17.89,,,,
2191,05/21/2022 00:24:05,17.67,,,,
2192,05/21/2022 00:29:05,17.46,,,,
2193,05/21/2022 00:34:05,17.37,,,,
2194,05/21/2022 00:39:05,17.24,,,,
2195,05/21/2022 00:44:05,17.24,,,,
2196,05/21/2022 00:49:05,17.41,,,,
2197,05/21/2022 00:54:05,17.54,,,,
2198,05/21/2022 00:59:05,17.59,,,,
2199,05/21/2022 01:04:05,17.46,,,,
2200,05/21/2022 01:09:05,17.63,,,,
2201,05/21/2022 01:14:05,17.80,,,,
2202,05/21/2022 01:19:05,17.89,,,,
2203,05/21/2022 01:24:05,17.93,,,,
2204,05/21/2022 01:29:05,17.97,,,,
2205,05/21/2022 01:34:05,17.84,,,,
2206,05/21/2022 01:39:05,17.76,,,,
2207,05/21/2022 01:44:05,17.84,,,,
2208,05/21/2022 01:49:05,17.97,,,,
2209,05/21/2022 01:54:05,17.97,,,,
2210,05/21/2022 01:59:05,17.63,,,,
2211,05/21/2022 02:04:05,17.72,,,,
2212,05/21/2022 02:09:05,17.63,,,,
2213,05/21/2022 02:14:05,17.54,,,,
2214,05/21/2022 02:19:05,17.33,,,,
2215,05/21/2022 02:24:05,17.07,,,,
2216,05/21/2022 02:29:05,17.03,,,,
2217,05/21/2022 02:34:05,16.94,,,,
2218,05/21/2022 02:39:05,17.20,,,,
2219,05/21/2022 02:44:05,17.16,,,,
2220,05/21/2022 02:49:05,17.03,,,,
2221,05/21/2022 02:54:05,16.81,,,,
2222,05/21/2022 02:59:05,16.86,,,,
2223,05/21/2022 03:04:05,16.90,,,,
2224,05/21/2022 03:09:05,17.16,,,,
2225,05/21/2022 03:14:05,17.37,,,,
2226,05/21/2022 03:19:05,17.63,,,,
2227,05/21/2022 03:24:05,17.63,,,,
2228,05/21/2022 03:29:05,17.54,,,,
2229,05/21/2022 03:34:05,17.46,,,,
2230,05/21/2022 03:39:05,17.50,,,,
2231,05/21/2022 03:44:05,17.50,,,,
2232,05/21/2022 03:49:05,17.41,,,,
2233,05/21/2022 03:54:05,17.37,,,,
2234,05/21/2022 03:59:05,17.07,,,,
2235,05/21/2022 04:04:05,17.11,,,,
2236,05/21/2022 04:09:05,17.33,,,,
2237,05/21/2022 04:14:05,17.41,,,,
2238,05/21/2022 04:19:05,17.24,,,,
2239,05/21/2022 04:24:05,17.20,,,,
2240,05/21/2022 04:29:05,17.20,,,,
2241,05/21/2022 04:34:05,17.37,,,,
2242,05/21/2022 04:39:05,17.33,,,,
2243,05/21/2022 04:44:05,17.11,,,,
2244,05/21/2022 04:49:05,16.94,,,,
2245,05/21/2022 04:54:05,16.77,,,,
2246,05/21/2022 04:59:05,16.73,,,,
2247,05/21/2022 05:04:05,16.77,,,,
2248,05/21/2022 05:09:05,16.90,,,,
2249,05/21/2022 05:14:05,17.11,,,,
2250,05/21/2022 05:19:05,17.24,,,,
2251,05/21/2022 05:24:05,17.24,,,,
2252,05/21/2022 05:29:05,17.33,,,,
2253,05/21/2022 05:34:05,17.29,,,,
2254,05/21/2022 05:39:05,17.16,,,,
2255,05/21/2022 05:44:05,17.11,,,,
2256,05/21/2022 05:49:05,17.03,,,,
2257,05/21/2022 05:54:05,17.03,,,,
2258,05/21/2022 05:59:05,17.24,,,,
2259,05/21/2022 06:04:05,17.16,,,,
2260,05/21/2022 06:09:05,17.20,,,,
2261,05/21/2022 06:14:05,17.24,,,,
2262,05/21/2022 06:19:05,17.33,,,,
2263,05/21/2022 06:24:05,17.84,,,,
2264,05/21/2022 06:29:05,18.14,,,,
2265,05/21/2022 06:34:05,18.32,,,,
2266,05/21/2022 06:39:05,18.49,,,,
2267,05/21/2022 06:44:05,18.79,,,,
2268,05/21/2022 06:49:05,19.13,,,,
2269,05/21/2022 06:54:05,19.47,,,,
2270,05/21/2022 06:59:05,19.82,,,,
2271,05/21/2022 07:04:05,20.07,,,,
2272,05/21/2022 07:09:05,20.37,,,,
2273,05/21/2022 07:14:05,20.72,,,,
2274,05/21/2022 07:19:05,21.15,,,,
2275,05/21/2022 07:24:05,21.36,,,,
2276,05/21/2022 07:29:05,21.75,,,,
2277,05/21/2022 07:34:05,22.18,,,,
2278,05/21/2022 07:39:05,22.35,,,,
2279,05/21/2022 07:44:05,22.69,,,,
2280,05/21/2022 07:49:05,23.08,,,,
2281,05/21/2022 07:54:05,23.21,,,,
2282,05/21/2022 07:59:05,23.16,,,,
2283,05/21/2022 08:04:05,23.46,,,,
2284,05/21/2022 08:09:05,23.59,,,,
2285,05/21/2022 08:14:05,23.89,,,,
2286,05/21/2022 08:19:05,24.36,,,,
2287,05/21/2022 08:24:05,24.28,,,,
2288,05/21/2022 08:29:05,24.36,,,,
2289,05/21/2022 08:34:05,24.41,,,,
2290,05/21/2022 08:39:05,24.79,,,,
2291,05/21/2022 08:44:05,24.62,,,,
2292,05/21/2022 08:49:05,25.05,,,,
2293,05/21/2022 08:54:05,24.88,,,,
2294,05/21/2022 08:59:05,25.52,,,,
2295,05/21/2022 09:04:05,25.44,,,,
2296,05/21/2022 09:09:05,25.91,,,,
2297,05/21/2022 09:14:05,26.30,,,,
2298,05/21/2022 09:19:05,26.34,,,,
2299,05/21/2022 09:24:05,26.51,,,,
2300,05/21/2022 09:29:05,26.72,,,,
2301,05/21/2022 09:34:05,26.72,,,,
2302,05/21/2022 09:39:05,27.32,,,,
2303,05/21/2022 09:44:05,27.88,,,,
2304,05/21/2022 09:49:05,27.88,,,,
2305,05/21/2022 09:54:05,28.05,,,,
2306,05/21/2022 09:59:05,28.40,,,,
2307,05/21/2022 10:04:05,28.23,,,,
2308,05/21/2022 10:05:25,,,Logged,Logged,
2309,05/21/2022 10:05:26,,,Logged,Logged,
2310,05/21/2022 10:05:28,,Logged,,,Logged
