#,Date-Time (PST),Ch: 1 - Temperature   (Â°C),Button Down,Button Up,Host Connected,Stopped,End of File
1,06/21/2022 08:04:36,29.00,,,,,
2,06/21/2022 08:09:36,29.30,,,,,
3,06/21/2022 08:14:36,29.38,,,,,
4,06/21/2022 08:19:36,29.38,,,,,
5,06/21/2022 08:24:36,29.47,,,,,
6,06/21/2022 08:29:36,29.90,,,,,
7,06/21/2022 08:34:36,30.03,,,,,
8,06/21/2022 08:39:36,30.28,,,,,
9,06/21/2022 08:44:36,30.46,,,,,
10,06/21/2022 08:49:36,30.80,,,,,
11,06/21/2022 08:54:36,30.89,,,,,
12,06/21/2022 08:59:36,31.27,,,,,
13,06/21/2022 09:04:36,31.23,,,,,
14,06/21/2022 09:09:36,31.70,,,,,
15,06/21/2022 09:14:36,32.17,,,,,
16,06/21/2022 09:19:36,32.17,,,,,
17,06/21/2022 09:24:36,32.52,,,,,
18,06/21/2022 09:29:36,32.90,,,,,
19,06/21/2022 09:34:36,33.07,,,,,
20,06/21/2022 09:39:36,33.46,,,,,
21,06/21/2022 09:44:36,33.59,,,,,
22,06/21/2022 09:49:36,33.63,,,,,
23,06/21/2022 09:54:36,33.93,,,,,
24,06/21/2022 09:59:36,34.15,,,,,
25,06/21/2022 10:04:36,34.79,,,,,
26,06/21/2022 10:09:36,35.05,,,,,
27,06/21/2022 10:14:36,35.13,,,,,
28,06/21/2022 10:19:36,35.18,,,,,
29,06/21/2022 10:24:36,35.48,,,,,
30,06/21/2022 10:29:36,36.08,,,,,
31,06/21/2022 10:34:36,35.73,,,,,
32,06/21/2022 10:39:36,35.78,,,,,
33,06/21/2022 10:44:36,35.78,,,,,
34,06/21/2022 10:49:36,36.12,,,,,
35,06/21/2022 10:54:36,36.21,,,,,
36,06/21/2022 10:59:36,36.29,,,,,
37,06/21/2022 11:04:36,36.68,,,,,
38,06/21/2022 11:09:36,37.36,,,,,
39,06/21/2022 11:14:36,37.66,,,,,
40,06/21/2022 11:19:36,37.32,,,,,
41,06/21/2022 11:24:36,37.41,,,,,
42,06/21/2022 11:29:36,37.66,,,,,
43,06/21/2022 11:34:36,37.84,,,,,
44,06/21/2022 11:39:36,38.39,,,,,
45,06/21/2022 11:44:36,38.65,,,,,
46,06/21/2022 11:49:36,38.86,,,,,
47,06/21/2022 11:54:36,38.74,,,,,
48,06/21/2022 11:59:36,38.82,,,,,
49,06/21/2022 12:04:36,38.91,,,,,
50,06/21/2022 12:09:36,39.21,,,,,
51,06/21/2022 12:14:36,39.34,,,,,
52,06/21/2022 12:19:36,39.72,,,,,
53,06/21/2022 12:24:36,39.68,,,,,
54,06/21/2022 12:29:36,39.85,,,,,
55,06/21/2022 12:34:36,40.45,,,,,
56,06/21/2022 12:39:36,40.37,,,,,
57,06/21/2022 12:44:36,40.45,,,,,
58,06/21/2022 12:49:36,40.75,,,,,
59,06/21/2022 12:54:36,40.97,,,,,
60,06/21/2022 12:59:36,40.84,,,,,
61,06/21/2022 13:04:36,40.50,,,,,
62,06/21/2022 13:09:36,40.97,,,,,
63,06/21/2022 13:14:36,41.10,,,,,
64,06/21/2022 13:19:36,41.27,,,,,
65,06/21/2022 13:24:36,41.40,,,,,
66,06/21/2022 13:29:36,41.31,,,,,
67,06/21/2022 13:34:36,41.31,,,,,
68,06/21/2022 13:39:36,41.35,,,,,
69,06/21/2022 13:44:36,41.40,,,,,
70,06/21/2022 13:49:36,42.00,,,,,
71,06/21/2022 13:54:36,42.13,,,,,
72,06/21/2022 13:59:36,42.30,,,,,
73,06/21/2022 14:04:36,42.25,,,,,
74,06/21/2022 14:09:36,42.43,,,,,
75,06/21/2022 14:14:36,42.38,,,,,
76,06/21/2022 14:19:36,42.64,,,,,
77,06/21/2022 14:24:36,42.85,,,,,
78,06/21/2022 14:29:36,43.37,,,,,
79,06/21/2022 14:34:36,42.98,,,,,
80,06/21/2022 14:39:36,43.33,,,,,
81,06/21/2022 14:44:36,42.94,,,,,
82,06/21/2022 14:49:36,43.58,,,,,
83,06/21/2022 14:54:36,43.71,,,,,
84,06/21/2022 14:59:36,43.93,,,,,
85,06/21/2022 15:04:36,43.80,,,,,
86,06/21/2022 15:09:36,44.14,,,,,
87,06/21/2022 15:14:36,44.40,,,,,
88,06/21/2022 15:19:36,44.36,,,,,
89,06/21/2022 15:24:36,44.53,,,,,
90,06/21/2022 15:29:36,44.53,,,,,
91,06/21/2022 15:34:36,44.57,,,,,
92,06/21/2022 15:39:36,44.57,,,,,
93,06/21/2022 15:44:36,44.70,,,,,
94,06/21/2022 15:49:36,44.40,,,,,
95,06/21/2022 15:54:36,44.23,,,,,
96,06/21/2022 15:59:36,44.87,,,,,
97,06/21/2022 16:04:36,45.00,,,,,
98,06/21/2022 16:09:36,45.04,,,,,
99,06/21/2022 16:14:36,44.36,,,,,
100,06/21/2022 16:19:36,44.44,,,,,
101,06/21/2022 16:24:36,44.36,,,,,
102,06/21/2022 16:29:36,44.79,,,,,
103,06/21/2022 16:34:36,44.87,,,,,
104,06/21/2022 16:39:36,44.57,,,,,
105,06/21/2022 16:44:36,44.66,,,,,
106,06/21/2022 16:49:36,44.57,,,,,
107,06/21/2022 16:54:36,44.61,,,,,
108,06/21/2022 16:59:36,44.57,,,,,
109,06/21/2022 17:04:36,44.53,,,,,
110,06/21/2022 17:09:36,44.48,,,,,
111,06/21/2022 17:14:36,44.27,,,,,
112,06/21/2022 17:19:36,44.06,,,,,
113,06/21/2022 17:24:36,44.01,,,,,
114,06/21/2022 17:29:36,43.63,,,,,
115,06/21/2022 17:34:36,43.71,,,,,
116,06/21/2022 17:39:36,43.71,,,,,
117,06/21/2022 17:44:36,43.58,,,,,
118,06/21/2022 17:49:36,43.88,,,,,
119,06/21/2022 17:54:36,43.41,,,,,
120,06/21/2022 17:59:36,43.67,,,,,
121,06/21/2022 18:04:36,43.20,,,,,
122,06/21/2022 18:09:36,42.60,,,,,
123,06/21/2022 18:14:36,42.30,,,,,
124,06/21/2022 18:19:36,42.21,,,,,
125,06/21/2022 18:24:36,42.04,,,,,
126,06/21/2022 18:29:36,41.70,,,,,
127,06/21/2022 18:34:36,41.22,,,,,
128,06/21/2022 18:39:36,40.80,,,,,
129,06/21/2022 18:44:36,40.19,,,,,
130,06/21/2022 18:49:36,39.85,,,,,
131,06/21/2022 18:54:36,39.55,,,,,
132,06/21/2022 18:59:36,39.17,,,,,
133,06/21/2022 19:04:36,38.65,,,,,
134,06/21/2022 19:09:36,38.31,,,,,
135,06/21/2022 19:14:36,37.96,,,,,
136,06/21/2022 19:19:36,37.45,,,,,
137,06/21/2022 19:24:36,36.93,,,,,
138,06/21/2022 19:29:36,36.38,,,,,
139,06/21/2022 19:34:36,35.95,,,,,
140,06/21/2022 19:39:36,35.48,,,,,
141,06/21/2022 19:44:36,35.13,,,,,
142,06/21/2022 19:49:36,34.70,,,,,
143,06/21/2022 19:54:36,34.10,,,,,
144,06/21/2022 19:59:36,33.63,,,,,
145,06/21/2022 20:04:36,33.25,,,,,
146,06/21/2022 20:09:36,32.86,,,,,
147,06/21/2022 20:14:36,32.34,,,,,
148,06/21/2022 20:19:36,31.87,,,,,
149,06/21/2022 20:24:36,31.31,,,,,
150,06/21/2022 20:29:36,30.89,,,,,
151,06/21/2022 20:34:36,30.50,,,,,
152,06/21/2022 20:39:36,30.11,,,,,
153,06/21/2022 20:44:36,29.68,,,,,
154,06/21/2022 20:49:36,29.43,,,,,
155,06/21/2022 20:54:36,29.13,,,,,
156,06/21/2022 20:59:36,28.70,,,,,
157,06/21/2022 21:04:36,28.44,,,,,
158,06/21/2022 21:09:36,28.14,,,,,
159,06/21/2022 21:14:36,27.84,,,,,
160,06/21/2022 21:19:36,27.54,,,,,
161,06/21/2022 21:24:36,27.28,,,,,
162,06/21/2022 21:29:36,27.02,,,,,
163,06/21/2022 21:34:36,26.64,,,,,
164,06/21/2022 21:39:36,26.47,,,,,
165,06/21/2022 21:44:36,26.30,,,,,
166,06/21/2022 21:49:36,26.08,,,,,
167,06/21/2022 21:54:36,25.78,,,,,
168,06/21/2022 21:59:36,25.44,,,,,
169,06/21/2022 22:04:36,25.35,,,,,
170,06/21/2022 22:09:36,25.05,,,,,
171,06/21/2022 22:14:36,24.79,,,,,
172,06/21/2022 22:19:36,24.54,,,,,
173,06/21/2022 22:24:36,24.49,,,,,
174,06/21/2022 22:29:36,24.02,,,,,
175,06/21/2022 22:34:36,23.81,,,,,
176,06/21/2022 22:39:36,23.55,,,,,
177,06/21/2022 22:44:36,23.29,,,,,
178,06/21/2022 22:49:36,23.03,,,,,
179,06/21/2022 22:54:36,22.78,,,,,
180,06/21/2022 22:59:36,22.61,,,,,
181,06/21/2022 23:04:36,22.48,,,,,
182,06/21/2022 23:09:36,22.43,,,,,
183,06/21/2022 23:14:36,22.39,,,,,
184,06/21/2022 23:19:36,22.35,,,,,
185,06/21/2022 23:24:36,22.35,,,,,
186,06/21/2022 23:29:36,22.43,,,,,
187,06/21/2022 23:34:36,22.48,,,,,
188,06/21/2022 23:39:36,22.31,,,,,
189,06/21/2022 23:44:36,22.05,,,,,
190,06/21/2022 23:49:36,21.92,,,,,
191,06/21/2022 23:54:36,21.75,,,,,
192,06/21/2022 23:59:36,21.58,,,,,
193,06/22/2022 00:04:36,21.62,,,,,
194,06/22/2022 00:09:36,21.49,,,,,
195,06/22/2022 00:14:36,21.36,,,,,
196,06/22/2022 00:19:36,21.45,,,,,
197,06/22/2022 00:24:36,21.40,,,,,
198,06/22/2022 00:29:36,21.40,,,,,
199,06/22/2022 00:34:36,21.40,,,,,
200,06/22/2022 00:39:36,21.62,,,,,
201,06/22/2022 00:44:36,21.88,,,,,
202,06/22/2022 00:49:36,21.75,,,,,
203,06/22/2022 00:54:36,21.49,,,,,
204,06/22/2022 00:59:36,21.32,,,,,
205,06/22/2022 01:04:36,21.45,,,,,
206,06/22/2022 01:09:36,21.79,,,,,
207,06/22/2022 01:14:36,22.22,,,,,
208,06/22/2022 01:19:36,22.39,,,,,
209,06/22/2022 01:24:36,22.61,,,,,
210,06/22/2022 01:29:36,22.61,,,,,
211,06/22/2022 01:34:36,22.56,,,,,
212,06/22/2022 01:39:36,22.48,,,,,
213,06/22/2022 01:44:36,22.48,,,,,
214,06/22/2022 01:49:36,22.35,,,,,
215,06/22/2022 01:54:36,22.26,,,,,
216,06/22/2022 01:59:36,22.05,,,,,
217,06/22/2022 02:04:36,21.75,,,,,
218,06/22/2022 02:09:36,21.49,,,,,
219,06/22/2022 02:14:36,21.40,,,,,
220,06/22/2022 02:19:36,21.58,,,,,
221,06/22/2022 02:24:36,22.09,,,,,
222,06/22/2022 02:29:36,22.31,,,,,
223,06/22/2022 02:34:36,22.48,,,,,
224,06/22/2022 02:39:36,22.52,,,,,
225,06/22/2022 02:44:36,22.48,,,,,
226,06/22/2022 02:49:36,22.39,,,,,
227,06/22/2022 02:54:36,22.35,,,,,
228,06/22/2022 02:59:36,22.09,,,,,
229,06/22/2022 03:04:36,22.09,,,,,
230,06/22/2022 03:09:36,22.13,,,,,
231,06/22/2022 03:14:36,22.35,,,,,
232,06/22/2022 03:19:36,22.31,,,,,
233,06/22/2022 03:24:36,22.26,,,,,
234,06/22/2022 03:29:36,22.05,,,,,
235,06/22/2022 03:34:36,21.88,,,,,
236,06/22/2022 03:39:36,21.62,,,,,
237,06/22/2022 03:44:36,21.45,,,,,
238,06/22/2022 03:49:36,21.23,,,,,
239,06/22/2022 03:54:36,21.02,,,,,
240,06/22/2022 03:59:36,20.93,,,,,
241,06/22/2022 04:04:36,20.89,,,,,
242,06/22/2022 04:09:36,20.80,,,,,
243,06/22/2022 04:14:36,20.63,,,,,
244,06/22/2022 04:19:36,20.37,,,,,
245,06/22/2022 04:24:36,20.07,,,,,
246,06/22/2022 04:29:36,19.73,,,,,
247,06/22/2022 04:34:36,19.47,,,,,
248,06/22/2022 04:39:36,19.13,,,,,
249,06/22/2022 04:44:36,18.96,,,,,
250,06/22/2022 04:49:36,18.87,,,,,
251,06/22/2022 04:54:36,18.62,,,,,
252,06/22/2022 04:59:36,18.44,,,,,
253,06/22/2022 05:04:36,18.27,,,,,
254,06/22/2022 05:09:36,18.10,,,,,
255,06/22/2022 05:14:36,18.02,,,,,
256,06/22/2022 05:19:36,18.02,,,,,
257,06/22/2022 05:24:36,17.97,,,,,
258,06/22/2022 05:29:36,17.93,,,,,
259,06/22/2022 05:34:36,18.06,,,,,
260,06/22/2022 05:39:36,18.44,,,,,
261,06/22/2022 05:44:36,18.96,,,,,
262,06/22/2022 05:49:36,19.26,,,,,
263,06/22/2022 05:54:36,19.60,,,,,
264,06/22/2022 05:59:36,19.73,,,,,
265,06/22/2022 06:04:36,19.77,,,,,
266,06/22/2022 06:09:36,19.73,,,,,
267,06/22/2022 06:14:36,19.56,,,,,
268,06/22/2022 06:19:36,19.82,,,,,
269,06/22/2022 06:24:36,20.07,,,,,
270,06/22/2022 06:29:36,20.46,,,,,
271,06/22/2022 06:34:36,20.98,,,,,
272,06/22/2022 06:39:36,21.28,,,,,
273,06/22/2022 06:44:36,21.58,,,,,
274,06/22/2022 06:49:36,21.75,,,,,
275,06/22/2022 06:54:36,21.88,,,,,
276,06/22/2022 06:59:36,22.13,,,,,
277,06/22/2022 07:04:36,22.52,,,,,
278,06/22/2022 07:09:36,22.99,,,,,
279,06/22/2022 07:14:36,23.59,,,,,
280,06/22/2022 07:19:36,24.06,,,,,
281,06/22/2022 07:24:36,24.45,,,,,
282,06/22/2022 07:29:36,25.01,,,,,
283,06/22/2022 07:34:36,25.44,,,,,
284,06/22/2022 07:39:36,25.99,,,,,
285,06/22/2022 07:44:36,26.42,,,,,
286,06/22/2022 07:49:36,27.11,,,,,
287,06/22/2022 07:54:36,27.67,,,,,
288,06/22/2022 07:59:36,28.14,,,,,
289,06/22/2022 08:04:36,28.61,,,,,
290,06/22/2022 08:09:36,29.13,,,,,
291,06/22/2022 08:14:36,29.51,,,,,
292,06/22/2022 08:19:36,29.81,,,,,
293,06/22/2022 08:24:36,30.16,,,,,
294,06/22/2022 08:29:36,30.59,,,,,
295,06/22/2022 08:34:36,31.01,,,,,
296,06/22/2022 08:39:36,31.31,,,,,
297,06/22/2022 08:44:36,31.87,,,,,
298,06/22/2022 08:49:36,32.43,,,,,
299,06/22/2022 08:54:36,32.43,,,,,
300,06/22/2022 08:59:36,32.94,,,,,
301,06/22/2022 09:04:36,32.90,,,,,
302,06/22/2022 09:09:36,32.64,,,,,
303,06/22/2022 09:14:36,32.73,,,,,
304,06/22/2022 09:19:36,32.73,,,,,
305,06/22/2022 09:24:36,32.82,,,,,
306,06/22/2022 09:29:36,33.03,,,,,
307,06/22/2022 09:34:36,33.03,,,,,
308,06/22/2022 09:39:36,33.29,,,,,
309,06/22/2022 09:44:36,33.63,,,,,
310,06/22/2022 09:49:36,33.89,,,,,
311,06/22/2022 09:54:36,33.97,,,,,
312,06/22/2022 09:59:36,34.15,,,,,
313,06/22/2022 10:04:36,34.53,,,,,
314,06/22/2022 10:09:36,34.70,,,,,
315,06/22/2022 10:14:36,34.53,,,,,
316,06/22/2022 10:19:36,34.83,,,,,
317,06/22/2022 10:24:36,34.06,,,,,
318,06/22/2022 10:29:36,33.80,,,,,
319,06/22/2022 10:34:36,34.40,,,,,
320,06/22/2022 10:39:36,34.36,,,,,
321,06/22/2022 10:44:36,34.36,,,,,
322,06/22/2022 10:49:36,34.66,,,,,
323,06/22/2022 10:54:36,35.35,,,,,
324,06/22/2022 10:59:36,35.48,,,,,
325,06/22/2022 11:04:36,35.99,,,,,
326,06/22/2022 11:09:36,36.46,,,,,
327,06/22/2022 11:14:36,36.98,,,,,
328,06/22/2022 11:19:36,37.36,,,,,
329,06/22/2022 11:24:36,37.66,,,,,
330,06/22/2022 11:29:36,37.36,,,,,
331,06/22/2022 11:34:36,37.66,,,,,
332,06/22/2022 11:39:36,37.88,,,,,
333,06/22/2022 11:44:36,37.92,,,,,
334,06/22/2022 11:49:36,37.75,,,,,
335,06/22/2022 11:54:36,38.39,,,,,
336,06/22/2022 11:59:36,38.78,,,,,
337,06/22/2022 12:04:36,38.69,,,,,
338,06/22/2022 12:09:36,38.65,,,,,
339,06/22/2022 12:14:36,38.82,,,,,
340,06/22/2022 12:19:36,39.17,,,,,
341,06/22/2022 12:24:36,39.21,,,,,
342,06/22/2022 12:29:36,39.51,,,,,
343,06/22/2022 12:34:36,39.72,,,,,
344,06/22/2022 12:39:36,39.72,,,,,
345,06/22/2022 12:44:36,39.29,,,,,
346,06/22/2022 12:49:36,38.91,,,,,
347,06/22/2022 12:54:36,39.55,,,,,
348,06/22/2022 12:59:36,39.25,,,,,
349,06/22/2022 13:04:36,39.29,,,,,
350,06/22/2022 13:09:36,39.38,,,,,
351,06/22/2022 13:14:36,39.68,,,,,
352,06/22/2022 13:19:36,39.64,,,,,
353,06/22/2022 13:24:36,40.02,,,,,
354,06/22/2022 13:29:36,40.07,,,,,
355,06/22/2022 13:34:36,40.15,,,,,
356,06/22/2022 13:39:36,39.21,,,,,
357,06/22/2022 13:44:36,40.07,,,,,
358,06/22/2022 13:49:36,40.62,,,,,
359,06/22/2022 13:54:36,41.10,,,,,
360,06/22/2022 13:59:36,41.01,,,,,
361,06/22/2022 14:04:36,40.84,,,,,
362,06/22/2022 14:09:36,40.62,,,,,
363,06/22/2022 14:14:36,40.84,,,,,
364,06/22/2022 14:19:36,40.80,,,,,
365,06/22/2022 14:24:36,40.92,,,,,
366,06/22/2022 14:29:36,41.27,,,,,
367,06/22/2022 14:34:36,41.40,,,,,
368,06/22/2022 14:39:36,41.52,,,,,
369,06/22/2022 14:44:36,41.48,,,,,
370,06/22/2022 14:49:36,41.95,,,,,
371,06/22/2022 14:54:36,41.91,,,,,
372,06/22/2022 14:59:36,42.73,,,,,
373,06/22/2022 15:04:36,42.68,,,,,
374,06/22/2022 15:09:36,40.80,,,,,
375,06/22/2022 15:14:36,40.45,,,,,
376,06/22/2022 15:19:36,41.01,,,,,
377,06/22/2022 15:24:36,42.08,,,,,
378,06/22/2022 15:29:36,42.64,,,,,
379,06/22/2022 15:34:36,42.68,,,,,
380,06/22/2022 15:39:36,42.38,,,,,
381,06/22/2022 15:44:36,41.95,,,,,
382,06/22/2022 15:49:36,42.73,,,,,
383,06/22/2022 15:54:36,42.98,,,,,
384,06/22/2022 15:59:36,43.24,,,,,
385,06/22/2022 16:04:36,42.73,,,,,
386,06/22/2022 16:09:36,42.17,,,,,
387,06/22/2022 16:14:36,42.43,,,,,
388,06/22/2022 16:19:36,41.95,,,,,
389,06/22/2022 16:24:36,41.01,,,,,
390,06/22/2022 16:29:36,40.97,,,,,
391,06/22/2022 16:34:36,40.67,,,,,
392,06/22/2022 16:39:36,39.72,,,,,
393,06/22/2022 16:44:36,38.74,,,,,
394,06/22/2022 16:49:36,37.79,,,,,
395,06/22/2022 16:54:36,37.06,,,,,
396,06/22/2022 16:59:36,36.59,,,,,
397,06/22/2022 17:04:36,36.51,,,,,
398,06/22/2022 17:09:36,37.62,,,,,
399,06/22/2022 17:14:36,38.56,,,,,
400,06/22/2022 17:19:36,38.18,,,,,
401,06/22/2022 17:24:36,38.01,,,,,
402,06/22/2022 17:29:36,38.52,,,,,
403,06/22/2022 17:34:36,38.78,,,,,
404,06/22/2022 17:39:36,37.84,,,,,
405,06/22/2022 17:44:36,37.41,,,,,
406,06/22/2022 17:49:36,37.36,,,,,
407,06/22/2022 17:54:36,37.62,,,,,
408,06/22/2022 17:59:36,37.36,,,,,
409,06/22/2022 18:04:36,36.68,,,,,
410,06/22/2022 18:09:36,36.08,,,,,
411,06/22/2022 18:14:36,35.43,,,,,
412,06/22/2022 18:19:36,34.83,,,,,
413,06/22/2022 18:24:36,34.45,,,,,
414,06/22/2022 18:29:36,34.15,,,,,
415,06/22/2022 18:34:36,33.85,,,,,
416,06/22/2022 18:39:36,33.50,,,,,
417,06/22/2022 18:44:36,33.29,,,,,
418,06/22/2022 18:49:36,33.07,,,,,
419,06/22/2022 18:54:36,32.94,,,,,
420,06/22/2022 18:59:36,32.73,,,,,
421,06/22/2022 19:04:36,32.64,,,,,
422,06/22/2022 19:09:36,32.56,,,,,
423,06/22/2022 19:14:36,32.47,,,,,
424,06/22/2022 19:19:36,32.47,,,,,
425,06/22/2022 19:24:36,32.34,,,,,
426,06/22/2022 19:29:36,32.22,,,,,
427,06/22/2022 19:34:36,32.22,,,,,
428,06/22/2022 19:39:36,32.13,,,,,
429,06/22/2022 19:44:36,32.00,,,,,
430,06/22/2022 19:49:36,31.92,,,,,
431,06/22/2022 19:54:36,31.83,,,,,
432,06/22/2022 19:59:36,31.66,,,,,
433,06/22/2022 20:04:36,31.66,,,,,
434,06/22/2022 20:09:36,31.49,,,,,
435,06/22/2022 20:14:36,31.23,,,,,
436,06/22/2022 20:19:36,30.76,,,,,
437,06/22/2022 20:24:36,30.50,,,,,
438,06/22/2022 20:29:36,30.28,,,,,
439,06/22/2022 20:34:36,30.16,,,,,
440,06/22/2022 20:39:36,29.73,,,,,
441,06/22/2022 20:44:36,29.30,,,,,
442,06/22/2022 20:49:36,28.91,,,,,
443,06/22/2022 20:54:36,28.61,,,,,
444,06/22/2022 20:59:36,28.35,,,,,
445,06/22/2022 21:04:36,28.23,,,,,
446,06/22/2022 21:09:36,27.93,,,,,
447,06/22/2022 21:14:36,27.71,,,,,
448,06/22/2022 21:19:36,27.58,,,,,
449,06/22/2022 21:24:36,27.41,,,,,
450,06/22/2022 21:29:36,27.28,,,,,
451,06/22/2022 21:34:36,27.11,,,,,
452,06/22/2022 21:39:36,26.98,,,,,
453,06/22/2022 21:44:36,26.98,,,,,
454,06/22/2022 21:49:36,26.81,,,,,
455,06/22/2022 21:54:36,26.68,,,,,
456,06/22/2022 21:59:36,26.51,,,,,
457,06/22/2022 22:04:36,26.38,,,,,
458,06/22/2022 22:09:36,26.30,,,,,
459,06/22/2022 22:14:36,26.38,,,,,
460,06/22/2022 22:19:36,26.51,,,,,
461,06/22/2022 22:24:36,26.17,,,,,
462,06/22/2022 22:29:36,25.87,,,,,
463,06/22/2022 22:34:36,25.69,,,,,
464,06/22/2022 22:39:36,25.52,,,,,
465,06/22/2022 22:44:36,25.48,,,,,
466,06/22/2022 22:49:36,25.44,,,,,
467,06/22/2022 22:54:36,25.39,,,,,
468,06/22/2022 22:59:36,25.35,,,,,
469,06/22/2022 23:04:36,25.35,,,,,
470,06/22/2022 23:09:36,25.27,,,,,
471,06/22/2022 23:14:36,25.18,,,,,
472,06/22/2022 23:19:36,25.18,,,,,
473,06/22/2022 23:24:36,25.05,,,,,
474,06/22/2022 23:29:36,24.88,,,,,
475,06/22/2022 23:34:36,24.88,,,,,
476,06/22/2022 23:39:36,24.79,,,,,
477,06/22/2022 23:44:36,24.79,,,,,
478,06/22/2022 23:49:36,24.66,,,,,
479,06/22/2022 23:54:36,24.62,,,,,
480,06/22/2022 23:59:36,24.58,,,,,
481,06/23/2022 00:04:36,24.62,,,,,
482,06/23/2022 00:09:36,24.66,,,,,
483,06/23/2022 00:14:36,24.79,,,,,
484,06/23/2022 00:19:36,25.09,,,,,
485,06/23/2022 00:24:36,25.44,,,,,
486,06/23/2022 00:29:36,25.57,,,,,
487,06/23/2022 00:34:36,25.65,,,,,
488,06/23/2022 00:39:36,25.95,,,,,
489,06/23/2022 00:44:36,25.99,,,,,
490,06/23/2022 00:49:36,25.95,,,,,
491,06/23/2022 00:54:36,25.87,,,,,
492,06/23/2022 00:59:36,25.74,,,,,
493,06/23/2022 01:04:36,25.65,,,,,
494,06/23/2022 01:09:36,25.48,,,,,
495,06/23/2022 01:14:36,25.61,,,,,
496,06/23/2022 01:19:36,25.69,,,,,
497,06/23/2022 01:24:36,25.69,,,,,
498,06/23/2022 01:29:36,25.74,,,,,
499,06/23/2022 01:34:36,25.87,,,,,
500,06/23/2022 01:39:36,25.69,,,,,
501,06/23/2022 01:44:36,25.57,,,,,
502,06/23/2022 01:49:36,25.39,,,,,
503,06/23/2022 01:54:36,25.31,,,,,
504,06/23/2022 01:59:36,25.18,,,,,
505,06/23/2022 02:04:36,24.92,,,,,
506,06/23/2022 02:09:36,24.79,,,,,
507,06/23/2022 02:14:36,24.49,,,,,
508,06/23/2022 02:19:36,24.28,,,,,
509,06/23/2022 02:24:36,24.19,,,,,
510,06/23/2022 02:29:36,24.11,,,,,
511,06/23/2022 02:34:36,24.06,,,,,
512,06/23/2022 02:39:36,23.94,,,,,
513,06/23/2022 02:44:36,23.85,,,,,
514,06/23/2022 02:49:36,23.72,,,,,
515,06/23/2022 02:54:36,23.94,,,,,
516,06/23/2022 02:59:36,24.15,,,,,
517,06/23/2022 03:04:36,24.11,,,,,
518,06/23/2022 03:09:36,24.19,,,,,
519,06/23/2022 03:14:36,24.15,,,,,
520,06/23/2022 03:19:36,23.89,,,,,
521,06/23/2022 03:24:36,23.85,,,,,
522,06/23/2022 03:29:36,23.98,,,,,
523,06/23/2022 03:34:36,23.89,,,,,
524,06/23/2022 03:39:36,23.85,,,,,
525,06/23/2022 03:44:36,23.72,,,,,
526,06/23/2022 03:49:36,23.64,,,,,
527,06/23/2022 03:54:36,23.42,,,,,
528,06/23/2022 03:59:36,23.38,,,,,
529,06/23/2022 04:04:36,23.38,,,,,
530,06/23/2022 04:09:36,23.29,,,,,
531,06/23/2022 04:14:36,23.29,,,,,
532,06/23/2022 04:19:36,23.25,,,,,
533,06/23/2022 04:24:36,23.21,,,,,
534,06/23/2022 04:29:36,23.21,,,,,
535,06/23/2022 04:34:36,23.16,,,,,
536,06/23/2022 04:39:36,23.03,,,,,
537,06/23/2022 04:44:36,22.99,,,,,
538,06/23/2022 04:49:36,22.82,,,,,
539,06/23/2022 04:54:36,22.73,,,,,
540,06/23/2022 04:59:36,22.73,,,,,
541,06/23/2022 05:04:36,22.61,,,,,
542,06/23/2022 05:09:36,22.52,,,,,
543,06/23/2022 05:14:36,22.56,,,,,
544,06/23/2022 05:19:36,22.65,,,,,
545,06/23/2022 05:24:36,22.61,,,,,
546,06/23/2022 05:29:36,22.61,,,,,
547,06/23/2022 05:34:36,22.56,,,,,
548,06/23/2022 05:39:36,22.43,,,,,
549,06/23/2022 05:44:36,22.26,,,,,
550,06/23/2022 05:49:36,22.09,,,,,
551,06/23/2022 05:54:36,21.96,,,,,
552,06/23/2022 05:59:36,21.79,,,,,
553,06/23/2022 06:04:36,21.66,,,,,
554,06/23/2022 06:09:36,21.58,,,,,
555,06/23/2022 06:14:36,21.49,,,,,
556,06/23/2022 06:19:36,21.49,,,,,
557,06/23/2022 06:24:36,21.40,,,,,
558,06/23/2022 06:29:36,21.36,,,,,
559,06/23/2022 06:34:36,21.23,,,,,
560,06/23/2022 06:39:36,21.19,,,,,
561,06/23/2022 06:44:36,21.45,,,,,
562,06/23/2022 06:49:36,22.18,,,,,
563,06/23/2022 06:54:36,22.26,,,,,
564,06/23/2022 06:59:36,22.48,,,,,
565,06/23/2022 07:04:36,22.82,,,,,
566,06/23/2022 07:09:36,23.29,,,,,
567,06/23/2022 07:14:36,23.64,,,,,
568,06/23/2022 07:19:36,23.98,,,,,
569,06/23/2022 07:24:36,24.32,,,,,
570,06/23/2022 07:29:36,24.75,,,,,
571,06/23/2022 07:34:36,25.31,,,,,
572,06/23/2022 07:39:36,25.82,,,,,
573,06/23/2022 07:44:36,26.25,,,,,
574,06/23/2022 07:49:36,26.30,,,,,
575,06/23/2022 07:54:36,26.72,,,,,
576,06/23/2022 07:59:36,26.85,,,,,
577,06/23/2022 08:04:36,26.47,,,,,
578,06/23/2022 08:09:36,26.08,,,,,
579,06/23/2022 08:14:36,25.91,,,,,
580,06/23/2022 08:19:36,25.61,,,,,
581,06/23/2022 08:24:36,25.35,,,,,
582,06/23/2022 08:29:36,25.18,,,,,
583,06/23/2022 08:34:36,25.35,,,,,
584,06/23/2022 08:39:36,26.51,,,,,
585,06/23/2022 08:44:36,27.50,,,,,
586,06/23/2022 08:49:36,27.75,,,,,
587,06/23/2022 08:54:36,27.37,,,,,
588,06/23/2022 08:59:36,28.01,,,,,
589,06/23/2022 09:04:36,28.14,,,,,
590,06/23/2022 09:09:36,30.11,,,,,
591,06/23/2022 09:14:36,31.49,,,,,
592,06/23/2022 09:19:36,32.39,,,,,
593,06/23/2022 09:24:36,32.82,,,,,
594,06/23/2022 09:29:36,33.42,,,,,
595,06/23/2022 09:34:36,33.93,,,,,
596,06/23/2022 09:39:36,34.02,,,,,
597,06/23/2022 09:44:36,34.15,,,,,
598,06/23/2022 09:49:36,34.40,,,,,
599,06/23/2022 09:54:36,34.27,,,,,
600,06/23/2022 09:59:36,34.36,,,,,
601,06/23/2022 10:04:36,34.23,,,,,
602,06/23/2022 10:09:36,34.66,,,,,
603,06/23/2022 10:14:36,35.00,,,,,
604,06/23/2022 10:19:36,35.26,,,,,
605,06/23/2022 10:24:36,35.73,,,,,
606,06/23/2022 10:29:36,36.12,,,,,
607,06/23/2022 10:34:36,36.42,,,,,
608,06/23/2022 10:39:36,36.63,,,,,
609,06/23/2022 10:44:36,36.42,,,,,
610,06/23/2022 10:49:36,36.63,,,,,
611,06/23/2022 10:54:36,36.76,,,,,
612,06/23/2022 10:59:36,37.11,,,,,
613,06/23/2022 11:04:36,37.19,,,,,
614,06/23/2022 11:09:36,37.49,,,,,
615,06/23/2022 11:14:36,37.54,,,,,
616,06/23/2022 11:19:36,37.79,,,,,
617,06/23/2022 11:24:36,38.22,,,,,
618,06/23/2022 11:29:36,38.31,,,,,
619,06/23/2022 11:34:36,38.26,,,,,
620,06/23/2022 11:39:36,38.39,,,,,
621,06/23/2022 11:44:36,38.65,,,,,
622,06/23/2022 11:49:36,39.04,,,,,
623,06/23/2022 11:54:36,39.17,,,,,
624,06/23/2022 11:59:36,39.08,,,,,
625,06/23/2022 12:04:36,39.38,,,,,
626,06/23/2022 12:09:36,39.72,,,,,
627,06/23/2022 12:14:36,39.68,,,,,
628,06/23/2022 12:19:36,39.59,,,,,
629,06/23/2022 12:24:36,39.81,,,,,
630,06/23/2022 12:29:36,40.07,,,,,
631,06/23/2022 12:34:36,40.28,,,,,
632,06/23/2022 12:39:36,40.24,,,,,
633,06/23/2022 12:44:36,40.11,,,,,
634,06/23/2022 12:49:36,40.15,,,,,
635,06/23/2022 12:54:36,40.41,,,,,
636,06/23/2022 12:59:36,40.41,,,,,
637,06/23/2022 13:04:36,40.84,,,,,
638,06/23/2022 13:09:36,40.67,,,,,
639,06/23/2022 13:14:36,40.97,,,,,
640,06/23/2022 13:19:36,40.71,,,,,
641,06/23/2022 13:24:36,40.84,,,,,
642,06/23/2022 13:29:36,41.14,,,,,
643,06/23/2022 13:34:36,41.10,,,,,
644,06/23/2022 13:39:36,41.18,,,,,
645,06/23/2022 13:44:36,41.27,,,,,
646,06/23/2022 13:49:36,41.44,,,,,
647,06/23/2022 13:54:36,41.44,,,,,
648,06/23/2022 13:59:36,41.27,,,,,
649,06/23/2022 14:04:36,41.65,,,,,
650,06/23/2022 14:09:36,41.70,,,,,
651,06/23/2022 14:14:36,41.61,,,,,
652,06/23/2022 14:19:36,41.83,,,,,
653,06/23/2022 14:24:36,42.00,,,,,
654,06/23/2022 14:29:36,42.51,,,,,
655,06/23/2022 14:34:36,42.30,,,,,
656,06/23/2022 14:39:36,42.43,,,,,
657,06/23/2022 14:44:36,42.55,,,,,
658,06/23/2022 14:49:36,42.08,,,,,
659,06/23/2022 14:54:36,42.34,,,,,
660,06/23/2022 14:59:36,42.17,,,,,
661,06/23/2022 15:04:36,42.21,,,,,
662,06/23/2022 15:09:36,42.17,,,,,
663,06/23/2022 15:14:36,42.04,,,,,
664,06/23/2022 15:19:36,42.08,,,,,
665,06/23/2022 15:24:36,41.95,,,,,
666,06/23/2022 15:29:36,42.08,,,,,
667,06/23/2022 15:34:36,42.34,,,,,
668,06/23/2022 15:39:36,42.55,,,,,
669,06/23/2022 15:44:36,42.64,,,,,
670,06/23/2022 15:49:36,42.73,,,,,
671,06/23/2022 15:54:36,42.64,,,,,
672,06/23/2022 15:59:36,42.51,,,,,
673,06/23/2022 16:04:36,42.38,,,,,
674,06/23/2022 16:09:36,42.51,,,,,
675,06/23/2022 16:14:36,42.68,,,,,
676,06/23/2022 16:19:36,42.38,,,,,
677,06/23/2022 16:24:36,42.51,,,,,
678,06/23/2022 16:29:36,42.38,,,,,
679,06/23/2022 16:34:36,42.43,,,,,
680,06/23/2022 16:39:36,42.55,,,,,
681,06/23/2022 16:44:36,42.51,,,,,
682,06/23/2022 16:49:36,42.68,,,,,
683,06/23/2022 16:54:36,42.64,,,,,
684,06/23/2022 16:59:36,42.51,,,,,
685,06/23/2022 17:04:36,42.43,,,,,
686,06/23/2022 17:09:36,42.21,,,,,
687,06/23/2022 17:14:36,42.17,,,,,
688,06/23/2022 17:19:36,41.87,,,,,
689,06/23/2022 17:24:36,41.70,,,,,
690,06/23/2022 17:29:36,41.35,,,,,
691,06/23/2022 17:34:36,41.05,,,,,
692,06/23/2022 17:39:36,40.71,,,,,
693,06/23/2022 17:44:36,40.50,,,,,
694,06/23/2022 17:49:36,40.19,,,,,
695,06/23/2022 17:54:36,40.07,,,,,
696,06/23/2022 17:59:36,39.85,,,,,
697,06/23/2022 18:04:36,39.55,,,,,
698,06/23/2022 18:09:36,39.34,,,,,
699,06/23/2022 18:14:36,39.21,,,,,
700,06/23/2022 18:19:36,39.08,,,,,
701,06/23/2022 18:24:36,38.82,,,,,
702,06/23/2022 18:29:36,38.61,,,,,
703,06/23/2022 18:34:36,38.31,,,,,
704,06/23/2022 18:39:36,37.88,,,,,
705,06/23/2022 18:44:36,37.36,,,,,
706,06/23/2022 18:49:36,37.06,,,,,
707,06/23/2022 18:54:36,36.63,,,,,
708,06/23/2022 18:59:36,36.25,,,,,
709,06/23/2022 19:04:36,35.95,,,,,
710,06/23/2022 19:09:36,35.73,,,,,
711,06/23/2022 19:14:36,35.43,,,,,
712,06/23/2022 19:19:36,35.09,,,,,
713,06/23/2022 19:24:36,34.53,,,,,
714,06/23/2022 19:29:36,34.02,,,,,
715,06/23/2022 19:34:36,33.59,,,,,
716,06/23/2022 19:39:36,33.16,,,,,
717,06/23/2022 19:44:36,32.69,,,,,
718,06/23/2022 19:49:36,32.30,,,,,
719,06/23/2022 19:54:36,31.87,,,,,
720,06/23/2022 19:59:36,31.53,,,,,
721,06/23/2022 20:04:36,31.14,,,,,
722,06/23/2022 20:09:36,30.76,,,,,
723,06/23/2022 20:14:36,30.28,,,,,
724,06/23/2022 20:19:36,29.90,,,,,
725,06/23/2022 20:24:36,29.64,,,,,
726,06/23/2022 20:29:36,29.26,,,,,
727,06/23/2022 20:34:36,28.91,,,,,
728,06/23/2022 20:39:36,28.57,,,,,
729,06/23/2022 20:44:36,28.14,,,,,
730,06/23/2022 20:49:36,27.71,,,,,
731,06/23/2022 20:54:36,27.54,,,,,
732,06/23/2022 20:59:36,27.24,,,,,
733,06/23/2022 21:04:36,27.07,,,,,
734,06/23/2022 21:09:36,26.81,,,,,
735,06/23/2022 21:14:36,26.55,,,,,
736,06/23/2022 21:19:36,26.25,,,,,
737,06/23/2022 21:24:36,25.91,,,,,
738,06/23/2022 21:29:36,25.48,,,,,
739,06/23/2022 21:34:36,25.18,,,,,
740,06/23/2022 21:39:36,24.97,,,,,
741,06/23/2022 21:44:36,24.88,,,,,
742,06/23/2022 21:49:36,24.84,,,,,
743,06/23/2022 21:54:36,24.75,,,,,
744,06/23/2022 21:59:36,24.36,,,,,
745,06/23/2022 22:04:36,24.02,,,,,
746,06/23/2022 22:09:36,23.76,,,,,
747,06/23/2022 22:14:36,23.59,,,,,
748,06/23/2022 22:19:36,23.42,,,,,
749,06/23/2022 22:24:36,23.59,,,,,
750,06/23/2022 22:29:36,23.46,,,,,
751,06/23/2022 22:34:36,23.46,,,,,
752,06/23/2022 22:39:36,23.29,,,,,
753,06/23/2022 22:44:36,23.16,,,,,
754,06/23/2022 22:49:36,23.03,,,,,
755,06/23/2022 22:54:36,22.82,,,,,
756,06/23/2022 22:59:36,22.69,,,,,
757,06/23/2022 23:04:36,22.43,,,,,
758,06/23/2022 23:09:36,22.18,,,,,
759,06/23/2022 23:14:36,21.88,,,,,
760,06/23/2022 23:19:36,21.75,,,,,
761,06/23/2022 23:24:36,21.62,,,,,
762,06/23/2022 23:29:36,21.45,,,,,
763,06/23/2022 23:34:36,21.32,,,,,
764,06/23/2022 23:39:36,21.36,,,,,
765,06/23/2022 23:44:36,21.23,,,,,
766,06/23/2022 23:49:36,21.06,,,,,
767,06/23/2022 23:54:36,21.02,,,,,
768,06/23/2022 23:59:36,20.89,,,,,
769,06/24/2022 00:04:36,20.85,,,,,
770,06/24/2022 00:09:36,20.72,,,,,
771,06/24/2022 00:14:36,20.63,,,,,
772,06/24/2022 00:19:36,20.50,,,,,
773,06/24/2022 00:24:36,20.33,,,,,
774,06/24/2022 00:29:36,20.20,,,,,
775,06/24/2022 00:34:36,19.99,,,,,
776,06/24/2022 00:39:36,19.82,,,,,
777,06/24/2022 00:44:36,19.65,,,,,
778,06/24/2022 00:49:36,19.39,,,,,
779,06/24/2022 00:54:36,19.30,,,,,
780,06/24/2022 00:59:36,19.17,,,,,
781,06/24/2022 01:04:36,19.17,,,,,
782,06/24/2022 01:09:36,19.13,,,,,
783,06/24/2022 01:14:36,19.05,,,,,
784,06/24/2022 01:19:36,18.87,,,,,
785,06/24/2022 01:24:36,18.83,,,,,
786,06/24/2022 01:29:36,18.79,,,,,
787,06/24/2022 01:34:36,18.83,,,,,
788,06/24/2022 01:39:36,18.87,,,,,
789,06/24/2022 01:44:36,18.74,,,,,
790,06/24/2022 01:49:36,18.66,,,,,
791,06/24/2022 01:54:36,18.57,,,,,
792,06/24/2022 01:59:36,18.62,,,,,
793,06/24/2022 02:04:36,18.49,,,,,
794,06/24/2022 02:09:36,18.40,,,,,
795,06/24/2022 02:14:36,18.36,,,,,
796,06/24/2022 02:19:36,18.23,,,,,
797,06/24/2022 02:24:36,18.19,,,,,
798,06/24/2022 02:29:36,18.10,,,,,
799,06/24/2022 02:34:36,18.02,,,,,
800,06/24/2022 02:39:36,17.93,,,,,
801,06/24/2022 02:44:36,17.80,,,,,
802,06/24/2022 02:49:36,17.72,,,,,
803,06/24/2022 02:54:36,17.67,,,,,
804,06/24/2022 02:59:36,17.67,,,,,
805,06/24/2022 03:04:36,17.67,,,,,
806,06/24/2022 03:09:36,17.59,,,,,
807,06/24/2022 03:14:36,17.63,,,,,
808,06/24/2022 03:19:36,17.50,,,,,
809,06/24/2022 03:24:36,17.41,,,,,
810,06/24/2022 03:29:36,17.37,,,,,
811,06/24/2022 03:34:36,17.41,,,,,
812,06/24/2022 03:39:36,17.29,,,,,
813,06/24/2022 03:44:36,17.24,,,,,
814,06/24/2022 03:49:36,17.11,,,,,
815,06/24/2022 03:54:36,16.99,,,,,
816,06/24/2022 03:59:36,16.86,,,,,
817,06/24/2022 04:04:36,16.73,,,,,
818,06/24/2022 04:09:36,16.60,,,,,
819,06/24/2022 04:14:36,16.51,,,,,
820,06/24/2022 04:19:36,16.43,,,,,
821,06/24/2022 04:24:36,16.17,,,,,
822,06/24/2022 04:29:36,16.08,,,,,
823,06/24/2022 04:34:36,16.04,,,,,
824,06/24/2022 04:39:36,15.91,,,,,
825,06/24/2022 04:44:36,15.74,,,,,
826,06/24/2022 04:49:36,15.57,,,,,
827,06/24/2022 04:54:36,15.48,,,,,
828,06/24/2022 04:59:36,15.18,,,,,
829,06/24/2022 05:04:36,15.10,,,,,
830,06/24/2022 05:09:36,15.06,,,,,
831,06/24/2022 05:14:36,14.97,,,,,
832,06/24/2022 05:19:36,15.01,,,,,
833,06/24/2022 05:24:36,15.01,,,,,
834,06/24/2022 05:29:36,14.84,,,,,
835,06/24/2022 05:34:36,14.67,,,,,
836,06/24/2022 05:39:36,14.50,,,,,
837,06/24/2022 05:44:36,14.54,,,,,
838,06/24/2022 05:49:36,14.45,,,,,
839,06/24/2022 05:54:36,14.33,,,,,
840,06/24/2022 05:59:36,14.37,,,,,
841,06/24/2022 06:04:36,14.37,,,,,
842,06/24/2022 06:09:36,14.45,,,,,
843,06/24/2022 06:14:36,14.50,,,,,
844,06/24/2022 06:19:36,14.58,,,,,
845,06/24/2022 06:24:36,14.71,,,,,
846,06/24/2022 06:29:36,14.93,,,,,
847,06/24/2022 06:34:36,15.01,,,,,
848,06/24/2022 06:39:36,15.23,,,,,
849,06/24/2022 06:44:36,15.57,,,,,
850,06/24/2022 06:49:36,15.91,,,,,
851,06/24/2022 06:54:36,16.43,,,,,
852,06/24/2022 06:59:36,16.77,,,,,
853,06/24/2022 07:04:36,17.07,,,,,
854,06/24/2022 07:09:36,17.46,,,,,
855,06/24/2022 07:14:36,17.80,,,,,
856,06/24/2022 07:19:36,18.27,,,,,
857,06/24/2022 07:24:36,18.83,,,,,
858,06/24/2022 07:29:36,19.35,,,,,
859,06/24/2022 07:34:36,19.82,,,,,
860,06/24/2022 07:39:36,20.37,,,,,
861,06/24/2022 07:44:36,21.15,,,,,
862,06/24/2022 07:49:36,21.75,,,,,
863,06/24/2022 07:54:36,22.69,,,,,
864,06/24/2022 07:59:36,23.34,,,,,
865,06/24/2022 08:04:36,23.98,,,,,
866,06/24/2022 08:09:36,24.75,,,,,
867,06/24/2022 08:14:36,25.57,,,,,
868,06/24/2022 08:19:36,26.21,,,,,
869,06/24/2022 08:24:36,26.90,,,,,
870,06/24/2022 08:29:36,27.37,,,,,
871,06/24/2022 08:34:36,27.97,,,,,
872,06/24/2022 08:39:36,28.35,,,,,
873,06/24/2022 08:44:36,29.17,,,,,
874,06/24/2022 08:49:36,29.43,,,,,
875,06/24/2022 08:54:36,29.77,,,,,
876,06/24/2022 08:59:36,30.24,,,,,
877,06/24/2022 09:04:36,30.89,,,,,
878,06/24/2022 09:09:36,31.01,,,,,
879,06/24/2022 09:14:36,31.31,,,,,
880,06/24/2022 09:19:36,31.19,,,,,
881,06/24/2022 09:24:36,31.79,,,,,
882,06/24/2022 09:29:36,32.64,,,,,
883,06/24/2022 09:34:36,33.20,,,,,
884,06/24/2022 09:39:36,33.67,,,,,
885,06/24/2022 09:44:36,34.32,,,,,
886,06/24/2022 09:49:36,34.57,,,,,
887,06/24/2022 09:54:36,34.88,,,,,
888,06/24/2022 09:59:36,35.35,,,,,
889,06/24/2022 10:04:36,35.22,,,,,
890,06/24/2022 10:09:36,35.95,,,,,
891,06/24/2022 10:14:36,36.25,,,,,
892,06/24/2022 10:19:36,36.29,,,,,
893,06/24/2022 10:24:36,36.29,,,,,
894,06/24/2022 10:29:36,35.86,,,,,
895,06/24/2022 10:34:36,36.21,,,,,
896,06/24/2022 10:39:36,35.95,,,,,
897,06/24/2022 10:44:36,35.82,,,,,
898,06/24/2022 10:49:36,36.12,,,,,
899,06/24/2022 10:54:36,36.03,,,,,
900,06/24/2022 10:59:36,36.68,,,,,
901,06/24/2022 11:04:36,36.63,,,,,
902,06/24/2022 11:09:36,36.63,,,,,
903,06/24/2022 11:14:36,36.76,,,,,
904,06/24/2022 11:19:36,37.15,,,,,
905,06/24/2022 11:24:36,36.98,,,,,
906,06/24/2022 11:29:36,37.88,,,,,
907,06/24/2022 11:34:36,38.09,,,,,
908,06/24/2022 11:39:36,37.88,,,,,
909,06/24/2022 11:44:36,37.84,,,,,
910,06/24/2022 11:49:36,38.01,,,,,
911,06/24/2022 11:54:36,38.56,,,,,
912,06/24/2022 11:59:36,38.91,,,,,
913,06/24/2022 12:04:36,39.08,,,,,
914,06/24/2022 12:09:36,39.64,,,,,
915,06/24/2022 12:14:36,39.64,,,,,
916,06/24/2022 12:19:36,39.59,,,,,
917,06/24/2022 12:24:36,39.47,,,,,
918,06/24/2022 12:29:36,39.77,,,,,
919,06/24/2022 12:34:36,40.28,,,,,
920,06/24/2022 12:39:36,40.50,,,,,
921,06/24/2022 12:44:36,40.58,,,,,
922,06/24/2022 12:49:36,40.54,,,,,
923,06/24/2022 12:54:36,40.62,,,,,
924,06/24/2022 12:59:36,40.75,,,,,
925,06/24/2022 13:04:36,40.41,,,,,
926,06/24/2022 13:09:36,40.58,,,,,
927,06/24/2022 13:14:36,40.58,,,,,
928,06/24/2022 13:19:36,40.75,,,,,
929,06/24/2022 13:24:36,40.67,,,,,
930,06/24/2022 13:29:36,41.18,,,,,
931,06/24/2022 13:34:36,41.44,,,,,
932,06/24/2022 13:39:36,41.52,,,,,
933,06/24/2022 13:44:36,41.57,,,,,
934,06/24/2022 13:49:36,41.91,,,,,
935,06/24/2022 13:54:36,41.83,,,,,
936,06/24/2022 13:59:36,41.78,,,,,
937,06/24/2022 14:04:36,42.30,,,,,
938,06/24/2022 14:09:36,42.38,,,,,
939,06/24/2022 14:14:36,42.34,,,,,
940,06/24/2022 14:19:36,42.68,,,,,
941,06/24/2022 14:24:36,42.81,,,,,
942,06/24/2022 14:29:36,42.94,,,,,
943,06/24/2022 14:34:36,42.90,,,,,
944,06/24/2022 14:39:36,42.64,,,,,
945,06/24/2022 14:44:36,42.60,,,,,
946,06/24/2022 14:49:36,42.77,,,,,
947,06/24/2022 14:54:36,42.94,,,,,
948,06/24/2022 14:59:36,43.03,,,,,
949,06/24/2022 15:04:36,42.94,,,,,
950,06/24/2022 15:09:36,43.07,,,,,
951,06/24/2022 15:14:36,42.98,,,,,
952,06/24/2022 15:19:36,42.94,,,,,
953,06/24/2022 15:24:36,42.85,,,,,
954,06/24/2022 15:29:36,42.60,,,,,
955,06/24/2022 15:34:36,42.81,,,,,
956,06/24/2022 15:39:36,43.11,,,,,
957,06/24/2022 15:44:36,42.77,,,,,
958,06/24/2022 15:49:36,42.81,,,,,
959,06/24/2022 15:54:36,42.73,,,,,
960,06/24/2022 15:59:36,42.47,,,,,
961,06/24/2022 16:04:36,42.38,,,,,
962,06/24/2022 16:09:36,42.47,,,,,
963,06/24/2022 16:14:36,42.38,,,,,
964,06/24/2022 16:19:36,42.47,,,,,
965,06/24/2022 16:24:36,42.08,,,,,
966,06/24/2022 16:29:36,42.08,,,,,
967,06/24/2022 16:34:36,41.95,,,,,
968,06/24/2022 16:39:36,42.00,,,,,
969,06/24/2022 16:44:36,41.87,,,,,
970,06/24/2022 16:49:36,41.52,,,,,
971,06/24/2022 16:54:36,41.65,,,,,
972,06/24/2022 16:59:36,41.40,,,,,
973,06/24/2022 17:04:36,41.44,,,,,
974,06/24/2022 17:09:36,41.40,,,,,
975,06/24/2022 17:14:36,41.31,,,,,
976,06/24/2022 17:19:36,41.14,,,,,
977,06/24/2022 17:24:36,41.10,,,,,
978,06/24/2022 17:29:36,41.10,,,,,
979,06/24/2022 17:34:36,41.05,,,,,
980,06/24/2022 17:39:36,41.05,,,,,
981,06/24/2022 17:44:36,40.80,,,,,
982,06/24/2022 17:49:36,40.88,,,,,
983,06/24/2022 17:54:36,40.75,,,,,
984,06/24/2022 17:59:36,40.50,,,,,
985,06/24/2022 18:04:36,40.07,,,,,
986,06/24/2022 18:09:36,39.81,,,,,
987,06/24/2022 18:14:36,39.51,,,,,
988,06/24/2022 18:19:36,39.21,,,,,
989,06/24/2022 18:24:36,38.95,,,,,
990,06/24/2022 18:29:36,38.48,,,,,
991,06/24/2022 18:34:36,37.88,,,,,
992,06/24/2022 18:39:36,37.62,,,,,
993,06/24/2022 18:44:36,37.41,,,,,
994,06/24/2022 18:49:36,37.06,,,,,
995,06/24/2022 18:54:36,36.59,,,,,
996,06/24/2022 18:59:36,36.29,,,,,
997,06/24/2022 19:04:36,35.90,,,,,
998,06/24/2022 19:09:36,35.48,,,,,
999,06/24/2022 19:14:36,35.09,,,,,
1000,06/24/2022 19:19:36,34.66,,,,,
1001,06/24/2022 19:24:36,34.15,,,,,
1002,06/24/2022 19:29:36,33.59,,,,,
1003,06/24/2022 19:34:36,33.03,,,,,
1004,06/24/2022 19:39:36,32.56,,,,,
1005,06/24/2022 19:44:36,32.13,,,,,
1006,06/24/2022 19:49:36,31.70,,,,,
1007,06/24/2022 19:54:36,31.27,,,,,
1008,06/24/2022 19:59:36,30.89,,,,,
1009,06/24/2022 20:04:36,30.54,,,,,
1010,06/24/2022 20:09:36,30.16,,,,,
1011,06/24/2022 20:14:36,29.77,,,,,
1012,06/24/2022 20:19:36,29.38,,,,,
1013,06/24/2022 20:24:36,29.00,,,,,
1014,06/24/2022 20:29:36,28.61,,,,,
1015,06/24/2022 20:34:36,28.23,,,,,
1016,06/24/2022 20:39:36,27.97,,,,,
1017,06/24/2022 20:44:36,27.88,,,,,
1018,06/24/2022 20:49:36,27.75,,,,,
1019,06/24/2022 20:54:36,27.58,,,,,
1020,06/24/2022 20:59:36,27.37,,,,,
1021,06/24/2022 21:04:36,27.02,,,,,
1022,06/24/2022 21:09:36,26.72,,,,,
1023,06/24/2022 21:14:36,26.42,,,,,
1024,06/24/2022 21:19:36,26.12,,,,,
1025,06/24/2022 21:24:36,25.82,,,,,
1026,06/24/2022 21:29:36,25.52,,,,,
1027,06/24/2022 21:34:36,25.31,,,,,
1028,06/24/2022 21:39:36,25.05,,,,,
1029,06/24/2022 21:44:36,24.84,,,,,
1030,06/24/2022 21:49:36,24.49,,,,,
1031,06/24/2022 21:54:36,24.19,,,,,
1032,06/24/2022 21:59:36,24.06,,,,,
1033,06/24/2022 22:04:36,23.85,,,,,
1034,06/24/2022 22:09:36,23.76,,,,,
1035,06/24/2022 22:14:36,23.55,,,,,
1036,06/24/2022 22:19:36,23.38,,,,,
1037,06/24/2022 22:24:36,23.21,,,,,
1038,06/24/2022 22:29:36,22.95,,,,,
1039,06/24/2022 22:34:36,22.69,,,,,
1040,06/24/2022 22:39:36,22.48,,,,,
1041,06/24/2022 22:44:36,22.35,,,,,
1042,06/24/2022 22:49:36,22.13,,,,,
1043,06/24/2022 22:54:36,21.88,,,,,
1044,06/24/2022 22:59:36,21.66,,,,,
1045,06/24/2022 23:04:36,21.40,,,,,
1046,06/24/2022 23:09:36,21.28,,,,,
1047,06/24/2022 23:14:36,21.10,,,,,
1048,06/24/2022 23:19:36,20.93,,,,,
1049,06/24/2022 23:24:36,20.80,,,,,
1050,06/24/2022 23:29:36,20.63,,,,,
1051,06/24/2022 23:34:36,20.42,,,,,
1052,06/24/2022 23:39:36,20.25,,,,,
1053,06/24/2022 23:44:36,20.16,,,,,
1054,06/24/2022 23:49:36,19.99,,,,,
1055,06/24/2022 23:54:36,19.82,,,,,
1056,06/24/2022 23:59:36,19.69,,,,,
1057,06/25/2022 00:04:36,19.52,,,,,
1058,06/25/2022 00:09:36,19.39,,,,,
1059,06/25/2022 00:14:36,19.30,,,,,
1060,06/25/2022 00:19:36,19.09,,,,,
1061,06/25/2022 00:24:36,18.83,,,,,
1062,06/25/2022 00:29:36,18.70,,,,,
1063,06/25/2022 00:34:36,18.62,,,,,
1064,06/25/2022 00:39:36,18.53,,,,,
1065,06/25/2022 00:44:36,18.44,,,,,
1066,06/25/2022 00:49:36,18.27,,,,,
1067,06/25/2022 00:54:36,18.19,,,,,
1068,06/25/2022 00:59:36,18.02,,,,,
1069,06/25/2022 01:04:36,17.93,,,,,
1070,06/25/2022 01:09:36,17.80,,,,,
1071,06/25/2022 01:14:36,17.76,,,,,
1072,06/25/2022 01:19:36,17.63,,,,,
1073,06/25/2022 01:24:36,17.50,,,,,
1074,06/25/2022 01:29:36,17.37,,,,,
1075,06/25/2022 01:34:36,17.24,,,,,
1076,06/25/2022 01:39:36,17.20,,,,,
1077,06/25/2022 01:44:36,17.11,,,,,
1078,06/25/2022 01:49:36,17.11,,,,,
1079,06/25/2022 01:54:36,16.94,,,,,
1080,06/25/2022 01:59:36,16.99,,,,,
1081,06/25/2022 02:04:36,16.99,,,,,
1082,06/25/2022 02:09:36,16.99,,,,,
1083,06/25/2022 02:14:36,16.94,,,,,
1084,06/25/2022 02:19:36,16.94,,,,,
1085,06/25/2022 02:24:36,16.90,,,,,
1086,06/25/2022 02:29:36,16.81,,,,,
1087,06/25/2022 02:34:36,16.77,,,,,
1088,06/25/2022 02:39:36,16.64,,,,,
1089,06/25/2022 02:44:36,16.64,,,,,
1090,06/25/2022 02:49:36,16.56,,,,,
1091,06/25/2022 02:54:36,16.51,,,,,
1092,06/25/2022 02:59:36,16.47,,,,,
1093,06/25/2022 03:04:36,16.30,,,,,
1094,06/25/2022 03:09:36,16.26,,,,,
1095,06/25/2022 03:14:36,16.21,,,,,
1096,06/25/2022 03:19:36,16.17,,,,,
1097,06/25/2022 03:24:36,16.13,,,,,
1098,06/25/2022 03:29:36,16.00,,,,,
1099,06/25/2022 03:34:36,15.91,,,,,
1100,06/25/2022 03:39:36,15.78,,,,,
1101,06/25/2022 03:44:36,15.61,,,,,
1102,06/25/2022 03:49:36,15.57,,,,,
1103,06/25/2022 03:54:36,15.44,,,,,
1104,06/25/2022 03:59:36,15.40,,,,,
1105,06/25/2022 04:04:36,15.27,,,,,
1106,06/25/2022 04:09:36,15.18,,,,,
1107,06/25/2022 04:14:36,15.18,,,,,
1108,06/25/2022 04:19:36,15.14,,,,,
1109,06/25/2022 04:24:36,15.01,,,,,
1110,06/25/2022 04:29:36,14.84,,,,,
1111,06/25/2022 04:34:36,14.84,,,,,
1112,06/25/2022 04:39:36,14.71,,,,,
1113,06/25/2022 04:44:36,14.58,,,,,
1114,06/25/2022 04:49:36,14.54,,,,,
1115,06/25/2022 04:54:36,14.37,,,,,
1116,06/25/2022 04:59:36,14.28,,,,,
1117,06/25/2022 05:04:36,14.24,,,,,
1118,06/25/2022 05:09:36,14.24,,,,,
1119,06/25/2022 05:14:36,14.20,,,,,
1120,06/25/2022 05:19:36,14.24,,,,,
1121,06/25/2022 05:24:36,14.20,,,,,
1122,06/25/2022 05:29:36,14.15,,,,,
1123,06/25/2022 05:34:36,14.03,,,,,
1124,06/25/2022 05:39:36,14.03,,,,,
1125,06/25/2022 05:44:36,13.94,,,,,
1126,06/25/2022 05:49:36,14.07,,,,,
1127,06/25/2022 05:54:36,13.98,,,,,
1128,06/25/2022 05:59:36,13.90,,,,,
1129,06/25/2022 06:04:36,13.81,,,,,
1130,06/25/2022 06:09:36,13.85,,,,,
1131,06/25/2022 06:14:36,13.85,,,,,
1132,06/25/2022 06:19:36,13.98,,,,,
1133,06/25/2022 06:24:36,14.07,,,,,
1134,06/25/2022 06:29:36,14.24,,,,,
1135,06/25/2022 06:34:36,14.37,,,,,
1136,06/25/2022 06:39:36,14.58,,,,,
1137,06/25/2022 06:44:36,14.75,,,,,
1138,06/25/2022 06:49:36,14.93,,,,,
1139,06/25/2022 06:54:36,15.18,,,,,
1140,06/25/2022 06:59:36,15.40,,,,,
1141,06/25/2022 07:04:36,15.66,,,,,
1142,06/25/2022 07:09:36,16.00,,,,,
1143,06/25/2022 07:14:36,16.34,,,,,
1144,06/25/2022 07:19:36,16.77,,,,,
1145,06/25/2022 07:24:36,17.41,,,,,
1146,06/25/2022 07:29:36,17.89,,,,,
1147,06/25/2022 07:34:36,18.32,,,,,
1148,06/25/2022 07:39:36,18.83,,,,,
1149,06/25/2022 07:44:36,19.22,,,,,
1150,06/25/2022 07:49:36,19.82,,,,,
1151,06/25/2022 07:54:36,20.33,,,,,
1152,06/25/2022 07:59:36,20.68,,,,,
1153,06/25/2022 08:04:36,21.10,,,,,
1154,06/25/2022 08:09:36,21.66,,,,,
1155,06/25/2022 08:14:36,22.48,,,,,
1156,06/25/2022 08:19:36,22.82,,,,,
1157,06/25/2022 08:24:36,23.34,,,,,
1158,06/25/2022 08:29:36,24.06,,,,,
1159,06/25/2022 08:34:36,24.62,,,,,
1160,06/25/2022 08:39:36,25.01,,,,,
1161,06/25/2022 08:44:36,25.61,,,,,
1162,06/25/2022 08:49:36,26.30,,,,,
1163,06/25/2022 08:54:36,26.60,,,,,
1164,06/25/2022 08:59:36,27.11,,,,,
1165,06/25/2022 09:04:36,27.41,,,,,
1166,06/25/2022 09:09:36,27.97,,,,,
1167,06/25/2022 09:14:36,28.18,,,,,
1168,06/25/2022 09:19:36,28.57,,,,,
1169,06/25/2022 09:24:36,29.13,,,,,
1170,06/25/2022 09:29:36,29.56,,,,,
1171,06/25/2022 09:34:36,29.60,,,,,
1172,06/25/2022 09:39:36,29.77,,,,,
1173,06/25/2022 09:44:36,30.16,,,,,
1174,06/25/2022 09:49:36,30.46,,,,,
1175,06/25/2022 09:54:36,30.76,,,,,
1176,06/25/2022 09:59:36,31.57,,,,,
1177,06/25/2022 10:04:36,31.27,,,,,
1178,06/25/2022 10:09:36,32.13,,,,,
1179,06/25/2022 10:14:36,32.17,,,,,
1180,06/25/2022 10:19:36,32.43,,,,,
1181,06/25/2022 10:24:36,32.90,,,,,
1182,06/25/2022 10:29:36,32.64,,,,,
1183,06/25/2022 10:34:36,33.20,,,,,
1184,06/25/2022 10:39:36,33.25,,,,,
1185,06/25/2022 10:44:36,33.42,,,,,
1186,06/25/2022 10:49:36,32.94,,,,,
1187,06/25/2022 10:54:36,33.46,,,,,
1188,06/25/2022 10:59:36,34.32,,,,,
1189,06/25/2022 11:04:36,34.66,,,,,
1190,06/25/2022 11:09:36,34.70,,,,,
1191,06/25/2022 11:14:36,35.56,,,,,
1192,06/25/2022 11:19:36,35.35,,,,,
1193,06/25/2022 11:24:36,35.73,,,,,
1194,06/25/2022 11:29:36,35.90,,,,,
1195,06/25/2022 11:34:36,36.21,,,,,
1196,06/25/2022 11:39:36,36.42,,,,,
1197,06/25/2022 11:44:36,37.15,,,,,
1198,06/25/2022 11:49:36,36.93,,,,,
1199,06/25/2022 11:54:36,37.06,,,,,
1200,06/25/2022 11:59:36,37.11,,,,,
1201,06/25/2022 12:04:36,37.45,,,,,
1202,06/25/2022 12:09:36,37.84,,,,,
1203,06/25/2022 12:14:36,38.22,,,,,
1204,06/25/2022 12:19:36,37.84,,,,,
1205,06/25/2022 12:24:36,38.18,,,,,
1206,06/25/2022 12:29:36,37.92,,,,,
1207,06/25/2022 12:34:36,38.31,,,,,
1208,06/25/2022 12:39:36,38.22,,,,,
1209,06/25/2022 12:44:36,38.86,,,,,
1210,06/25/2022 12:49:36,38.82,,,,,
1211,06/25/2022 12:54:36,38.95,,,,,
1212,06/25/2022 12:59:36,39.29,,,,,
1213,06/25/2022 13:04:36,39.59,,,,,
1214,06/25/2022 13:09:36,39.89,,,,,
1215,06/25/2022 13:14:36,40.32,,,,,
1216,06/25/2022 13:19:36,40.41,,,,,
1217,06/25/2022 13:24:36,40.50,,,,,
1218,06/25/2022 13:29:36,41.01,,,,,
1219,06/25/2022 13:34:36,41.40,,,,,
1220,06/25/2022 13:39:36,40.88,,,,,
1221,06/25/2022 13:44:36,40.97,,,,,
1222,06/25/2022 13:49:36,41.14,,,,,
1223,06/25/2022 13:54:36,41.05,,,,,
1224,06/25/2022 13:59:36,41.48,,,,,
1225,06/25/2022 14:04:36,41.91,,,,,
1226,06/25/2022 14:09:36,41.83,,,,,
1227,06/25/2022 14:14:36,41.87,,,,,
1228,06/25/2022 14:19:36,41.65,,,,,
1229,06/25/2022 14:24:36,41.70,,,,,
1230,06/25/2022 14:29:36,41.74,,,,,
1231,06/25/2022 14:34:36,41.52,,,,,
1232,06/25/2022 14:39:36,42.38,,,,,
1233,06/25/2022 14:44:36,42.04,,,,,
1234,06/25/2022 14:49:36,42.43,,,,,
1235,06/25/2022 14:54:36,42.73,,,,,
1236,06/25/2022 14:59:36,42.68,,,,,
1237,06/25/2022 15:04:36,42.60,,,,,
1238,06/25/2022 15:09:36,42.34,,,,,
1239,06/25/2022 15:14:36,42.73,,,,,
1240,06/25/2022 15:19:36,42.98,,,,,
1241,06/25/2022 15:24:36,42.90,,,,,
1242,06/25/2022 15:29:36,42.77,,,,,
1243,06/25/2022 15:34:36,42.98,,,,,
1244,06/25/2022 15:39:36,43.07,,,,,
1245,06/25/2022 15:44:36,43.16,,,,,
1246,06/25/2022 15:49:36,42.98,,,,,
1247,06/25/2022 15:54:36,43.16,,,,,
1248,06/25/2022 15:59:36,43.03,,,,,
1249,06/25/2022 16:04:36,43.11,,,,,
1250,06/25/2022 16:09:36,42.98,,,,,
1251,06/25/2022 16:14:36,42.77,,,,,
1252,06/25/2022 16:19:36,42.90,,,,,
1253,06/25/2022 16:24:36,42.94,,,,,
1254,06/25/2022 16:29:36,42.47,,,,,
1255,06/25/2022 16:34:36,42.38,,,,,
1256,06/25/2022 16:39:36,42.21,,,,,
1257,06/25/2022 16:44:36,42.04,,,,,
1258,06/25/2022 16:49:36,42.04,,,,,
1259,06/25/2022 16:54:36,42.00,,,,,
1260,06/25/2022 16:59:36,41.70,,,,,
1261,06/25/2022 17:04:36,41.40,,,,,
1262,06/25/2022 17:09:36,41.31,,,,,
1263,06/25/2022 17:14:36,40.84,,,,,
1264,06/25/2022 17:19:36,40.58,,,,,
1265,06/25/2022 17:24:36,40.41,,,,,
1266,06/25/2022 17:29:36,40.37,,,,,
1267,06/25/2022 17:34:36,40.07,,,,,
1268,06/25/2022 17:39:36,39.89,,,,,
1269,06/25/2022 17:44:36,39.85,,,,,
1270,06/25/2022 17:49:36,39.38,,,,,
1271,06/25/2022 17:54:36,39.04,,,,,
1272,06/25/2022 17:59:36,38.78,,,,,
1273,06/25/2022 18:04:36,38.35,,,,,
1274,06/25/2022 18:09:36,38.14,,,,,
1275,06/25/2022 18:14:36,38.01,,,,,
1276,06/25/2022 18:19:36,37.62,,,,,
1277,06/25/2022 18:24:36,37.11,,,,,
1278,06/25/2022 18:29:36,36.55,,,,,
1279,06/25/2022 18:34:36,36.29,,,,,
1280,06/25/2022 18:39:36,35.86,,,,,
1281,06/25/2022 18:44:36,35.43,,,,,
1282,06/25/2022 18:49:36,35.13,,,,,
1283,06/25/2022 18:54:36,34.79,,,,,
1284,06/25/2022 18:59:36,34.45,,,,,
1285,06/25/2022 19:04:36,34.10,,,,,
1286,06/25/2022 19:09:36,33.72,,,,,
1287,06/25/2022 19:14:36,33.33,,,,,
1288,06/25/2022 19:19:36,32.86,,,,,
1289,06/25/2022 19:24:36,32.26,,,,,
1290,06/25/2022 19:29:36,31.70,,,,,
1291,06/25/2022 19:34:36,31.23,,,,,
1292,06/25/2022 19:39:36,30.71,,,,,
1293,06/25/2022 19:44:36,30.37,,,,,
1294,06/25/2022 19:49:36,29.94,,,,,
1295,06/25/2022 19:54:36,29.60,,,,,
1296,06/25/2022 19:59:36,29.17,,,,,
1297,06/25/2022 20:04:36,28.83,,,,,
1298,06/25/2022 20:09:36,28.48,,,,,
1299,06/25/2022 20:14:36,28.14,,,,,
1300,06/25/2022 20:19:36,27.80,,,,,
1301,06/25/2022 20:24:36,27.37,,,,,
1302,06/25/2022 20:29:36,26.98,,,,,
1303,06/25/2022 20:34:36,26.68,,,,,
1304,06/25/2022 20:39:36,26.38,,,,,
1305,06/25/2022 20:44:36,26.08,,,,,
1306,06/25/2022 20:49:36,25.74,,,,,
1307,06/25/2022 20:54:36,25.39,,,,,
1308,06/25/2022 20:59:36,25.09,,,,,
1309,06/25/2022 21:04:36,24.79,,,,,
1310,06/25/2022 21:09:36,24.54,,,,,
1311,06/25/2022 21:14:36,24.32,,,,,
1312,06/25/2022 21:19:36,24.15,,,,,
1313,06/25/2022 21:24:36,23.85,,,,,
1314,06/25/2022 21:29:36,23.64,,,,,
1315,06/25/2022 21:34:36,23.29,,,,,
1316,06/25/2022 21:39:36,22.99,,,,,
1317,06/25/2022 21:44:36,22.69,,,,,
1318,06/25/2022 21:49:36,22.39,,,,,
1319,06/25/2022 21:54:36,22.26,,,,,
1320,06/25/2022 21:59:36,22.01,,,,,
1321,06/25/2022 22:04:36,21.88,,,,,
1322,06/25/2022 22:09:36,21.66,,,,,
1323,06/25/2022 22:14:36,21.66,,,,,
1324,06/25/2022 22:19:36,21.66,,,,,
1325,06/25/2022 22:24:36,21.58,,,,,
1326,06/25/2022 22:29:36,21.45,,,,,
1327,06/25/2022 22:34:36,21.23,,,,,
1328,06/25/2022 22:39:36,21.02,,,,,
1329,06/25/2022 22:44:36,20.89,,,,,
1330,06/25/2022 22:49:36,20.63,,,,,
1331,06/25/2022 22:54:36,20.46,,,,,
1332,06/25/2022 22:59:36,20.20,,,,,
1333,06/25/2022 23:04:36,19.95,,,,,
1334,06/25/2022 23:09:36,19.77,,,,,
1335,06/25/2022 23:14:36,19.77,,,,,
1336,06/25/2022 23:19:36,19.86,,,,,
1337,06/25/2022 23:24:36,19.86,,,,,
1338,06/25/2022 23:29:36,19.69,,,,,
1339,06/25/2022 23:34:36,19.60,,,,,
1340,06/25/2022 23:39:36,19.47,,,,,
1341,06/25/2022 23:44:36,19.43,,,,,
1342,06/25/2022 23:49:36,19.35,,,,,
1343,06/25/2022 23:54:36,19.26,,,,,
1344,06/25/2022 23:59:36,19.09,,,,,
1345,06/26/2022 00:04:36,19.05,,,,,
1346,06/26/2022 00:09:36,19.00,,,,,
1347,06/26/2022 00:14:36,18.87,,,,,
1348,06/26/2022 00:19:36,18.83,,,,,
1349,06/26/2022 00:24:36,18.66,,,,,
1350,06/26/2022 00:29:36,18.62,,,,,
1351,06/26/2022 00:34:36,18.40,,,,,
1352,06/26/2022 00:39:36,18.36,,,,,
1353,06/26/2022 00:44:36,18.10,,,,,
1354,06/26/2022 00:49:36,17.97,,,,,
1355,06/26/2022 00:54:36,17.93,,,,,
1356,06/26/2022 00:59:36,17.76,,,,,
1357,06/26/2022 01:04:36,17.67,,,,,
1358,06/26/2022 01:09:36,17.67,,,,,
1359,06/26/2022 01:14:36,17.63,,,,,
1360,06/26/2022 01:19:36,17.37,,,,,
1361,06/26/2022 01:24:36,17.24,,,,,
1362,06/26/2022 01:29:36,17.11,,,,,
1363,06/26/2022 01:34:36,16.86,,,,,
1364,06/26/2022 01:39:36,16.73,,,,,
1365,06/26/2022 01:44:36,16.64,,,,,
1366,06/26/2022 01:49:36,16.56,,,,,
1367,06/26/2022 01:54:36,16.51,,,,,
1368,06/26/2022 01:59:36,16.51,,,,,
1369,06/26/2022 02:04:36,16.47,,,,,
1370,06/26/2022 02:09:36,16.47,,,,,
1371,06/26/2022 02:14:36,16.51,,,,,
1372,06/26/2022 02:19:36,16.51,,,,,
1373,06/26/2022 02:24:36,16.51,,,,,
1374,06/26/2022 02:29:36,16.51,,,,,
1375,06/26/2022 02:34:36,16.43,,,,,
1376,06/26/2022 02:39:36,16.30,,,,,
1377,06/26/2022 02:44:36,16.13,,,,,
1378,06/26/2022 02:49:36,16.08,,,,,
1379,06/26/2022 02:54:36,16.04,,,,,
1380,06/26/2022 02:59:36,16.00,,,,,
1381,06/26/2022 03:04:36,15.96,,,,,
1382,06/26/2022 03:09:36,15.83,,,,,
1383,06/26/2022 03:14:36,15.74,,,,,
1384,06/26/2022 03:19:36,15.74,,,,,
1385,06/26/2022 03:24:36,15.61,,,,,
1386,06/26/2022 03:29:36,15.53,,,,,
1387,06/26/2022 03:34:36,15.48,,,,,
1388,06/26/2022 03:39:36,15.40,,,,,
1389,06/26/2022 03:44:36,15.18,,,,,
1390,06/26/2022 03:49:36,15.06,,,,,
1391,06/26/2022 03:54:36,15.10,,,,,
1392,06/26/2022 03:59:36,14.84,,,,,
1393,06/26/2022 04:04:36,14.67,,,,,
1394,06/26/2022 04:09:36,14.54,,,,,
1395,06/26/2022 04:14:36,14.45,,,,,
1396,06/26/2022 04:19:36,14.37,,,,,
1397,06/26/2022 04:24:36,14.28,,,,,
1398,06/26/2022 04:29:36,14.28,,,,,
1399,06/26/2022 04:34:36,14.11,,,,,
1400,06/26/2022 04:39:36,13.98,,,,,
1401,06/26/2022 04:44:36,13.81,,,,,
1402,06/26/2022 04:49:36,13.73,,,,,
1403,06/26/2022 04:54:36,13.64,,,,,
1404,06/26/2022 04:59:36,13.55,,,,,
1405,06/26/2022 05:04:36,13.51,,,,,
1406,06/26/2022 05:09:36,13.38,,,,,
1407,06/26/2022 05:14:36,13.25,,,,,
1408,06/26/2022 05:19:36,13.21,,,,,
1409,06/26/2022 05:24:36,13.12,,,,,
1410,06/26/2022 05:29:36,13.08,,,,,
1411,06/26/2022 05:34:36,12.91,,,,,
1412,06/26/2022 05:39:36,12.95,,,,,
1413,06/26/2022 05:44:36,12.91,,,,,
1414,06/26/2022 05:49:36,12.74,,,,,
1415,06/26/2022 05:54:36,12.78,,,,,
1416,06/26/2022 05:59:36,12.74,,,,,
1417,06/26/2022 06:04:36,12.82,,,,,
1418,06/26/2022 06:09:36,12.95,,,,,
1419,06/26/2022 06:14:36,12.95,,,,,
1420,06/26/2022 06:19:36,13.04,,,,,
1421,06/26/2022 06:24:36,13.12,,,,,
1422,06/26/2022 06:29:36,13.30,,,,,
1423,06/26/2022 06:34:36,13.43,,,,,
1424,06/26/2022 06:39:36,13.64,,,,,
1425,06/26/2022 06:44:36,13.98,,,,,
1426,06/26/2022 06:49:36,14.24,,,,,
1427,06/26/2022 06:54:36,14.54,,,,,
1428,06/26/2022 06:59:36,14.93,,,,,
1429,06/26/2022 07:04:36,15.40,,,,,
1430,06/26/2022 07:09:36,15.74,,,,,
1431,06/26/2022 07:14:36,16.17,,,,,
1432,06/26/2022 07:19:36,16.73,,,,,
1433,06/26/2022 07:24:36,17.24,,,,,
1434,06/26/2022 07:29:36,17.76,,,,,
1435,06/26/2022 07:34:36,18.36,,,,,
1436,06/26/2022 07:39:36,18.92,,,,,
1437,06/26/2022 07:44:36,19.60,,,,,
1438,06/26/2022 07:49:36,20.25,,,,,
1439,06/26/2022 07:54:36,21.06,,,,,
1440,06/26/2022 07:59:36,21.70,,,,,
1441,06/26/2022 08:04:36,22.43,,,,,
1442,06/26/2022 08:09:36,23.08,,,,,
1443,06/26/2022 08:14:36,23.76,,,,,
1444,06/26/2022 08:19:36,24.41,,,,,
1445,06/26/2022 08:24:36,25.09,,,,,
1446,06/26/2022 08:29:36,25.82,,,,,
1447,06/26/2022 08:34:36,26.51,,,,,
1448,06/26/2022 08:39:36,26.90,,,,,
1449,06/26/2022 08:44:36,27.02,,,,,
1450,06/26/2022 08:49:36,27.58,,,,,
1451,06/26/2022 08:54:36,27.63,,,,,
1452,06/26/2022 08:59:36,27.97,,,,,
1453,06/26/2022 09:04:36,28.14,,,,,
1454,06/26/2022 09:09:36,28.70,,,,,
1455,06/26/2022 09:14:36,28.87,,,,,
1456,06/26/2022 09:19:36,29.26,,,,,
1457,06/26/2022 09:24:36,29.86,,,,,
1458,06/26/2022 09:29:36,29.73,,,,,
1459,06/26/2022 09:34:36,30.11,,,,,
1460,06/26/2022 09:39:36,29.90,,,,,
1461,06/26/2022 09:44:36,30.28,,,,,
1462,06/26/2022 09:49:36,30.97,,,,,
1463,06/26/2022 09:54:36,31.53,,,,,
1464,06/26/2022 09:59:36,31.57,,,,,
1465,06/26/2022 10:04:36,31.87,,,,,
1466,06/26/2022 10:09:36,32.60,,,,,
1467,06/26/2022 10:14:36,33.42,,,,,
1468,06/26/2022 10:19:36,32.86,,,,,
1469,06/26/2022 10:24:36,33.50,,,,,
1470,06/26/2022 10:29:36,33.80,,,,,
1471,06/26/2022 10:34:36,34.62,,,,,
1472,06/26/2022 10:39:36,34.92,,,,,
1473,06/26/2022 10:44:36,34.75,,,,,
1474,06/26/2022 10:49:36,35.09,,,,,
1475,06/26/2022 10:54:36,34.96,,,,,
1476,06/26/2022 10:59:36,34.83,,,,,
1477,06/26/2022 11:04:36,35.39,,,,,
1478,06/26/2022 11:09:36,35.52,,,,,
1479,06/26/2022 11:14:36,35.39,,,,,
1480,06/26/2022 11:19:36,35.90,,,,,
1481,06/26/2022 11:24:36,35.73,,,,,
1482,06/26/2022 11:29:36,36.21,,,,,
1483,06/26/2022 11:34:36,36.63,,,,,
1484,06/26/2022 11:39:36,36.72,,,,,
1485,06/26/2022 11:44:36,36.55,,,,,
1486,06/26/2022 11:49:36,36.85,,,,,
1487,06/26/2022 11:54:36,37.06,,,,,
1488,06/26/2022 11:59:36,37.19,,,,,
1489,06/26/2022 12:04:36,37.28,,,,,
1490,06/26/2022 12:09:36,37.41,,,,,
1491,06/26/2022 12:14:36,37.54,,,,,
1492,06/26/2022 12:19:36,38.31,,,,,
1493,06/26/2022 12:24:36,38.26,,,,,
1494,06/26/2022 12:29:36,38.52,,,,,
1495,06/26/2022 12:34:36,38.69,,,,,
1496,06/26/2022 12:39:36,38.82,,,,,
1497,06/26/2022 12:44:36,38.65,,,,,
1498,06/26/2022 12:49:36,38.65,,,,,
1499,06/26/2022 12:54:36,38.82,,,,,
1500,06/26/2022 12:59:36,38.95,,,,,
1501,06/26/2022 13:04:36,39.34,,,,,
1502,06/26/2022 13:09:36,39.25,,,,,
1503,06/26/2022 13:14:36,39.64,,,,,
1504,06/26/2022 13:19:36,39.77,,,,,
1505,06/26/2022 13:24:36,40.19,,,,,
1506,06/26/2022 13:29:36,40.11,,,,,
1507,06/26/2022 13:34:36,40.54,,,,,
1508,06/26/2022 13:39:36,40.67,,,,,
1509,06/26/2022 13:44:36,40.80,,,,,
1510,06/26/2022 13:49:36,41.05,,,,,
1511,06/26/2022 13:54:36,41.14,,,,,
1512,06/26/2022 13:59:36,41.22,,,,,
1513,06/26/2022 14:04:36,41.14,,,,,
1514,06/26/2022 14:09:36,41.35,,,,,
1515,06/26/2022 14:14:36,41.52,,,,,
1516,06/26/2022 14:19:36,41.65,,,,,
1517,06/26/2022 14:24:36,41.95,,,,,
1518,06/26/2022 14:29:36,42.17,,,,,
1519,06/26/2022 14:34:36,41.91,,,,,
1520,06/26/2022 14:39:36,42.08,,,,,
1521,06/26/2022 14:44:36,42.21,,,,,
1522,06/26/2022 14:49:36,42.08,,,,,
1523,06/26/2022 14:54:36,42.38,,,,,
1524,06/26/2022 14:59:36,42.25,,,,,
1525,06/26/2022 15:04:36,42.47,,,,,
1526,06/26/2022 15:09:36,42.51,,,,,
1527,06/26/2022 15:14:36,42.51,,,,,
1528,06/26/2022 15:19:36,42.47,,,,,
1529,06/26/2022 15:24:36,42.73,,,,,
1530,06/26/2022 15:29:36,42.64,,,,,
1531,06/26/2022 15:34:36,42.73,,,,,
1532,06/26/2022 15:39:36,43.16,,,,,
1533,06/26/2022 15:44:36,43.11,,,,,
1534,06/26/2022 15:49:36,43.03,,,,,
1535,06/26/2022 15:54:36,43.50,,,,,
1536,06/26/2022 15:59:36,43.41,,,,,
1537,06/26/2022 16:04:36,43.37,,,,,
1538,06/26/2022 16:09:36,43.28,,,,,
1539,06/26/2022 16:14:36,43.71,,,,,
1540,06/26/2022 16:19:36,43.88,,,,,
1541,06/26/2022 16:24:36,43.76,,,,,
1542,06/26/2022 16:29:36,43.97,,,,,
1543,06/26/2022 16:34:36,43.84,,,,,
1544,06/26/2022 16:39:36,44.01,,,,,
1545,06/26/2022 16:44:36,43.84,,,,,
1546,06/26/2022 16:49:36,43.71,,,,,
1547,06/26/2022 16:54:36,43.63,,,,,
1548,06/26/2022 16:59:36,43.63,,,,,
1549,06/26/2022 17:04:36,43.33,,,,,
1550,06/26/2022 17:09:36,43.03,,,,,
1551,06/26/2022 17:14:36,43.11,,,,,
1552,06/26/2022 17:19:36,42.98,,,,,
1553,06/26/2022 17:24:36,42.77,,,,,
1554,06/26/2022 17:29:36,42.47,,,,,
1555,06/26/2022 17:34:36,42.64,,,,,
1556,06/26/2022 17:39:36,42.13,,,,,
1557,06/26/2022 17:44:36,42.04,,,,,
1558,06/26/2022 17:49:36,41.70,,,,,
1559,06/26/2022 17:54:36,41.57,,,,,
1560,06/26/2022 17:59:36,41.52,,,,,
1561,06/26/2022 18:04:36,41.48,,,,,
1562,06/26/2022 18:09:36,41.35,,,,,
1563,06/26/2022 18:14:36,40.97,,,,,
1564,06/26/2022 18:19:36,40.84,,,,,
1565,06/26/2022 18:24:36,40.62,,,,,
1566,06/26/2022 18:29:36,40.41,,,,,
1567,06/26/2022 18:34:36,39.94,,,,,
1568,06/26/2022 18:39:36,39.77,,,,,
1569,06/26/2022 18:44:36,39.29,,,,,
1570,06/26/2022 18:49:36,38.74,,,,,
1571,06/26/2022 18:54:36,38.31,,,,,
1572,06/26/2022 18:59:36,37.96,,,,,
1573,06/26/2022 19:04:36,37.54,,,,,
1574,06/26/2022 19:09:36,37.06,,,,,
1575,06/26/2022 19:14:36,36.68,,,,,
1576,06/26/2022 19:19:36,36.21,,,,,
1577,06/26/2022 19:24:36,35.60,,,,,
1578,06/26/2022 19:29:36,35.13,,,,,
1579,06/26/2022 19:34:36,34.66,,,,,
1580,06/26/2022 19:39:36,34.27,,,,,
1581,06/26/2022 19:44:36,33.72,,,,,
1582,06/26/2022 19:49:36,33.29,,,,,
1583,06/26/2022 19:54:36,32.56,,,,,
1584,06/26/2022 19:59:36,31.83,,,,,
1585,06/26/2022 20:04:36,31.27,,,,,
1586,06/26/2022 20:09:36,30.89,,,,,
1587,06/26/2022 20:14:36,30.37,,,,,
1588,06/26/2022 20:19:36,30.07,,,,,
1589,06/26/2022 20:24:36,29.47,,,,,
1590,06/26/2022 20:29:36,28.87,,,,,
1591,06/26/2022 20:34:36,28.48,,,,,
1592,06/26/2022 20:39:36,28.05,,,,,
1593,06/26/2022 20:44:36,27.58,,,,,
1594,06/26/2022 20:49:36,27.11,,,,,
1595,06/26/2022 20:54:36,26.51,,,,,
1596,06/26/2022 20:59:36,25.91,,,,,
1597,06/26/2022 21:04:36,25.48,,,,,
1598,06/26/2022 21:09:36,25.14,,,,,
1599,06/26/2022 21:14:36,24.92,,,,,
1600,06/26/2022 21:19:36,24.84,,,,,
1601,06/26/2022 21:24:36,24.75,,,,,
1602,06/26/2022 21:29:36,24.41,,,,,
1603,06/26/2022 21:34:36,23.98,,,,,
1604,06/26/2022 21:39:36,23.81,,,,,
1605,06/26/2022 21:44:36,23.59,,,,,
1606,06/26/2022 21:49:36,23.42,,,,,
1607,06/26/2022 21:54:36,23.25,,,,,
1608,06/26/2022 21:59:36,23.08,,,,,
1609,06/26/2022 22:04:36,22.73,,,,,
1610,06/26/2022 22:09:36,22.43,,,,,
1611,06/26/2022 22:14:36,22.22,,,,,
1612,06/26/2022 22:19:36,22.09,,,,,
1613,06/26/2022 22:24:36,21.83,,,,,
1614,06/26/2022 22:29:36,21.58,,,,,
1615,06/26/2022 22:34:36,21.40,,,,,
1616,06/26/2022 22:39:36,21.23,,,,,
1617,06/26/2022 22:44:36,20.98,,,,,
1618,06/26/2022 22:49:36,20.68,,,,,
1619,06/26/2022 22:54:36,20.42,,,,,
1620,06/26/2022 22:59:36,20.12,,,,,
1621,06/26/2022 23:04:36,19.86,,,,,
1622,06/26/2022 23:09:36,19.69,,,,,
1623,06/26/2022 23:14:36,19.43,,,,,
1624,06/26/2022 23:19:36,19.30,,,,,
1625,06/26/2022 23:24:36,19.13,,,,,
1626,06/26/2022 23:29:36,19.00,,,,,
1627,06/26/2022 23:34:36,18.96,,,,,
1628,06/26/2022 23:39:36,18.79,,,,,
1629,06/26/2022 23:44:36,18.66,,,,,
1630,06/26/2022 23:49:36,18.62,,,,,
1631,06/26/2022 23:54:36,18.57,,,,,
1632,06/26/2022 23:59:36,18.44,,,,,
1633,06/27/2022 00:04:36,18.23,,,,,
1634,06/27/2022 00:09:36,18.06,,,,,
1635,06/27/2022 00:14:36,17.89,,,,,
1636,06/27/2022 00:19:36,17.89,,,,,
1637,06/27/2022 00:24:36,17.84,,,,,
1638,06/27/2022 00:29:36,17.63,,,,,
1639,06/27/2022 00:34:36,17.67,,,,,
1640,06/27/2022 00:39:36,17.72,,,,,
1641,06/27/2022 00:44:36,17.89,,,,,
1642,06/27/2022 00:49:36,17.97,,,,,
1643,06/27/2022 00:54:36,17.89,,,,,
1644,06/27/2022 00:59:36,17.80,,,,,
1645,06/27/2022 01:04:36,17.72,,,,,
1646,06/27/2022 01:09:36,17.54,,,,,
1647,06/27/2022 01:14:36,17.37,,,,,
1648,06/27/2022 01:19:36,17.24,,,,,
1649,06/27/2022 01:24:36,17.07,,,,,
1650,06/27/2022 01:29:36,16.94,,,,,
1651,06/27/2022 01:34:36,16.81,,,,,
1652,06/27/2022 01:39:36,16.73,,,,,
1653,06/27/2022 01:44:36,16.64,,,,,
1654,06/27/2022 01:49:36,16.56,,,,,
1655,06/27/2022 01:54:36,16.43,,,,,
1656,06/27/2022 01:59:36,16.34,,,,,
1657,06/27/2022 02:04:36,16.26,,,,,
1658,06/27/2022 02:09:36,16.13,,,,,
1659,06/27/2022 02:14:36,16.00,,,,,
1660,06/27/2022 02:19:36,15.87,,,,,
1661,06/27/2022 02:24:36,15.78,,,,,
1662,06/27/2022 02:29:36,15.70,,,,,
1663,06/27/2022 02:34:36,15.66,,,,,
1664,06/27/2022 02:39:36,15.61,,,,,
1665,06/27/2022 02:44:36,15.53,,,,,
1666,06/27/2022 02:49:36,15.48,,,,,
1667,06/27/2022 02:54:36,15.48,,,,,
1668,06/27/2022 02:59:36,15.40,,,,,
1669,06/27/2022 03:04:36,15.40,,,,,
1670,06/27/2022 03:09:36,15.31,,,,,
1671,06/27/2022 03:14:36,15.27,,,,,
1672,06/27/2022 03:19:36,15.23,,,,,
1673,06/27/2022 03:24:36,15.18,,,,,
1674,06/27/2022 03:29:36,15.10,,,,,
1675,06/27/2022 03:34:36,15.06,,,,,
1676,06/27/2022 03:39:36,15.01,,,,,
1677,06/27/2022 03:44:36,14.88,,,,,
1678,06/27/2022 03:49:36,14.84,,,,,
1679,06/27/2022 03:54:36,14.80,,,,,
1680,06/27/2022 03:59:36,14.67,,,,,
1681,06/27/2022 04:04:36,14.58,,,,,
1682,06/27/2022 04:09:36,14.50,,,,,
1683,06/27/2022 04:14:36,14.54,,,,,
1684,06/27/2022 04:19:36,14.45,,,,,
1685,06/27/2022 04:24:36,14.50,,,,,
1686,06/27/2022 04:29:36,14.41,,,,,
1687,06/27/2022 04:34:36,14.37,,,,,
1688,06/27/2022 04:39:36,14.33,,,,,
1689,06/27/2022 04:44:36,14.33,,,,,
1690,06/27/2022 04:49:36,14.24,,,,,
1691,06/27/2022 04:54:36,14.15,,,,,
1692,06/27/2022 04:59:36,14.15,,,,,
1693,06/27/2022 05:04:36,13.98,,,,,
1694,06/27/2022 05:09:36,14.03,,,,,
1695,06/27/2022 05:14:36,13.98,,,,,
1696,06/27/2022 05:19:36,13.90,,,,,
1697,06/27/2022 05:24:36,13.90,,,,,
1698,06/27/2022 05:29:36,13.90,,,,,
1699,06/27/2022 05:34:36,13.81,,,,,
1700,06/27/2022 05:39:36,13.73,,,,,
1701,06/27/2022 05:44:36,13.73,,,,,
1702,06/27/2022 05:49:36,13.68,,,,,
1703,06/27/2022 05:54:36,13.68,,,,,
1704,06/27/2022 05:59:36,13.68,,,,,
1705,06/27/2022 06:04:36,13.68,,,,,
1706,06/27/2022 06:09:36,13.73,,,,,
1707,06/27/2022 06:14:36,13.77,,,,,
1708,06/27/2022 06:19:36,13.81,,,,,
1709,06/27/2022 06:24:36,13.85,,,,,
1710,06/27/2022 06:29:36,13.94,,,,,
1711,06/27/2022 06:34:36,14.03,,,,,
1712,06/27/2022 06:39:36,14.15,,,,,
1713,06/27/2022 06:44:36,14.24,,,,,
1714,06/27/2022 06:49:36,14.41,,,,,
1715,06/27/2022 06:54:36,14.63,,,,,
1716,06/27/2022 06:59:36,14.84,,,,,
1717,06/27/2022 07:04:36,15.10,,,,,
1718,06/27/2022 07:09:36,15.40,,,,,
1719,06/27/2022 07:14:36,15.66,,,,,
1720,06/27/2022 07:19:36,16.17,,,,,
1721,06/27/2022 07:24:36,16.60,,,,,
1722,06/27/2022 07:29:36,17.16,,,,,
1723,06/27/2022 07:34:36,17.72,,,,,
1724,06/27/2022 07:39:36,18.36,,,,,
1725,06/27/2022 07:44:36,19.05,,,,,
1726,06/27/2022 07:49:36,19.73,,,,,
1727,06/27/2022 07:54:36,20.46,,,,,
1728,06/27/2022 07:59:36,21.28,,,,,
1729,06/27/2022 08:04:36,22.09,,,,,
1730,06/27/2022 08:09:36,22.82,,,,,
1731,06/27/2022 08:14:36,23.29,,,,,
1732,06/27/2022 08:19:36,23.76,,,,,
1733,06/27/2022 08:24:36,24.62,,,,,
1734,06/27/2022 08:29:36,25.18,,,,,
1735,06/27/2022 08:34:36,25.69,,,,,
1736,06/27/2022 08:39:36,25.95,,,,,
1737,06/27/2022 08:44:36,26.08,,,,,
1738,06/27/2022 08:49:36,26.34,,,,,
1739,06/27/2022 08:54:36,26.85,,,,,
1740,06/27/2022 08:59:36,27.28,,,,,
1741,06/27/2022 09:04:36,27.45,,,,,
1742,06/27/2022 09:09:36,28.23,,,,,
1743,06/27/2022 09:14:36,28.53,,,,,
1744,06/27/2022 09:19:36,29.00,,,,,
1745,06/27/2022 09:24:36,29.43,,,,,
1746,06/27/2022 09:29:36,29.38,,,,,
1747,06/27/2022 09:34:36,29.98,,,,,
1748,06/27/2022 09:39:36,29.94,,,,,
1749,06/27/2022 09:44:36,30.20,,,,,
1750,06/27/2022 09:49:36,30.80,,,,,
1751,06/27/2022 09:54:36,30.37,,,,,
1752,06/27/2022 09:59:36,30.63,,,,,
1753,06/27/2022 10:04:36,31.01,,,,,
1754,06/27/2022 10:09:36,31.23,,,,,
1755,06/27/2022 10:14:36,31.31,,,,,
1756,06/27/2022 10:19:36,31.79,,,,,
1757,06/27/2022 10:24:36,32.04,,,,,
1758,06/27/2022 10:29:36,31.96,,,,,
1759,06/27/2022 10:34:36,32.52,,,,,
1760,06/27/2022 10:39:36,32.73,,,,,
1761,06/27/2022 10:44:36,33.03,,,,,
1762,06/27/2022 10:49:36,33.29,,,,,
1763,06/27/2022 10:54:36,33.55,,,,,
1764,06/27/2022 10:59:36,33.85,,,,,
1765,06/27/2022 11:04:36,34.32,,,,,
1766,06/27/2022 11:09:36,34.49,,,,,
1767,06/27/2022 11:14:36,34.96,,,,,
1768,06/27/2022 11:19:36,35.00,,,,,
1769,06/27/2022 11:24:36,34.62,,,,,
1770,06/27/2022 11:29:36,35.18,,,,,
1771,06/27/2022 11:34:36,35.39,,,,,
1772,06/27/2022 11:39:36,35.43,,,,,
1773,06/27/2022 11:44:36,36.33,,,,,
1774,06/27/2022 11:49:36,36.33,,,,,
1775,06/27/2022 11:54:36,36.38,,,,,
1776,06/27/2022 11:59:36,36.98,,,,,
1777,06/27/2022 12:04:36,37.58,,,,,
1778,06/27/2022 12:09:36,37.54,,,,,
1779,06/27/2022 12:14:36,37.79,,,,,
1780,06/27/2022 12:19:36,37.84,,,,,
1781,06/27/2022 12:24:36,38.14,,,,,
1782,06/27/2022 12:29:36,37.79,,,,,
1783,06/27/2022 12:34:36,38.09,,,,,
1784,06/27/2022 12:39:36,38.09,,,,,
1785,06/27/2022 12:44:36,38.26,,,,,
1786,06/27/2022 12:49:36,38.44,,,,,
1787,06/27/2022 12:54:36,38.56,,,,,
1788,06/27/2022 12:59:36,39.34,,,,,
1789,06/27/2022 13:04:36,39.51,,,,,
1790,06/27/2022 13:09:36,39.04,,,,,
1791,06/27/2022 13:14:36,39.81,,,,,
1792,06/27/2022 13:19:36,39.64,,,,,
1793,06/27/2022 13:24:36,39.89,,,,,
1794,06/27/2022 13:29:36,40.32,,,,,
1795,06/27/2022 13:34:36,40.19,,,,,
1796,06/27/2022 13:39:36,40.62,,,,,
1797,06/27/2022 13:44:36,40.80,,,,,
1798,06/27/2022 13:49:36,41.14,,,,,
1799,06/27/2022 13:54:36,41.14,,,,,
1800,06/27/2022 13:59:36,41.14,,,,,
1801,06/27/2022 14:04:36,41.27,,,,,
1802,06/27/2022 14:09:36,41.61,,,,,
1803,06/27/2022 14:14:36,41.95,,,,,
1804,06/27/2022 14:19:36,42.30,,,,,
1805,06/27/2022 14:24:36,42.73,,,,,
1806,06/27/2022 14:29:36,42.98,,,,,
1807,06/27/2022 14:34:36,43.24,,,,,
1808,06/27/2022 14:39:36,43.24,,,,,
1809,06/27/2022 14:44:36,43.54,,,,,
1810,06/27/2022 14:49:36,43.93,,,,,
1811,06/27/2022 14:54:36,44.23,,,,,
1812,06/27/2022 14:59:36,44.27,,,,,
1813,06/27/2022 15:04:36,44.66,,,,,
1814,06/27/2022 15:09:36,44.70,,,,,
1815,06/27/2022 15:14:36,44.61,,,,,
1816,06/27/2022 15:19:36,44.74,,,,,
1817,06/27/2022 15:24:36,44.66,,,,,
1818,06/27/2022 15:29:36,44.96,,,,,
1819,06/27/2022 15:34:36,45.13,,,,,
1820,06/27/2022 15:39:36,45.04,,,,,
1821,06/27/2022 15:44:36,45.13,,,,,
1822,06/27/2022 15:49:36,45.17,,,,,
1823,06/27/2022 15:54:36,44.87,,,,,
1824,06/27/2022 15:59:36,44.96,,,,,
1825,06/27/2022 16:04:36,45.26,,,,,
1826,06/27/2022 16:09:36,45.64,,,,,
1827,06/27/2022 16:14:36,45.04,,,,,
1828,06/27/2022 16:19:36,45.13,,,,,
1829,06/27/2022 16:24:36,45.73,,,,,
1830,06/27/2022 16:29:36,45.86,,,,,
1831,06/27/2022 16:34:36,45.81,,,,,
1832,06/27/2022 16:39:36,46.20,,,,,
1833,06/27/2022 16:44:36,46.33,,,,,
1834,06/27/2022 16:49:36,46.37,,,,,
1835,06/27/2022 16:54:36,45.99,,,,,
1836,06/27/2022 16:59:36,45.60,,,,,
1837,06/27/2022 17:04:36,45.34,,,,,
1838,06/27/2022 17:09:36,45.17,,,,,
1839,06/27/2022 17:14:36,45.04,,,,,
1840,06/27/2022 17:19:36,45.00,,,,,
1841,06/27/2022 17:24:36,44.87,,,,,
1842,06/27/2022 17:29:36,45.00,,,,,
1843,06/27/2022 17:34:36,45.00,,,,,
1844,06/27/2022 17:39:36,44.61,,,,,
1845,06/27/2022 17:44:36,44.53,,,,,
1846,06/27/2022 17:49:36,44.14,,,,,
1847,06/27/2022 17:54:36,44.06,,,,,
1848,06/27/2022 17:59:36,43.80,,,,,
1849,06/27/2022 18:04:36,43.50,,,,,
1850,06/27/2022 18:09:36,43.11,,,,,
1851,06/27/2022 18:14:36,42.98,,,,,
1852,06/27/2022 18:19:36,42.90,,,,,
1853,06/27/2022 18:24:36,42.43,,,,,
1854,06/27/2022 18:29:36,41.95,,,,,
1855,06/27/2022 18:34:36,41.48,,,,,
1856,06/27/2022 18:39:36,41.05,,,,,
1857,06/27/2022 18:44:36,40.75,,,,,
1858,06/27/2022 18:49:36,40.32,,,,,
1859,06/27/2022 18:54:36,39.89,,,,,
1860,06/27/2022 18:59:36,39.64,,,,,
1861,06/27/2022 19:04:36,39.21,,,,,
1862,06/27/2022 19:09:36,38.82,,,,,
1863,06/27/2022 19:14:36,38.48,,,,,
1864,06/27/2022 19:19:36,38.01,,,,,
1865,06/27/2022 19:24:36,37.36,,,,,
1866,06/27/2022 19:29:36,36.55,,,,,
1867,06/27/2022 19:34:36,35.90,,,,,
1868,06/27/2022 19:39:36,35.30,,,,,
1869,06/27/2022 19:44:36,34.75,,,,,
1870,06/27/2022 19:49:36,34.06,,,,,
1871,06/27/2022 19:54:36,33.46,,,,,
1872,06/27/2022 19:59:36,32.99,,,,,
1873,06/27/2022 20:04:36,32.60,,,,,
1874,06/27/2022 20:09:36,32.09,,,,,
1875,06/27/2022 20:14:36,31.44,,,,,
1876,06/27/2022 20:19:36,30.89,,,,,
1877,06/27/2022 20:24:36,30.28,,,,,
1878,06/27/2022 20:29:36,29.77,,,,,
1879,06/27/2022 20:34:36,29.13,,,,,
1880,06/27/2022 20:39:36,28.70,,,,,
1881,06/27/2022 20:44:36,28.27,,,,,
1882,06/27/2022 20:49:36,27.97,,,,,
1883,06/27/2022 20:54:36,27.50,,,,,
1884,06/27/2022 20:59:36,27.11,,,,,
1885,06/27/2022 21:04:36,26.64,,,,,
1886,06/27/2022 21:09:36,25.95,,,,,
1887,06/27/2022 21:14:36,25.44,,,,,
1888,06/27/2022 21:19:36,25.09,,,,,
1889,06/27/2022 21:24:36,24.79,,,,,
1890,06/27/2022 21:29:36,24.58,,,,,
1891,06/27/2022 21:34:36,24.36,,,,,
1892,06/27/2022 21:39:36,24.02,,,,,
1893,06/27/2022 21:44:36,23.72,,,,,
1894,06/27/2022 21:49:36,23.55,,,,,
1895,06/27/2022 21:54:36,23.34,,,,,
1896,06/27/2022 21:59:36,23.34,,,,,
1897,06/27/2022 22:04:36,23.25,,,,,
1898,06/27/2022 22:09:36,22.99,,,,,
1899,06/27/2022 22:14:36,22.86,,,,,
1900,06/27/2022 22:19:36,22.69,,,,,
1901,06/27/2022 22:24:36,22.56,,,,,
1902,06/27/2022 22:29:36,22.39,,,,,
1903,06/27/2022 22:34:36,22.18,,,,,
1904,06/27/2022 22:39:36,21.92,,,,,
1905,06/27/2022 22:44:36,21.79,,,,,
1906,06/27/2022 22:49:36,21.58,,,,,
1907,06/27/2022 22:54:36,21.19,,,,,
1908,06/27/2022 22:59:36,21.02,,,,,
1909,06/27/2022 23:04:36,20.89,,,,,
1910,06/27/2022 23:09:36,20.85,,,,,
1911,06/27/2022 23:14:36,20.68,,,,,
1912,06/27/2022 23:19:36,20.59,,,,,
1913,06/27/2022 23:24:36,20.42,,,,,
1914,06/27/2022 23:29:36,20.25,,,,,
1915,06/27/2022 23:34:36,20.25,,,,,
1916,06/27/2022 23:39:36,20.07,,,,,
1917,06/27/2022 23:44:36,19.95,,,,,
1918,06/27/2022 23:49:36,19.82,,,,,
1919,06/27/2022 23:54:36,19.69,,,,,
1920,06/27/2022 23:59:36,19.47,,,,,
1921,06/28/2022 00:04:36,19.35,,,,,
1922,06/28/2022 00:09:36,19.17,,,,,
1923,06/28/2022 00:14:36,19.09,,,,,
1924,06/28/2022 00:19:36,19.05,,,,,
1925,06/28/2022 00:24:36,18.83,,,,,
1926,06/28/2022 00:29:36,18.70,,,,,
1927,06/28/2022 00:34:36,18.57,,,,,
1928,06/28/2022 00:39:36,18.49,,,,,
1929,06/28/2022 00:44:36,18.44,,,,,
1930,06/28/2022 00:49:36,18.36,,,,,
1931,06/28/2022 00:54:36,18.32,,,,,
1932,06/28/2022 00:59:36,18.23,,,,,
1933,06/28/2022 01:04:36,18.10,,,,,
1934,06/28/2022 01:09:36,18.02,,,,,
1935,06/28/2022 01:14:36,17.97,,,,,
1936,06/28/2022 01:19:36,17.80,,,,,
1937,06/28/2022 01:24:36,17.72,,,,,
1938,06/28/2022 01:29:36,17.67,,,,,
1939,06/28/2022 01:34:36,17.54,,,,,
1940,06/28/2022 01:39:36,17.46,,,,,
1941,06/28/2022 01:44:36,17.41,,,,,
1942,06/28/2022 01:49:36,17.41,,,,,
1943,06/28/2022 01:54:36,17.33,,,,,
1944,06/28/2022 01:59:36,17.16,,,,,
1945,06/28/2022 02:04:36,17.16,,,,,
1946,06/28/2022 02:09:36,16.86,,,,,
1947,06/28/2022 02:14:36,16.77,,,,,
1948,06/28/2022 02:19:36,16.56,,,,,
1949,06/28/2022 02:24:36,16.43,,,,,
1950,06/28/2022 02:29:36,16.34,,,,,
1951,06/28/2022 02:34:36,16.39,,,,,
1952,06/28/2022 02:39:36,16.39,,,,,
1953,06/28/2022 02:44:36,16.39,,,,,
1954,06/28/2022 02:49:36,16.39,,,,,
1955,06/28/2022 02:54:36,16.47,,,,,
1956,06/28/2022 02:59:36,16.47,,,,,
1957,06/28/2022 03:04:36,16.51,,,,,
1958,06/28/2022 03:09:36,16.51,,,,,
1959,06/28/2022 03:14:36,16.47,,,,,
1960,06/28/2022 03:19:36,16.47,,,,,
1961,06/28/2022 03:24:36,16.39,,,,,
1962,06/28/2022 03:29:36,16.39,,,,,
1963,06/28/2022 03:34:36,16.26,,,,,
1964,06/28/2022 03:39:36,16.26,,,,,
1965,06/28/2022 03:44:36,16.21,,,,,
1966,06/28/2022 03:49:36,16.13,,,,,
1967,06/28/2022 03:54:36,16.08,,,,,
1968,06/28/2022 03:59:36,16.13,,,,,
1969,06/28/2022 04:04:36,16.08,,,,,
1970,06/28/2022 04:09:36,16.04,,,,,
1971,06/28/2022 04:14:36,16.00,,,,,
1972,06/28/2022 04:19:36,16.00,,,,,
1973,06/28/2022 04:24:36,15.96,,,,,
1974,06/28/2022 04:29:36,15.87,,,,,
1975,06/28/2022 04:34:36,15.87,,,,,
1976,06/28/2022 04:39:36,15.74,,,,,
1977,06/28/2022 04:44:36,15.74,,,,,
1978,06/28/2022 04:49:36,15.70,,,,,
1979,06/28/2022 04:54:36,15.61,,,,,
1980,06/28/2022 04:59:36,15.57,,,,,
1981,06/28/2022 05:04:36,15.53,,,,,
1982,06/28/2022 05:09:36,15.48,,,,,
1983,06/28/2022 05:14:36,15.40,,,,,
1984,06/28/2022 05:19:36,15.27,,,,,
1985,06/28/2022 05:24:36,15.31,,,,,
1986,06/28/2022 05:29:36,15.23,,,,,
1987,06/28/2022 05:34:36,15.23,,,,,
1988,06/28/2022 05:39:36,15.23,,,,,
1989,06/28/2022 05:44:36,15.23,,,,,
1990,06/28/2022 05:49:36,15.18,,,,,
1991,06/28/2022 05:54:36,15.23,,,,,
1992,06/28/2022 05:59:36,15.27,,,,,
1993,06/28/2022 06:04:36,15.36,,,,,
1994,06/28/2022 06:09:36,15.53,,,,,
1995,06/28/2022 06:14:36,15.61,,,,,
1996,06/28/2022 06:19:36,15.83,,,,,
1997,06/28/2022 06:24:36,16.00,,,,,
1998,06/28/2022 06:29:36,16.13,,,,,
1999,06/28/2022 06:34:36,16.26,,,,,
2000,06/28/2022 06:39:36,16.47,,,,,
2001,06/28/2022 06:44:36,16.73,,,,,
2002,06/28/2022 06:49:36,16.94,,,,,
2003,06/28/2022 06:54:36,17.24,,,,,
2004,06/28/2022 06:59:36,17.59,,,,,
2005,06/28/2022 07:04:36,17.84,,,,,
2006,06/28/2022 07:09:36,18.14,,,,,
2007,06/28/2022 07:14:36,18.57,,,,,
2008,06/28/2022 07:19:36,19.05,,,,,
2009,06/28/2022 07:24:36,19.52,,,,,
2010,06/28/2022 07:29:36,19.99,,,,,
2011,06/28/2022 07:34:36,20.46,,,,,
2012,06/28/2022 07:39:36,21.15,,,,,
2013,06/28/2022 07:44:36,21.66,,,,,
2014,06/28/2022 07:49:36,22.22,,,,,
2015,06/28/2022 07:54:36,22.82,,,,,
2016,06/28/2022 07:59:36,23.38,,,,,
2017,06/28/2022 08:04:36,23.98,,,,,
2018,06/28/2022 08:09:36,24.75,,,,,
2019,06/28/2022 08:14:36,25.31,,,,,
2020,06/28/2022 08:19:36,25.95,,,,,
2021,06/28/2022 08:24:36,26.64,,,,,
2022,06/28/2022 08:29:36,27.11,,,,,
2023,06/28/2022 08:34:36,27.45,,,,,
2024,06/28/2022 08:39:36,27.93,,,,,
2025,06/28/2022 08:44:36,28.18,,,,,
2026,06/28/2022 08:49:36,28.78,,,,,
2027,06/28/2022 08:54:36,29.26,,,,,
2028,06/28/2022 08:59:36,29.64,,,,,
2029,06/28/2022 09:04:36,29.86,,,,,
2030,06/28/2022 09:09:36,30.28,,,,,
2031,06/28/2022 09:14:36,30.54,,,,,
2032,06/28/2022 09:19:36,30.71,,,,,
2033,06/28/2022 09:24:36,31.44,,,,,
2034,06/28/2022 09:29:36,31.74,,,,,
2035,06/28/2022 09:34:36,31.74,,,,,
2036,06/28/2022 09:39:36,31.96,,,,,
2037,06/28/2022 09:44:36,32.22,,,,,
2038,06/28/2022 09:49:36,32.13,,,,,
2039,06/28/2022 09:54:36,32.34,,,,,
2040,06/28/2022 09:59:36,32.34,,,,,
2041,06/28/2022 10:04:36,32.77,,,,,
2042,06/28/2022 10:09:36,32.90,,,,,
2043,06/28/2022 10:14:36,32.86,,,,,
2044,06/28/2022 10:19:36,33.59,,,,,
2045,06/28/2022 10:24:36,34.02,,,,,
2046,06/28/2022 10:29:36,33.89,,,,,
2047,06/28/2022 10:34:36,34.40,,,,,
2048,06/28/2022 10:39:36,34.57,,,,,
2049,06/28/2022 10:44:36,34.10,,,,,
2050,06/28/2022 10:49:36,34.66,,,,,
2051,06/28/2022 10:54:36,35.00,,,,,
2052,06/28/2022 10:59:36,35.35,,,,,
2053,06/28/2022 11:04:36,35.43,,,,,
2054,06/28/2022 11:09:36,36.21,,,,,
2055,06/28/2022 11:14:36,36.81,,,,,
2056,06/28/2022 11:19:36,36.81,,,,,
2057,06/28/2022 11:24:36,37.11,,,,,
2058,06/28/2022 11:29:36,37.32,,,,,
2059,06/28/2022 11:34:36,37.45,,,,,
2060,06/28/2022 11:39:36,38.05,,,,,
2061,06/28/2022 11:44:36,38.26,,,,,
2062,06/28/2022 11:49:36,38.18,,,,,
2063,06/28/2022 11:54:36,38.56,,,,,
2064,06/28/2022 11:59:36,38.69,,,,,
2065,06/28/2022 12:04:36,38.91,,,,,
2066,06/28/2022 12:09:36,39.34,,,,,
2067,06/28/2022 12:14:36,38.99,,,,,
2068,06/28/2022 12:19:36,39.08,,,,,
2069,06/28/2022 12:24:36,39.25,,,,,
2070,06/28/2022 12:29:36,39.29,,,,,
2071,06/28/2022 12:34:36,39.34,,,,,
2072,06/28/2022 12:39:36,39.34,,,,,
2073,06/28/2022 12:44:36,39.34,,,,,
2074,06/28/2022 12:49:36,39.89,,,,,
2075,06/28/2022 12:54:36,39.59,,,,,
2076,06/28/2022 12:59:36,39.77,,,,,
2077,06/28/2022 13:04:36,39.68,,,,,
2078,06/28/2022 13:09:36,39.59,,,,,
2079,06/28/2022 13:14:36,39.72,,,,,
2080,06/28/2022 13:19:36,39.81,,,,,
2081,06/28/2022 13:24:36,40.07,,,,,
2082,06/28/2022 13:29:36,40.45,,,,,
2083,06/28/2022 13:34:36,40.67,,,,,
2084,06/28/2022 13:39:36,40.97,,,,,
2085,06/28/2022 13:44:36,41.01,,,,,
2086,06/28/2022 13:49:36,41.27,,,,,
2087,06/28/2022 13:54:36,41.65,,,,,
2088,06/28/2022 13:59:36,41.91,,,,,
2089,06/28/2022 14:04:36,41.70,,,,,
2090,06/28/2022 14:09:36,42.08,,,,,
2091,06/28/2022 14:14:36,42.00,,,,,
2092,06/28/2022 14:19:36,41.91,,,,,
2093,06/28/2022 14:24:36,42.17,,,,,
2094,06/28/2022 14:29:36,42.21,,,,,
2095,06/28/2022 14:34:36,42.34,,,,,
2096,06/28/2022 14:39:36,42.30,,,,,
2097,06/28/2022 14:44:36,42.55,,,,,
2098,06/28/2022 14:49:36,42.51,,,,,
2099,06/28/2022 14:54:36,42.25,,,,,
2100,06/28/2022 14:59:36,42.77,,,,,
2101,06/28/2022 15:04:36,42.68,,,,,
2102,06/28/2022 15:09:36,42.55,,,,,
2103,06/28/2022 15:14:36,42.55,,,,,
2104,06/28/2022 15:19:36,43.03,,,,,
2105,06/28/2022 15:24:36,43.11,,,,,
2106,06/28/2022 15:29:36,43.11,,,,,
2107,06/28/2022 15:34:36,43.03,,,,,
2108,06/28/2022 15:39:36,43.54,,,,,
2109,06/28/2022 15:44:36,43.54,,,,,
2110,06/28/2022 15:49:36,43.46,,,,,
2111,06/28/2022 15:54:36,43.41,,,,,
2112,06/28/2022 15:59:36,43.28,,,,,
2113,06/28/2022 16:04:36,42.98,,,,,
2114,06/28/2022 16:09:36,43.37,,,,,
2115,06/28/2022 16:14:36,43.24,,,,,
2116,06/28/2022 16:19:36,43.50,,,,,
2117,06/28/2022 16:24:36,43.16,,,,,
2118,06/28/2022 16:29:36,42.98,,,,,
2119,06/28/2022 16:34:36,43.46,,,,,
2120,06/28/2022 16:39:36,42.81,,,,,
2121,06/28/2022 16:44:36,42.13,,,,,
2122,06/28/2022 16:49:36,41.83,,,,,
2123,06/28/2022 16:54:36,41.48,,,,,
2124,06/28/2022 16:59:36,41.18,,,,,
2125,06/28/2022 17:04:36,40.80,,,,,
2126,06/28/2022 17:09:36,40.58,,,,,
2127,06/28/2022 17:14:36,40.11,,,,,
2128,06/28/2022 17:19:36,39.94,,,,,
2129,06/28/2022 17:24:36,39.51,,,,,
2130,06/28/2022 17:29:36,39.47,,,,,
2131,06/28/2022 17:34:36,39.47,,,,,
2132,06/28/2022 17:39:36,39.38,,,,,
2133,06/28/2022 17:44:36,39.47,,,,,
2134,06/28/2022 17:49:36,39.25,,,,,
2135,06/28/2022 17:54:36,38.95,,,,,
2136,06/28/2022 17:59:36,38.69,,,,,
2137,06/28/2022 18:04:36,38.44,,,,,
2138,06/28/2022 18:09:36,38.14,,,,,
2139,06/28/2022 18:14:36,37.92,,,,,
2140,06/28/2022 18:19:36,37.58,,,,,
2141,06/28/2022 18:24:36,37.11,,,,,
2142,06/28/2022 18:29:36,36.63,,,,,
2143,06/28/2022 18:34:36,36.08,,,,,
2144,06/28/2022 18:39:36,35.60,,,,,
2145,06/28/2022 18:44:36,35.09,,,,,
2146,06/28/2022 18:49:36,34.62,,,,,
2147,06/28/2022 18:54:36,34.19,,,,,
2148,06/28/2022 18:59:36,33.80,,,,,
2149,06/28/2022 19:04:36,33.46,,,,,
2150,06/28/2022 19:09:36,32.90,,,,,
2151,06/28/2022 19:14:36,32.39,,,,,
2152,06/28/2022 19:19:36,31.96,,,,,
2153,06/28/2022 19:24:36,31.49,,,,,
2154,06/28/2022 19:29:36,30.97,,,,,
2155,06/28/2022 19:34:36,30.46,,,,,
2156,06/28/2022 19:39:36,30.03,,,,,
2157,06/28/2022 19:44:36,29.60,,,,,
2158,06/28/2022 19:49:36,29.17,,,,,
2159,06/28/2022 19:54:36,28.74,,,,,
2160,06/28/2022 19:59:36,28.40,,,,,
2161,06/28/2022 20:04:36,28.10,,,,,
2162,06/28/2022 20:09:36,27.75,,,,,
2163,06/28/2022 20:14:36,27.45,,,,,
2164,06/28/2022 20:19:36,27.20,,,,,
2165,06/28/2022 20:24:36,26.98,,,,,
2166,06/28/2022 20:29:36,26.72,,,,,
2167,06/28/2022 20:34:36,26.42,,,,,
2168,06/28/2022 20:39:36,26.21,,,,,
2169,06/28/2022 20:44:36,25.95,,,,,
2170,06/28/2022 20:49:36,25.61,,,,,
2171,06/28/2022 20:54:36,25.35,,,,,
2172,06/28/2022 20:59:36,25.01,,,,,
2173,06/28/2022 21:04:36,24.62,,,,,
2174,06/28/2022 21:09:36,24.41,,,,,
2175,06/28/2022 21:14:36,24.19,,,,,
2176,06/28/2022 21:19:36,24.06,,,,,
2177,06/28/2022 21:24:36,23.94,,,,,
2178,06/28/2022 21:29:36,23.89,,,,,
2179,06/28/2022 21:34:36,23.76,,,,,
2180,06/28/2022 21:39:36,23.68,,,,,
2181,06/28/2022 21:44:36,23.51,,,,,
2182,06/28/2022 21:49:36,23.29,,,,,
2183,06/28/2022 21:54:36,23.03,,,,,
2184,06/28/2022 21:59:36,22.86,,,,,
2185,06/28/2022 22:04:36,22.73,,,,,
2186,06/28/2022 22:09:36,22.31,,,,,
2187,06/28/2022 22:14:36,22.18,,,,,
2188,06/28/2022 22:19:36,21.96,,,,,
2189,06/28/2022 22:24:36,21.70,,,,,
2190,06/28/2022 22:29:36,21.49,,,,,
2191,06/28/2022 22:34:36,21.28,,,,,
2192,06/28/2022 22:39:36,21.23,,,,,
2193,06/28/2022 22:44:36,21.19,,,,,
2194,06/28/2022 22:49:36,21.02,,,,,
2195,06/28/2022 22:54:36,20.80,,,,,
2196,06/28/2022 22:59:36,20.63,,,,,
2197,06/28/2022 23:04:36,20.29,,,,,
2198,06/28/2022 23:09:36,20.07,,,,,
2199,06/28/2022 23:14:36,19.73,,,,,
2200,06/28/2022 23:19:36,19.60,,,,,
2201,06/28/2022 23:24:36,19.39,,,,,
2202,06/28/2022 23:29:36,19.05,,,,,
2203,06/28/2022 23:34:36,18.87,,,,,
2204,06/28/2022 23:39:36,18.57,,,,,
2205,06/28/2022 23:44:36,18.36,,,,,
2206,06/28/2022 23:49:36,18.32,,,,,
2207,06/28/2022 23:54:36,18.32,,,,,
2208,06/28/2022 23:59:36,18.32,,,,,
2209,06/29/2022 00:04:36,18.19,,,,,
2210,06/29/2022 00:09:36,18.06,,,,,
2211,06/29/2022 00:14:36,18.02,,,,,
2212,06/29/2022 00:19:36,17.97,,,,,
2213,06/29/2022 00:24:36,17.97,,,,,
2214,06/29/2022 00:29:36,17.89,,,,,
2215,06/29/2022 00:34:36,17.84,,,,,
2216,06/29/2022 00:39:36,17.80,,,,,
2217,06/29/2022 00:44:36,17.76,,,,,
2218,06/29/2022 00:49:36,17.72,,,,,
2219,06/29/2022 00:54:36,17.59,,,,,
2220,06/29/2022 00:59:36,17.50,,,,,
2221,06/29/2022 01:04:36,17.33,,,,,
2222,06/29/2022 01:09:36,17.16,,,,,
2223,06/29/2022 01:14:36,16.94,,,,,
2224,06/29/2022 01:19:36,16.64,,,,,
2225,06/29/2022 01:24:36,16.39,,,,,
2226,06/29/2022 01:29:36,16.26,,,,,
2227,06/29/2022 01:34:36,16.13,,,,,
2228,06/29/2022 01:39:36,16.13,,,,,
2229,06/29/2022 01:44:36,16.34,,,,,
2230,06/29/2022 01:49:36,16.47,,,,,
2231,06/29/2022 01:54:36,16.43,,,,,
2232,06/29/2022 01:59:36,16.34,,,,,
2233,06/29/2022 02:04:36,16.17,,,,,
2234,06/29/2022 02:09:36,16.08,,,,,
2235,06/29/2022 02:14:36,15.91,,,,,
2236,06/29/2022 02:19:36,15.91,,,,,
2237,06/29/2022 02:24:36,15.87,,,,,
2238,06/29/2022 02:29:36,15.83,,,,,
2239,06/29/2022 02:34:36,15.83,,,,,
2240,06/29/2022 02:39:36,15.83,,,,,
2241,06/29/2022 02:44:36,15.78,,,,,
2242,06/29/2022 02:49:36,15.66,,,,,
2243,06/29/2022 02:54:36,15.61,,,,,
2244,06/29/2022 02:59:36,15.48,,,,,
2245,06/29/2022 03:04:36,15.44,,,,,
2246,06/29/2022 03:09:36,15.27,,,,,
2247,06/29/2022 03:14:36,15.27,,,,,
2248,06/29/2022 03:19:36,15.23,,,,,
2249,06/29/2022 03:24:36,15.10,,,,,
2250,06/29/2022 03:29:36,15.06,,,,,
2251,06/29/2022 03:34:36,14.97,,,,,
2252,06/29/2022 03:39:36,14.84,,,,,
2253,06/29/2022 03:44:36,14.75,,,,,
2254,06/29/2022 03:49:36,14.58,,,,,
2255,06/29/2022 03:54:36,14.45,,,,,
2256,06/29/2022 03:59:36,14.37,,,,,
2257,06/29/2022 04:04:36,14.28,,,,,
2258,06/29/2022 04:09:36,14.28,,,,,
2259,06/29/2022 04:14:36,14.24,,,,,
2260,06/29/2022 04:19:36,14.24,,,,,
2261,06/29/2022 04:24:36,14.11,,,,,
2262,06/29/2022 04:29:36,14.11,,,,,
2263,06/29/2022 04:34:36,14.03,,,,,
2264,06/29/2022 04:39:36,14.03,,,,,
2265,06/29/2022 04:44:36,13.94,,,,,
2266,06/29/2022 04:49:36,13.90,,,,,
2267,06/29/2022 04:54:36,13.85,,,,,
2268,06/29/2022 04:59:36,13.77,,,,,
2269,06/29/2022 05:04:36,13.60,,,,,
2270,06/29/2022 05:09:36,13.38,,,,,
2271,06/29/2022 05:14:36,13.21,,,,,
2272,06/29/2022 05:19:36,13.08,,,,,
2273,06/29/2022 05:24:36,13.00,,,,,
2274,06/29/2022 05:29:36,12.87,,,,,
2275,06/29/2022 05:34:36,12.78,,,,,
2276,06/29/2022 05:39:36,12.70,,,,,
2277,06/29/2022 05:44:36,12.57,,,,,
2278,06/29/2022 05:49:36,12.52,,,,,
2279,06/29/2022 05:54:36,12.61,,,,,
2280,06/29/2022 05:59:36,12.61,,,,,
2281,06/29/2022 06:04:36,12.52,,,,,
2282,06/29/2022 06:09:36,12.48,,,,,
2283,06/29/2022 06:14:36,12.57,,,,,
2284,06/29/2022 06:19:36,12.57,,,,,
2285,06/29/2022 06:24:36,12.70,,,,,
2286,06/29/2022 06:29:36,12.87,,,,,
2287,06/29/2022 06:34:36,13.00,,,,,
2288,06/29/2022 06:39:36,13.25,,,,,
2289,06/29/2022 06:44:36,13.51,,,,,
2290,06/29/2022 06:49:36,13.81,,,,,
2291,06/29/2022 06:54:36,14.03,,,,,
2292,06/29/2022 06:59:36,14.28,,,,,
2293,06/29/2022 07:04:36,14.54,,,,,
2294,06/29/2022 07:09:36,14.84,,,,,
2295,06/29/2022 07:14:36,15.06,,,,,
2296,06/29/2022 07:19:36,15.61,,,,,
2297,06/29/2022 07:24:36,16.04,,,,,
2298,06/29/2022 07:29:36,16.43,,,,,
2299,06/29/2022 07:34:36,16.94,,,,,
2300,06/29/2022 07:39:36,17.50,,,,,
2301,06/29/2022 07:44:36,18.19,,,,,
2302,06/29/2022 07:49:36,18.87,,,,,
2303,06/29/2022 07:54:36,19.52,,,,,
2304,06/29/2022 07:59:36,20.42,,,,,
2305,06/29/2022 08:04:36,21.02,,,,,
2306,06/29/2022 08:09:36,21.66,,,,,
2307,06/29/2022 08:14:36,22.01,,,,,
2308,06/29/2022 08:19:36,22.82,,,,,
2309,06/29/2022 08:24:36,23.38,,,,,
2310,06/29/2022 08:29:36,23.76,,,,,
2311,06/29/2022 08:34:36,24.62,,,,,
2312,06/29/2022 08:39:36,24.97,,,,,
2313,06/29/2022 08:44:36,25.69,,,,,
2314,06/29/2022 08:49:36,25.87,,,,,
2315,06/29/2022 08:54:36,26.55,,,,,
2316,06/29/2022 08:59:36,26.47,,,,,
2317,06/29/2022 09:04:36,26.77,,,,,
2318,06/29/2022 09:09:36,27.28,,,,,
2319,06/29/2022 09:14:36,27.84,,,,,
2320,06/29/2022 09:19:36,27.75,,,,,
2321,06/29/2022 09:24:36,28.48,,,,,
2322,06/29/2022 09:29:36,28.70,,,,,
2323,06/29/2022 09:34:36,29.13,,,,,
2324,06/29/2022 09:39:36,29.17,,,,,
2325,06/29/2022 09:44:36,29.64,,,,,
2326,06/29/2022 09:49:36,30.03,,,,,
2327,06/29/2022 09:54:36,30.20,,,,,
2328,06/29/2022 09:59:36,30.37,,,,,
2329,06/29/2022 10:04:36,30.63,,,,,
2330,06/29/2022 10:09:36,31.06,,,,,
2331,06/29/2022 10:14:36,31.31,,,,,
2332,06/29/2022 10:19:36,31.61,,,,,
2333,06/29/2022 10:24:36,32.00,,,,,
2334,06/29/2022 10:29:36,32.26,,,,,
2335,06/29/2022 10:34:36,32.39,,,,,
2336,06/29/2022 10:39:36,32.34,,,,,
2337,06/29/2022 10:44:36,32.94,,,,,
2338,06/29/2022 10:49:36,33.25,,,,,
2339,06/29/2022 10:54:36,33.80,,,,,
2340,06/29/2022 10:59:36,34.23,,,,,
2341,06/29/2022 11:04:36,34.19,,,,,
2342,06/29/2022 11:09:36,34.32,,,,,
2343,06/29/2022 11:14:36,34.40,,,,,
2344,06/29/2022 11:19:36,34.53,,,,,
2345,06/29/2022 11:24:36,34.49,,,,,
2346,06/29/2022 11:29:36,34.40,,,,,
2347,06/29/2022 11:34:36,34.10,,,,,
2348,06/29/2022 11:39:36,34.19,,,,,
2349,06/29/2022 11:44:36,34.49,,,,,
2350,06/29/2022 11:49:36,34.75,,,,,
2351,06/29/2022 11:54:36,34.92,,,,,
2352,06/29/2022 11:59:36,34.70,,,,,
2353,06/29/2022 12:04:36,34.83,,,,,
2354,06/29/2022 12:09:36,34.96,,,,,
2355,06/29/2022 12:14:36,34.75,,,,,
2356,06/29/2022 12:19:36,34.79,,,,,
2357,06/29/2022 12:24:36,34.88,,,,,
2358,06/29/2022 12:29:36,35.35,,,,,
2359,06/29/2022 12:34:36,35.18,,,,,
2360,06/29/2022 12:39:36,34.70,,,,,
2361,06/29/2022 12:44:36,34.70,,,,,
2362,06/29/2022 12:49:36,35.00,,,,,
2363,06/29/2022 12:54:36,35.22,,,,,
2364,06/29/2022 12:59:36,34.96,,,,,
2365,06/29/2022 13:04:36,35.13,,,,,
2366,06/29/2022 13:09:36,35.05,,,,,
2367,06/29/2022 13:14:36,35.09,,,,,
2368,06/29/2022 13:19:36,35.35,,,,,
2369,06/29/2022 13:24:36,35.43,,,,,
2370,06/29/2022 13:29:36,35.48,,,,,
2371,06/29/2022 13:34:36,35.52,,,,,
2372,06/29/2022 13:39:36,35.95,,,,,
2373,06/29/2022 13:44:36,36.16,,,,,
2374,06/29/2022 13:49:36,36.08,,,,,
2375,06/29/2022 13:54:36,35.99,,,,,
2376,06/29/2022 13:59:36,36.51,,,,,
2377,06/29/2022 14:04:36,36.85,,,,,
2378,06/29/2022 14:09:36,37.11,,,,,
2379,06/29/2022 14:14:36,37.23,,,,,
2380,06/29/2022 14:19:36,37.32,,,,,
2381,06/29/2022 14:24:36,37.11,,,,,
2382,06/29/2022 14:29:36,37.23,,,,,
2383,06/29/2022 14:34:36,37.19,,,,,
2384,06/29/2022 14:39:36,37.36,,,,,
2385,06/29/2022 14:44:36,37.32,,,,,
2386,06/29/2022 14:49:36,37.36,,,,,
2387,06/29/2022 14:54:36,37.41,,,,,
2388,06/29/2022 14:59:36,37.66,,,,,
2389,06/29/2022 15:04:36,38.01,,,,,
2390,06/29/2022 15:09:36,38.18,,,,,
2391,06/29/2022 15:14:36,38.31,,,,,
2392,06/29/2022 15:19:36,38.52,,,,,
2393,06/29/2022 15:24:36,38.18,,,,,
2394,06/29/2022 15:29:36,38.01,,,,,
2395,06/29/2022 15:34:36,37.62,,,,,
2396,06/29/2022 15:39:36,37.58,,,,,
2397,06/29/2022 15:44:36,37.79,,,,,
2398,06/29/2022 15:49:36,38.14,,,,,
2399,06/29/2022 15:54:36,38.14,,,,,
2400,06/29/2022 15:59:36,37.79,,,,,
2401,06/29/2022 16:04:36,37.58,,,,,
2402,06/29/2022 16:09:36,37.84,,,,,
2403,06/29/2022 16:14:36,37.54,,,,,
2404,06/29/2022 16:19:36,37.79,,,,,
2405,06/29/2022 16:24:36,37.62,,,,,
2406,06/29/2022 16:29:36,37.41,,,,,
2407,06/29/2022 16:34:36,37.75,,,,,
2408,06/29/2022 16:39:36,37.79,,,,,
2409,06/29/2022 16:44:36,37.62,,,,,
2410,06/29/2022 16:49:36,37.62,,,,,
2411,06/29/2022 16:54:36,37.49,,,,,
2412,06/29/2022 16:59:36,37.19,,,,,
2413,06/29/2022 17:04:36,37.19,,,,,
2414,06/29/2022 17:09:36,37.11,,,,,
2415,06/29/2022 17:14:36,36.85,,,,,
2416,06/29/2022 17:19:36,36.68,,,,,
2417,06/29/2022 17:24:36,36.55,,,,,
2418,06/29/2022 17:29:36,36.42,,,,,
2419,06/29/2022 17:34:36,36.33,,,,,
2420,06/29/2022 17:39:36,36.25,,,,,
2421,06/29/2022 17:44:36,35.99,,,,,
2422,06/29/2022 17:49:36,35.60,,,,,
2423,06/29/2022 17:54:36,35.18,,,,,
2424,06/29/2022 17:59:36,34.66,,,,,
2425,06/29/2022 18:04:36,34.57,,,,,
2426,06/29/2022 18:09:36,34.36,,,,,
2427,06/29/2022 18:14:36,33.85,,,,,
2428,06/29/2022 18:19:36,33.46,,,,,
2429,06/29/2022 18:24:36,32.69,,,,,
2430,06/29/2022 18:29:36,32.47,,,,,
2431,06/29/2022 18:34:36,32.04,,,,,
2432,06/29/2022 18:39:36,31.44,,,,,
2433,06/29/2022 18:44:36,30.84,,,,,
2434,06/29/2022 18:49:36,30.33,,,,,
2435,06/29/2022 18:54:36,29.90,,,,,
2436,06/29/2022 18:59:36,29.60,,,,,
2437,06/29/2022 19:04:36,29.04,,,,,
2438,06/29/2022 19:09:36,28.48,,,,,
2439,06/29/2022 19:14:36,28.14,,,,,
2440,06/29/2022 19:19:36,27.63,,,,,
2441,06/29/2022 19:24:36,27.24,,,,,
2442,06/29/2022 19:29:36,26.72,,,,,
2443,06/29/2022 19:34:36,26.34,,,,,
2444,06/29/2022 19:39:36,25.82,,,,,
2445,06/29/2022 19:44:36,25.52,,,,,
2446,06/29/2022 19:49:36,25.14,,,,,
2447,06/29/2022 19:54:36,24.66,,,,,
2448,06/29/2022 19:59:36,24.36,,,,,
2449,06/29/2022 20:04:36,24.02,,,,,
2450,06/29/2022 20:09:36,23.64,,,,,
2451,06/29/2022 20:14:36,23.38,,,,,
2452,06/29/2022 20:19:36,22.95,,,,,
2453,06/29/2022 20:24:36,22.61,,,,,
2454,06/29/2022 20:29:36,22.31,,,,,
2455,06/29/2022 20:34:36,22.01,,,,,
2456,06/29/2022 20:39:36,21.66,,,,,
2457,06/29/2022 20:44:36,21.36,,,,,
2458,06/29/2022 20:49:36,21.15,,,,,
2459,06/29/2022 20:54:36,20.85,,,,,
2460,06/29/2022 20:59:36,20.46,,,,,
2461,06/29/2022 21:04:36,20.12,,,,,
2462,06/29/2022 21:09:36,19.82,,,,,
2463,06/29/2022 21:14:36,19.56,,,,,
2464,06/29/2022 21:19:36,19.35,,,,,
2465,06/29/2022 21:24:36,19.13,,,,,
2466,06/29/2022 21:29:36,18.87,,,,,
2467,06/29/2022 21:34:36,18.70,,,,,
2468,06/29/2022 21:39:36,18.49,,,,,
2469,06/29/2022 21:44:36,18.36,,,,,
2470,06/29/2022 21:49:36,18.19,,,,,
2471,06/29/2022 21:54:36,17.97,,,,,
2472,06/29/2022 21:59:36,17.76,,,,,
2473,06/29/2022 22:04:36,17.59,,,,,
2474,06/29/2022 22:09:36,17.37,,,,,
2475,06/29/2022 22:14:36,17.20,,,,,
2476,06/29/2022 22:19:36,17.16,,,,,
2477,06/29/2022 22:24:36,16.99,,,,,
2478,06/29/2022 22:29:36,16.81,,,,,
2479,06/29/2022 22:34:36,16.73,,,,,
2480,06/29/2022 22:39:36,16.51,,,,,
2481,06/29/2022 22:44:36,16.30,,,,,
2482,06/29/2022 22:49:36,16.21,,,,,
2483,06/29/2022 22:54:36,16.08,,,,,
2484,06/29/2022 22:59:36,15.96,,,,,
2485,06/29/2022 23:04:36,15.91,,,,,
2486,06/29/2022 23:09:36,15.78,,,,,
2487,06/29/2022 23:14:36,15.70,,,,,
2488,06/29/2022 23:19:36,15.57,,,,,
2489,06/29/2022 23:24:36,15.48,,,,,
2490,06/29/2022 23:29:36,15.40,,,,,
2491,06/29/2022 23:34:36,15.31,,,,,
2492,06/29/2022 23:39:36,15.27,,,,,
2493,06/29/2022 23:44:36,15.23,,,,,
2494,06/29/2022 23:49:36,15.27,,,,,
2495,06/29/2022 23:54:36,15.23,,,,,
2496,06/29/2022 23:59:36,15.18,,,,,
2497,06/30/2022 00:04:36,15.06,,,,,
2498,06/30/2022 00:09:36,15.06,,,,,
2499,06/30/2022 00:14:36,14.97,,,,,
2500,06/30/2022 00:19:36,14.93,,,,,
2501,06/30/2022 00:24:36,14.93,,,,,
2502,06/30/2022 00:29:36,14.88,,,,,
2503,06/30/2022 00:34:36,14.88,,,,,
2504,06/30/2022 00:39:36,14.80,,,,,
2505,06/30/2022 00:44:36,14.75,,,,,
2506,06/30/2022 00:49:36,14.71,,,,,
2507,06/30/2022 00:54:36,14.75,,,,,
2508,06/30/2022 00:59:36,14.71,,,,,
2509,06/30/2022 01:04:36,14.75,,,,,
2510,06/30/2022 01:09:36,14.75,,,,,
2511,06/30/2022 01:14:36,14.75,,,,,
2512,06/30/2022 01:19:36,14.71,,,,,
2513,06/30/2022 01:24:36,14.67,,,,,
2514,06/30/2022 01:29:36,14.67,,,,,
2515,06/30/2022 01:34:36,14.63,,,,,
2516,06/30/2022 01:39:36,14.54,,,,,
2517,06/30/2022 01:44:36,14.50,,,,,
2518,06/30/2022 01:49:36,14.41,,,,,
2519,06/30/2022 01:54:36,14.33,,,,,
2520,06/30/2022 01:59:36,14.33,,,,,
2521,06/30/2022 02:04:36,14.33,,,,,
2522,06/30/2022 02:09:36,14.33,,,,,
2523,06/30/2022 02:14:36,14.24,,,,,
2524,06/30/2022 02:19:36,14.24,,,,,
2525,06/30/2022 02:24:36,14.20,,,,,
2526,06/30/2022 02:29:36,14.20,,,,,
2527,06/30/2022 02:34:36,14.20,,,,,
2528,06/30/2022 02:39:36,14.15,,,,,
2529,06/30/2022 02:44:36,14.07,,,,,
2530,06/30/2022 02:49:36,14.07,,,,,
2531,06/30/2022 02:54:36,14.03,,,,,
2532,06/30/2022 02:59:36,13.94,,,,,
2533,06/30/2022 03:04:36,13.94,,,,,
2534,06/30/2022 03:09:36,13.90,,,,,
2535,06/30/2022 03:14:36,13.77,,,,,
2536,06/30/2022 03:19:36,13.60,,,,,
2537,06/30/2022 03:24:36,13.55,,,,,
2538,06/30/2022 03:29:36,13.51,,,,,
2539,06/30/2022 03:34:36,13.38,,,,,
2540,06/30/2022 03:39:36,13.34,,,,,
2541,06/30/2022 03:44:36,13.30,,,,,
2542,06/30/2022 03:49:36,13.21,,,,,
2543,06/30/2022 03:54:36,13.21,,,,,
2544,06/30/2022 03:59:36,13.08,,,,,
2545,06/30/2022 04:04:36,13.00,,,,,
2546,06/30/2022 04:09:36,12.95,,,,,
2547,06/30/2022 04:14:36,12.82,,,,,
2548,06/30/2022 04:19:36,12.74,,,,,
2549,06/30/2022 04:24:36,12.65,,,,,
2550,06/30/2022 04:29:36,12.61,,,,,
2551,06/30/2022 04:34:36,12.52,,,,,
2552,06/30/2022 04:39:36,12.44,,,,,
2553,06/30/2022 04:44:36,12.40,,,,,
2554,06/30/2022 04:49:36,12.22,,,,,
2555,06/30/2022 04:54:36,12.22,,,,,
2556,06/30/2022 04:59:36,12.18,,,,,
2557,06/30/2022 05:04:36,12.18,,,,,
2558,06/30/2022 05:09:36,12.14,,,,,
2559,06/30/2022 05:14:36,12.05,,,,,
2560,06/30/2022 05:19:36,11.97,,,,,
2561,06/30/2022 05:24:36,11.92,,,,,
2562,06/30/2022 05:29:36,11.84,,,,,
2563,06/30/2022 05:34:36,11.79,,,,,
2564,06/30/2022 05:39:36,11.75,,,,,
2565,06/30/2022 05:44:36,11.71,,,,,
2566,06/30/2022 05:49:36,11.71,,,,,
2567,06/30/2022 05:54:36,11.67,,,,,
2568,06/30/2022 05:59:36,11.75,,,,,
2569,06/30/2022 06:04:36,11.75,,,,,
2570,06/30/2022 06:09:36,11.71,,,,,
2571,06/30/2022 06:14:36,11.79,,,,,
2572,06/30/2022 06:19:36,11.88,,,,,
2573,06/30/2022 06:24:36,12.01,,,,,
2574,06/30/2022 06:29:36,12.18,,,,,
2575,06/30/2022 06:34:36,12.35,,,,,
2576,06/30/2022 06:39:36,12.52,,,,,
2577,06/30/2022 06:44:36,12.70,,,,,
2578,06/30/2022 06:49:36,12.91,,,,,
2579,06/30/2022 06:54:36,13.17,,,,,
2580,06/30/2022 06:59:36,13.47,,,,,
2581,06/30/2022 07:04:36,13.68,,,,,
2582,06/30/2022 07:09:36,13.94,,,,,
2583,06/30/2022 07:14:36,14.15,,,,,
2584,06/30/2022 07:19:36,14.58,,,,,
2585,06/30/2022 07:24:36,14.93,,,,,
2586,06/30/2022 07:29:36,15.27,,,,,
2587,06/30/2022 07:34:36,15.66,,,,,
2588,06/30/2022 07:39:36,16.26,,,,,
2589,06/30/2022 07:44:36,16.86,,,,,
2590,06/30/2022 07:49:36,17.41,,,,,
2591,06/30/2022 07:54:36,18.19,,,,,
2592,06/30/2022 07:59:36,18.66,,,,,
2593,06/30/2022 08:04:36,19.13,,,,,
2594,06/30/2022 08:09:36,19.69,,,,,
2595,06/30/2022 08:14:36,20.07,,,,,
2596,06/30/2022 08:19:36,20.59,,,,,
2597,06/30/2022 08:24:36,21.06,,,,,
2598,06/30/2022 08:29:36,21.75,,,,,
2599,06/30/2022 08:34:36,22.09,,,,,
2600,06/30/2022 08:39:36,22.61,,,,,
2601,06/30/2022 08:44:36,22.95,,,,,
2602,06/30/2022 08:49:36,23.03,,,,,
2603,06/30/2022 08:54:36,23.94,,,,,
2604,06/30/2022 08:59:36,24.32,,,,,
2605,06/30/2022 09:04:36,24.54,,,,,
2606,06/30/2022 09:09:36,24.49,,,,,
2607,06/30/2022 09:14:36,24.71,,,,,
2608,06/30/2022 09:19:36,24.79,,,,,
2609,06/30/2022 09:24:36,24.97,,,,,
2610,06/30/2022 09:29:36,25.44,,,,,
2611,06/30/2022 09:34:36,25.52,,,,,
2612,06/30/2022 09:39:36,25.74,,,,,
2613,06/30/2022 09:44:36,26.34,,,,,
2614,06/30/2022 09:49:36,26.60,,,,,
2615,06/30/2022 09:54:36,26.81,,,,,
2616,06/30/2022 09:59:36,26.64,,,,,
2617,06/30/2022 10:04:36,26.47,,,,,
2618,06/30/2022 10:09:36,26.85,,,,,
2619,06/30/2022 10:14:36,27.20,,,,,
2620,06/30/2022 10:19:36,27.28,,,,,
2621,06/30/2022 10:24:36,27.32,,,,,
2622,06/30/2022 10:29:36,27.54,,,,,
2623,06/30/2022 10:34:36,27.45,,,,,
2624,06/30/2022 10:39:36,27.20,,,,,
2625,06/30/2022 10:44:36,27.41,,,,,
2626,06/30/2022 10:49:36,27.63,,,,,
2627,06/30/2022 10:54:36,27.67,,,,,
2628,06/30/2022 10:59:36,28.31,,,,,
2629,06/30/2022 11:04:36,28.53,,,,,
2630,06/30/2022 11:09:36,28.61,,,,,
2631,06/30/2022 11:14:36,29.30,,,,,
2632,06/30/2022 11:19:36,29.60,,,,,
2633,06/30/2022 11:24:36,30.28,,,,,
2634,06/30/2022 11:29:36,29.60,,,,,
2635,06/30/2022 11:34:36,29.68,,,,,
2636,06/30/2022 11:39:36,29.81,,,,,
2637,06/30/2022 11:44:36,30.33,,,,,
2638,06/30/2022 11:49:36,30.50,,,,,
2639,06/30/2022 11:54:36,30.24,,,,,
2640,06/30/2022 11:57:09,,Logged,Logged,,,
2641,06/30/2022 11:57:13,,,,Logged,,
2642,06/30/2022 11:57:30,,,,,Logged,Logged
