#,Date-Time (PDT),Ch: 1 - Temperature   (Â°C),Button Down,Button Up,Host Connected,Stopped,End of File
1,05/27/2023 13:55:14,32.47,,,,,
2,05/27/2023 14:00:14,31.87,,,,,
3,05/27/2023 14:05:14,31.14,,,,,
4,05/27/2023 14:10:14,30.80,,,,,
5,05/27/2023 14:15:14,30.46,,,,,
6,05/27/2023 14:20:14,30.37,,,,,
7,05/27/2023 14:25:14,30.41,,,,,
8,05/27/2023 14:30:14,30.20,,,,,
9,05/27/2023 14:35:14,30.03,,,,,
10,05/27/2023 14:40:14,29.94,,,,,
11,05/27/2023 14:45:14,29.90,,,,,
12,05/27/2023 14:50:14,29.81,,,,,
13,05/27/2023 14:55:14,29.68,,,,,
14,05/27/2023 15:00:14,29.68,,,,,
15,05/27/2023 15:05:14,29.60,,,,,
16,05/27/2023 15:10:14,29.73,,,,,
17,05/27/2023 15:15:14,29.77,,,,,
18,05/27/2023 15:20:14,29.86,,,,,
19,05/27/2023 15:25:14,29.90,,,,,
20,05/27/2023 15:30:14,29.94,,,,,
21,05/27/2023 15:35:14,29.98,,,,,
22,05/27/2023 15:40:14,30.03,,,,,
23,05/27/2023 15:45:14,30.16,,,,,
24,05/27/2023 15:50:14,30.20,,,,,
25,05/27/2023 15:55:14,30.28,,,,,
26,05/27/2023 16:00:14,30.28,,,,,
27,05/27/2023 16:05:14,30.33,,,,,
28,05/27/2023 16:10:14,30.37,,,,,
29,05/27/2023 16:15:14,30.41,,,,,
30,05/27/2023 16:20:14,30.37,,,,,
31,05/27/2023 16:25:14,30.33,,,,,
32,05/27/2023 16:30:14,30.24,,,,,
33,05/27/2023 16:35:14,30.16,,,,,
34,05/27/2023 16:40:14,29.98,,,,,
35,05/27/2023 16:45:14,29.81,,,,,
36,05/27/2023 16:50:14,29.60,,,,,
37,05/27/2023 16:55:14,29.38,,,,,
38,05/27/2023 17:00:14,29.21,,,,,
39,05/27/2023 17:05:14,29.04,,,,,
40,05/27/2023 17:10:14,28.87,,,,,
41,05/27/2023 17:15:14,28.70,,,,,
42,05/27/2023 17:20:14,28.53,,,,,
43,05/27/2023 17:25:14,28.35,,,,,
44,05/27/2023 17:30:14,28.27,,,,,
45,05/27/2023 17:35:14,28.05,,,,,
46,05/27/2023 17:40:14,27.97,,,,,
47,05/27/2023 17:45:14,27.80,,,,,
48,05/27/2023 17:50:14,27.63,,,,,
49,05/27/2023 17:55:14,27.50,,,,,
50,05/27/2023 18:00:14,27.41,,,,,
51,05/27/2023 18:05:14,27.32,,,,,
52,05/27/2023 18:10:14,27.20,,,,,
53,05/27/2023 18:15:14,27.02,,,,,
54,05/27/2023 18:20:14,26.94,,,,,
55,05/27/2023 18:25:14,26.81,,,,,
56,05/27/2023 18:30:14,26.64,,,,,
57,05/27/2023 18:35:14,26.55,,,,,
58,05/27/2023 18:40:14,26.34,,,,,
59,05/27/2023 18:45:14,26.17,,,,,
60,05/27/2023 18:50:14,26.08,,,,,
61,05/27/2023 18:55:14,25.99,,,,,
62,05/27/2023 19:00:14,25.87,,,,,
63,05/27/2023 19:05:14,25.74,,,,,
64,05/27/2023 19:10:14,25.57,,,,,
65,05/27/2023 19:15:14,25.35,,,,,
66,05/27/2023 19:20:14,25.18,,,,,
67,05/27/2023 19:25:14,25.01,,,,,
68,05/27/2023 19:30:14,24.84,,,,,
69,05/27/2023 19:35:14,24.58,,,,,
70,05/27/2023 19:40:14,24.32,,,,,
71,05/27/2023 19:45:14,24.11,,,,,
72,05/27/2023 19:50:14,23.89,,,,,
73,05/27/2023 19:55:14,23.59,,,,,
74,05/27/2023 20:00:14,23.29,,,,,
75,05/27/2023 20:05:14,22.95,,,,,
76,05/27/2023 20:10:14,22.69,,,,,
77,05/27/2023 20:15:14,22.35,,,,,
78,05/27/2023 20:20:14,22.09,,,,,
79,05/27/2023 20:25:14,21.75,,,,,
80,05/27/2023 20:30:14,21.45,,,,,
81,05/27/2023 20:35:14,21.10,,,,,
82,05/27/2023 20:40:14,20.85,,,,,
83,05/27/2023 20:45:14,20.55,,,,,
84,05/27/2023 20:50:14,20.33,,,,,
85,05/27/2023 20:55:14,20.12,,,,,
86,05/27/2023 21:00:14,19.82,,,,,
87,05/27/2023 21:05:14,19.56,,,,,
88,05/27/2023 21:10:14,19.35,,,,,
89,05/27/2023 21:15:14,19.09,,,,,
90,05/27/2023 21:20:14,18.92,,,,,
91,05/27/2023 21:25:14,18.70,,,,,
92,05/27/2023 21:30:14,18.49,,,,,
93,05/27/2023 21:35:14,18.27,,,,,
94,05/27/2023 21:40:14,18.06,,,,,
95,05/27/2023 21:45:14,17.89,,,,,
96,05/27/2023 21:50:14,17.76,,,,,
97,05/27/2023 21:55:14,17.59,,,,,
98,05/27/2023 22:00:14,17.46,,,,,
99,05/27/2023 22:05:14,17.33,,,,,
100,05/27/2023 22:10:14,17.20,,,,,
101,05/27/2023 22:15:14,17.07,,,,,
102,05/27/2023 22:20:14,16.99,,,,,
103,05/27/2023 22:25:14,16.86,,,,,
104,05/27/2023 22:30:14,16.77,,,,,
105,05/27/2023 22:35:14,16.64,,,,,
106,05/27/2023 22:40:14,16.56,,,,,
107,05/27/2023 22:45:14,16.39,,,,,
108,05/27/2023 22:50:14,16.26,,,,,
109,05/27/2023 22:55:14,16.21,,,,,
110,05/27/2023 23:00:14,16.08,,,,,
111,05/27/2023 23:05:14,16.00,,,,,
112,05/27/2023 23:10:14,15.83,,,,,
113,05/27/2023 23:15:14,15.74,,,,,
114,05/27/2023 23:20:14,15.61,,,,,
115,05/27/2023 23:25:14,15.57,,,,,
116,05/27/2023 23:30:14,15.53,,,,,
117,05/27/2023 23:35:14,15.40,,,,,
118,05/27/2023 23:40:14,15.31,,,,,
119,05/27/2023 23:45:14,15.23,,,,,
120,05/27/2023 23:50:14,15.14,,,,,
121,05/27/2023 23:55:14,15.06,,,,,
122,05/28/2023 00:00:14,14.97,,,,,
123,05/28/2023 00:05:14,14.93,,,,,
124,05/28/2023 00:10:14,14.80,,,,,
125,05/28/2023 00:15:14,14.71,,,,,
126,05/28/2023 00:20:14,14.67,,,,,
127,05/28/2023 00:25:14,14.63,,,,,
128,05/28/2023 00:30:14,14.58,,,,,
129,05/28/2023 00:35:14,14.50,,,,,
130,05/28/2023 00:40:14,14.54,,,,,
131,05/28/2023 00:45:14,14.50,,,,,
132,05/28/2023 00:50:14,14.45,,,,,
133,05/28/2023 00:55:14,14.37,,,,,
134,05/28/2023 01:00:14,14.33,,,,,
135,05/28/2023 01:05:14,14.33,,,,,
136,05/28/2023 01:10:14,14.28,,,,,
137,05/28/2023 01:15:14,14.24,,,,,
138,05/28/2023 01:20:14,14.24,,,,,
139,05/28/2023 01:25:14,14.20,,,,,
140,05/28/2023 01:30:14,14.20,,,,,
141,05/28/2023 01:35:14,14.11,,,,,
142,05/28/2023 01:40:14,14.07,,,,,
143,05/28/2023 01:45:14,14.11,,,,,
144,05/28/2023 01:50:14,14.07,,,,,
145,05/28/2023 01:55:14,14.07,,,,,
146,05/28/2023 02:00:14,14.03,,,,,
147,05/28/2023 02:05:14,13.94,,,,,
148,05/28/2023 02:10:14,13.98,,,,,
149,05/28/2023 02:15:14,13.98,,,,,
150,05/28/2023 02:20:14,13.98,,,,,
151,05/28/2023 02:25:14,14.03,,,,,
152,05/28/2023 02:30:14,14.03,,,,,
153,05/28/2023 02:35:14,14.07,,,,,
154,05/28/2023 02:40:14,14.07,,,,,
155,05/28/2023 02:45:14,14.11,,,,,
156,05/28/2023 02:50:14,14.11,,,,,
157,05/28/2023 02:55:14,14.15,,,,,
158,05/28/2023 03:00:14,14.20,,,,,
159,05/28/2023 03:05:14,14.24,,,,,
160,05/28/2023 03:10:14,14.24,,,,,
161,05/28/2023 03:15:14,14.24,,,,,
162,05/28/2023 03:20:14,14.33,,,,,
163,05/28/2023 03:25:14,14.33,,,,,
164,05/28/2023 03:30:14,14.33,,,,,
165,05/28/2023 03:35:14,14.41,,,,,
166,05/28/2023 03:40:14,14.33,,,,,
167,05/28/2023 03:45:14,14.37,,,,,
168,05/28/2023 03:50:14,14.37,,,,,
169,05/28/2023 03:55:14,14.41,,,,,
170,05/28/2023 04:00:14,14.33,,,,,
171,05/28/2023 04:05:14,14.33,,,,,
172,05/28/2023 04:10:14,14.37,,,,,
173,05/28/2023 04:15:14,14.37,,,,,
174,05/28/2023 04:20:14,14.41,,,,,
175,05/28/2023 04:25:14,14.45,,,,,
176,05/28/2023 04:30:14,14.45,,,,,
177,05/28/2023 04:35:14,14.45,,,,,
178,05/28/2023 04:40:14,14.45,,,,,
179,05/28/2023 04:45:14,14.50,,,,,
180,05/28/2023 04:50:14,14.50,,,,,
181,05/28/2023 04:55:14,14.58,,,,,
182,05/28/2023 05:00:14,14.67,,,,,
183,05/28/2023 05:05:14,14.71,,,,,
184,05/28/2023 05:10:14,14.71,,,,,
185,05/28/2023 05:15:14,14.75,,,,,
186,05/28/2023 05:20:14,14.80,,,,,
187,05/28/2023 05:25:14,14.80,,,,,
188,05/28/2023 05:30:14,14.80,,,,,
189,05/28/2023 05:35:14,14.84,,,,,
190,05/28/2023 05:40:14,14.75,,,,,
191,05/28/2023 05:45:14,14.80,,,,,
192,05/28/2023 05:50:14,14.80,,,,,
193,05/28/2023 05:55:14,14.84,,,,,
194,05/28/2023 06:00:14,14.84,,,,,
195,05/28/2023 06:05:14,14.80,,,,,
196,05/28/2023 06:10:14,14.75,,,,,
197,05/28/2023 06:15:14,14.75,,,,,
198,05/28/2023 06:20:14,14.71,,,,,
199,05/28/2023 06:25:14,14.71,,,,,
200,05/28/2023 06:30:14,14.80,,,,,
201,05/28/2023 06:35:14,14.75,,,,,
202,05/28/2023 06:40:14,14.80,,,,,
203,05/28/2023 06:45:14,14.75,,,,,
204,05/28/2023 06:50:14,14.80,,,,,
205,05/28/2023 06:55:14,14.88,,,,,
206,05/28/2023 07:00:14,14.84,,,,,
207,05/28/2023 07:05:14,14.93,,,,,
208,05/28/2023 07:10:14,14.97,,,,,
209,05/28/2023 07:15:14,15.01,,,,,
210,05/28/2023 07:20:14,15.10,,,,,
211,05/28/2023 07:25:14,15.18,,,,,
212,05/28/2023 07:30:14,15.27,,,,,
213,05/28/2023 07:35:14,15.31,,,,,
214,05/28/2023 07:40:14,15.40,,,,,
215,05/28/2023 07:45:14,15.48,,,,,
216,05/28/2023 07:50:14,15.57,,,,,
217,05/28/2023 07:55:14,15.66,,,,,
218,05/28/2023 08:00:14,15.74,,,,,
219,05/28/2023 08:05:14,15.83,,,,,
220,05/28/2023 08:10:14,15.96,,,,,
221,05/28/2023 08:15:14,16.13,,,,,
222,05/28/2023 08:20:14,16.39,,,,,
223,05/28/2023 08:25:14,16.51,,,,,
224,05/28/2023 08:30:14,16.64,,,,,
225,05/28/2023 08:35:14,16.81,,,,,
226,05/28/2023 08:40:14,16.99,,,,,
227,05/28/2023 08:45:14,17.16,,,,,
228,05/28/2023 08:50:14,17.37,,,,,
229,05/28/2023 08:55:14,17.63,,,,,
230,05/28/2023 09:00:14,17.89,,,,,
231,05/28/2023 09:05:14,18.23,,,,,
232,05/28/2023 09:10:14,18.57,,,,,
233,05/28/2023 09:15:14,18.87,,,,,
234,05/28/2023 09:20:14,19.00,,,,,
235,05/28/2023 09:25:14,19.26,,,,,
236,05/28/2023 09:30:14,19.47,,,,,
237,05/28/2023 09:35:14,19.73,,,,,
238,05/28/2023 09:40:14,20.03,,,,,
239,05/28/2023 09:45:14,20.37,,,,,
240,05/28/2023 09:50:14,20.63,,,,,
241,05/28/2023 09:55:14,20.85,,,,,
242,05/28/2023 10:00:14,20.98,,,,,
243,05/28/2023 10:05:14,21.15,,,,,
244,05/28/2023 10:10:14,21.19,,,,,
245,05/28/2023 10:15:14,21.28,,,,,
246,05/28/2023 10:20:14,21.36,,,,,
247,05/28/2023 10:25:14,21.45,,,,,
248,05/28/2023 10:30:14,21.58,,,,,
249,05/28/2023 10:35:14,21.66,,,,,
250,05/28/2023 10:40:14,21.75,,,,,
251,05/28/2023 10:45:14,21.88,,,,,
252,05/28/2023 10:50:14,22.09,,,,,
253,05/28/2023 10:55:14,22.26,,,,,
254,05/28/2023 11:00:14,22.56,,,,,
255,05/28/2023 11:05:14,22.82,,,,,
256,05/28/2023 11:10:14,23.12,,,,,
257,05/28/2023 11:15:14,23.38,,,,,
258,05/28/2023 11:20:14,23.55,,,,,
259,05/28/2023 11:25:14,23.64,,,,,
260,05/28/2023 11:30:14,23.68,,,,,
261,05/28/2023 11:35:14,23.85,,,,,
262,05/28/2023 11:40:14,24.02,,,,,
263,05/28/2023 11:45:14,24.24,,,,,
264,05/28/2023 11:50:14,24.41,,,,,
265,05/28/2023 11:55:14,24.49,,,,,
266,05/28/2023 12:00:14,24.45,,,,,
267,05/28/2023 12:05:14,24.45,,,,,
268,05/28/2023 12:10:14,24.49,,,,,
269,05/28/2023 12:15:14,24.58,,,,,
270,05/28/2023 12:20:14,24.71,,,,,
271,05/28/2023 12:25:14,24.97,,,,,
272,05/28/2023 12:30:14,25.18,,,,,
273,05/28/2023 12:35:14,25.48,,,,,
274,05/28/2023 12:40:14,25.69,,,,,
275,05/28/2023 12:45:14,25.87,,,,,
276,05/28/2023 12:50:14,26.08,,,,,
277,05/28/2023 12:55:14,26.38,,,,,
278,05/28/2023 13:00:14,26.68,,,,,
279,05/28/2023 13:05:14,26.94,,,,,
280,05/28/2023 13:10:14,27.20,,,,,
281,05/28/2023 13:15:14,27.37,,,,,
282,05/28/2023 13:20:14,27.54,,,,,
283,05/28/2023 13:25:14,27.71,,,,,
284,05/28/2023 13:30:14,27.97,,,,,
285,05/28/2023 13:35:14,28.10,,,,,
286,05/28/2023 13:40:14,28.27,,,,,
287,05/28/2023 13:45:14,28.31,,,,,
288,05/28/2023 13:50:14,28.57,,,,,
289,05/28/2023 13:55:14,28.74,,,,,
290,05/28/2023 14:00:14,28.91,,,,,
291,05/28/2023 14:05:14,29.00,,,,,
292,05/28/2023 14:10:14,29.00,,,,,
293,05/28/2023 14:15:14,29.21,,,,,
294,05/28/2023 14:20:14,29.56,,,,,
295,05/28/2023 14:25:14,29.94,,,,,
296,05/28/2023 14:30:14,30.03,,,,,
297,05/28/2023 14:35:14,30.11,,,,,
298,05/28/2023 14:40:14,30.07,,,,,
299,05/28/2023 14:45:14,30.28,,,,,
300,05/28/2023 14:50:14,30.33,,,,,
301,05/28/2023 14:55:14,30.20,,,,,
302,05/28/2023 15:00:14,30.07,,,,,
303,05/28/2023 15:05:14,29.73,,,,,
304,05/28/2023 15:10:14,29.47,,,,,
305,05/28/2023 15:15:14,29.21,,,,,
306,05/28/2023 15:20:14,29.04,,,,,
307,05/28/2023 15:25:14,28.87,,,,,
308,05/28/2023 15:30:14,28.74,,,,,
309,05/28/2023 15:35:14,28.65,,,,,
310,05/28/2023 15:40:14,28.61,,,,,
311,05/28/2023 15:45:14,28.35,,,,,
312,05/28/2023 15:50:14,28.18,,,,,
313,05/28/2023 15:55:14,28.01,,,,,
314,05/28/2023 16:00:14,27.80,,,,,
315,05/28/2023 16:05:14,27.58,,,,,
316,05/28/2023 16:10:14,27.41,,,,,
317,05/28/2023 16:15:14,27.28,,,,,
318,05/28/2023 16:20:14,27.20,,,,,
319,05/28/2023 16:25:14,27.20,,,,,
320,05/28/2023 16:30:14,27.24,,,,,
321,05/28/2023 16:35:14,27.20,,,,,
322,05/28/2023 16:40:14,27.15,,,,,
323,05/28/2023 16:45:14,27.11,,,,,
324,05/28/2023 16:50:14,27.07,,,,,
325,05/28/2023 16:55:14,26.98,,,,,
326,05/28/2023 17:00:14,27.02,,,,,
327,05/28/2023 17:05:14,26.94,,,,,
328,05/28/2023 17:10:14,26.94,,,,,
329,05/28/2023 17:15:14,26.81,,,,,
330,05/28/2023 17:20:14,26.72,,,,,
331,05/28/2023 17:25:14,26.60,,,,,
332,05/28/2023 17:30:14,26.60,,,,,
333,05/28/2023 17:35:14,26.55,,,,,
334,05/28/2023 17:40:14,26.42,,,,,
335,05/28/2023 17:45:14,26.30,,,,,
336,05/28/2023 17:50:14,26.04,,,,,
337,05/28/2023 17:55:14,25.82,,,,,
338,05/28/2023 18:00:14,25.57,,,,,
339,05/28/2023 18:05:14,25.27,,,,,
340,05/28/2023 18:10:14,24.97,,,,,
341,05/28/2023 18:15:14,24.75,,,,,
342,05/28/2023 18:20:14,24.45,,,,,
343,05/28/2023 18:25:14,24.19,,,,,
344,05/28/2023 18:30:14,23.94,,,,,
345,05/28/2023 18:35:14,23.68,,,,,
346,05/28/2023 18:40:14,23.51,,,,,
347,05/28/2023 18:45:14,23.38,,,,,
348,05/28/2023 18:50:14,23.21,,,,,
349,05/28/2023 18:55:14,23.12,,,,,
350,05/28/2023 19:00:14,23.03,,,,,
351,05/28/2023 19:05:14,22.91,,,,,
352,05/28/2023 19:10:14,22.82,,,,,
353,05/28/2023 19:15:14,22.78,,,,,
354,05/28/2023 19:20:14,22.73,,,,,
355,05/28/2023 19:25:14,22.69,,,,,
356,05/28/2023 19:30:14,22.56,,,,,
357,05/28/2023 19:35:14,22.43,,,,,
358,05/28/2023 19:40:14,22.35,,,,,
359,05/28/2023 19:45:14,22.22,,,,,
360,05/28/2023 19:50:14,22.01,,,,,
361,05/28/2023 19:55:14,21.83,,,,,
362,05/28/2023 20:00:14,21.66,,,,,
363,05/28/2023 20:05:14,21.49,,,,,
364,05/28/2023 20:10:14,21.36,,,,,
365,05/28/2023 20:15:14,21.06,,,,,
366,05/28/2023 20:20:14,20.93,,,,,
367,05/28/2023 20:25:14,20.68,,,,,
368,05/28/2023 20:30:14,20.42,,,,,
369,05/28/2023 20:35:14,20.25,,,,,
370,05/28/2023 20:40:14,20.03,,,,,
371,05/28/2023 20:45:14,19.82,,,,,
372,05/28/2023 20:50:14,19.65,,,,,
373,05/28/2023 20:55:14,19.47,,,,,
374,05/28/2023 21:00:14,19.30,,,,,
375,05/28/2023 21:05:14,19.13,,,,,
376,05/28/2023 21:10:14,18.92,,,,,
377,05/28/2023 21:15:14,18.70,,,,,
378,05/28/2023 21:20:14,18.49,,,,,
379,05/28/2023 21:25:14,18.27,,,,,
380,05/28/2023 21:30:14,17.97,,,,,
381,05/28/2023 21:35:14,17.76,,,,,
382,05/28/2023 21:40:14,17.46,,,,,
383,05/28/2023 21:45:14,17.20,,,,,
384,05/28/2023 21:50:14,16.99,,,,,
385,05/28/2023 21:55:14,16.81,,,,,
386,05/28/2023 22:00:14,16.64,,,,,
387,05/28/2023 22:05:14,16.43,,,,,
388,05/28/2023 22:10:14,16.30,,,,,
389,05/28/2023 22:15:14,16.08,,,,,
390,05/28/2023 22:20:14,15.96,,,,,
391,05/28/2023 22:25:14,15.83,,,,,
392,05/28/2023 22:30:14,15.74,,,,,
393,05/28/2023 22:35:14,15.61,,,,,
394,05/28/2023 22:40:14,15.53,,,,,
395,05/28/2023 22:45:14,15.44,,,,,
396,05/28/2023 22:50:14,15.36,,,,,
397,05/28/2023 22:55:14,15.23,,,,,
398,05/28/2023 23:00:14,15.14,,,,,
399,05/28/2023 23:05:14,15.01,,,,,
400,05/28/2023 23:10:14,14.93,,,,,
401,05/28/2023 23:15:14,14.88,,,,,
402,05/28/2023 23:20:14,14.84,,,,,
403,05/28/2023 23:25:14,14.75,,,,,
404,05/28/2023 23:30:14,14.71,,,,,
405,05/28/2023 23:35:14,14.58,,,,,
406,05/28/2023 23:40:14,14.50,,,,,
407,05/28/2023 23:45:14,14.50,,,,,
408,05/28/2023 23:50:14,14.37,,,,,
409,05/28/2023 23:55:14,14.33,,,,,
410,05/29/2023 00:00:14,14.28,,,,,
411,05/29/2023 00:05:14,14.28,,,,,
412,05/29/2023 00:10:14,14.28,,,,,
413,05/29/2023 00:15:14,14.28,,,,,
414,05/29/2023 00:20:14,14.28,,,,,
415,05/29/2023 00:25:14,14.28,,,,,
416,05/29/2023 00:30:14,14.28,,,,,
417,05/29/2023 00:35:14,14.33,,,,,
418,05/29/2023 00:40:14,14.28,,,,,
419,05/29/2023 00:45:14,14.24,,,,,
420,05/29/2023 00:50:14,14.20,,,,,
421,05/29/2023 00:55:14,14.11,,,,,
422,05/29/2023 01:00:14,14.11,,,,,
423,05/29/2023 01:05:14,14.11,,,,,
424,05/29/2023 01:10:14,14.11,,,,,
425,05/29/2023 01:15:14,14.07,,,,,
426,05/29/2023 01:20:14,14.11,,,,,
427,05/29/2023 01:25:14,14.11,,,,,
428,05/29/2023 01:30:14,14.15,,,,,
429,05/29/2023 01:35:14,14.15,,,,,
430,05/29/2023 01:40:14,14.15,,,,,
431,05/29/2023 01:45:14,14.11,,,,,
432,05/29/2023 01:50:14,14.15,,,,,
433,05/29/2023 01:55:14,14.15,,,,,
434,05/29/2023 02:00:14,14.07,,,,,
435,05/29/2023 02:05:14,14.03,,,,,
436,05/29/2023 02:10:14,13.90,,,,,
437,05/29/2023 02:15:14,13.85,,,,,
438,05/29/2023 02:20:14,13.68,,,,,
439,05/29/2023 02:25:14,13.64,,,,,
440,05/29/2023 02:30:14,13.51,,,,,
441,05/29/2023 02:35:14,13.47,,,,,
442,05/29/2023 02:40:14,13.34,,,,,
443,05/29/2023 02:45:14,13.30,,,,,
444,05/29/2023 02:50:14,13.12,,,,,
445,05/29/2023 02:55:14,13.04,,,,,
446,05/29/2023 03:00:14,13.00,,,,,
447,05/29/2023 03:05:14,12.91,,,,,
448,05/29/2023 03:10:14,12.78,,,,,
449,05/29/2023 03:15:14,12.70,,,,,
450,05/29/2023 03:20:14,12.61,,,,,
451,05/29/2023 03:25:14,12.48,,,,,
452,05/29/2023 03:30:14,12.35,,,,,
453,05/29/2023 03:35:14,12.40,,,,,
454,05/29/2023 03:40:14,12.31,,,,,
455,05/29/2023 03:45:14,12.31,,,,,
456,05/29/2023 03:50:14,12.27,,,,,
457,05/29/2023 03:55:14,12.18,,,,,
458,05/29/2023 04:00:14,12.10,,,,,
459,05/29/2023 04:05:14,12.10,,,,,
460,05/29/2023 04:10:14,12.01,,,,,
461,05/29/2023 04:15:14,12.01,,,,,
462,05/29/2023 04:20:14,11.92,,,,,
463,05/29/2023 04:25:14,11.84,,,,,
464,05/29/2023 04:30:14,11.79,,,,,
465,05/29/2023 04:35:14,11.75,,,,,
466,05/29/2023 04:40:14,11.75,,,,,
467,05/29/2023 04:45:14,11.67,,,,,
468,05/29/2023 04:50:14,11.62,,,,,
469,05/29/2023 04:55:14,11.58,,,,,
470,05/29/2023 05:00:14,11.58,,,,,
471,05/29/2023 05:05:14,11.58,,,,,
472,05/29/2023 05:10:14,11.54,,,,,
473,05/29/2023 05:15:14,11.54,,,,,
474,05/29/2023 05:20:14,11.58,,,,,
475,05/29/2023 05:25:14,11.49,,,,,
476,05/29/2023 05:30:14,11.49,,,,,
477,05/29/2023 05:35:14,11.45,,,,,
478,05/29/2023 05:40:14,11.41,,,,,
479,05/29/2023 05:45:14,11.37,,,,,
480,05/29/2023 05:50:14,11.37,,,,,
481,05/29/2023 05:55:14,11.32,,,,,
482,05/29/2023 06:00:14,11.28,,,,,
483,05/29/2023 06:05:14,11.24,,,,,
484,05/29/2023 06:10:14,11.24,,,,,
485,05/29/2023 06:15:14,11.15,,,,,
486,05/29/2023 06:20:14,11.15,,,,,
487,05/29/2023 06:25:14,11.11,,,,,
488,05/29/2023 06:30:14,11.15,,,,,
489,05/29/2023 06:35:14,11.19,,,,,
490,05/29/2023 06:40:14,11.19,,,,,
491,05/29/2023 06:45:14,11.24,,,,,
492,05/29/2023 06:50:14,11.32,,,,,
493,05/29/2023 06:55:14,11.49,,,,,
494,05/29/2023 07:00:14,11.58,,,,,
495,05/29/2023 07:05:14,11.79,,,,,
496,05/29/2023 07:10:14,12.05,,,,,
497,05/29/2023 07:15:14,12.27,,,,,
498,05/29/2023 07:20:14,12.48,,,,,
499,05/29/2023 07:25:14,12.74,,,,,
500,05/29/2023 07:30:14,12.87,,,,,
501,05/29/2023 07:35:14,13.08,,,,,
502,05/29/2023 07:40:14,13.34,,,,,
503,05/29/2023 07:45:14,13.55,,,,,
504,05/29/2023 07:50:14,13.73,,,,,
505,05/29/2023 07:55:14,13.98,,,,,
506,05/29/2023 08:00:14,14.24,,,,,
507,05/29/2023 08:05:14,14.45,,,,,
508,05/29/2023 08:10:14,14.71,,,,,
509,05/29/2023 08:15:14,14.97,,,,,
510,05/29/2023 08:20:14,15.27,,,,,
511,05/29/2023 08:25:14,15.61,,,,,
512,05/29/2023 08:30:14,16.00,,,,,
513,05/29/2023 08:35:14,16.69,,,,,
514,05/29/2023 08:40:14,17.37,,,,,
515,05/29/2023 08:45:14,18.19,,,,,
516,05/29/2023 08:50:14,19.05,,,,,
517,05/29/2023 08:55:14,19.86,,,,,
518,05/29/2023 09:00:14,20.63,,,,,
519,05/29/2023 09:05:14,21.19,,,,,
520,05/29/2023 09:10:14,21.66,,,,,
521,05/29/2023 09:15:14,22.01,,,,,
522,05/29/2023 09:20:14,22.39,,,,,
523,05/29/2023 09:25:14,22.78,,,,,
524,05/29/2023 09:30:14,22.99,,,,,
525,05/29/2023 09:35:14,23.12,,,,,
526,05/29/2023 09:40:14,23.25,,,,,
527,05/29/2023 09:45:14,23.34,,,,,
528,05/29/2023 09:50:14,23.46,,,,,
529,05/29/2023 09:55:14,23.68,,,,,
530,05/29/2023 10:00:14,24.11,,,,,
531,05/29/2023 10:05:14,24.71,,,,,
532,05/29/2023 10:10:14,25.22,,,,,
533,05/29/2023 10:15:14,25.87,,,,,
534,05/29/2023 10:20:14,26.51,,,,,
535,05/29/2023 10:25:14,27.11,,,,,
536,05/29/2023 10:30:14,27.45,,,,,
537,05/29/2023 10:35:14,27.84,,,,,
538,05/29/2023 10:40:14,27.88,,,,,
539,05/29/2023 10:45:14,28.05,,,,,
540,05/29/2023 10:50:14,28.01,,,,,
541,05/29/2023 10:55:14,28.14,,,,,
542,05/29/2023 11:00:14,28.35,,,,,
543,05/29/2023 11:05:14,28.70,,,,,
544,05/29/2023 11:10:14,29.00,,,,,
545,05/29/2023 11:15:14,28.78,,,,,
546,05/29/2023 11:20:14,28.57,,,,,
547,05/29/2023 11:25:14,28.48,,,,,
548,05/29/2023 11:30:14,28.48,,,,,
549,05/29/2023 11:35:14,28.27,,,,,
550,05/29/2023 11:40:14,28.57,,,,,
551,05/29/2023 11:45:14,29.00,,,,,
552,05/29/2023 11:50:14,29.51,,,,,
553,05/29/2023 11:55:14,30.07,,,,,
554,05/29/2023 12:00:14,30.50,,,,,
555,05/29/2023 12:05:14,30.84,,,,,
556,05/29/2023 12:10:14,31.06,,,,,
557,05/29/2023 12:15:14,31.19,,,,,
558,05/29/2023 12:20:14,31.31,,,,,
559,05/29/2023 12:25:14,31.44,,,,,
560,05/29/2023 12:30:14,31.27,,,,,
561,05/29/2023 12:35:14,30.97,,,,,
562,05/29/2023 12:40:14,30.59,,,,,
563,05/29/2023 12:45:14,30.03,,,,,
564,05/29/2023 12:50:14,29.73,,,,,
565,05/29/2023 12:55:14,29.30,,,,,
566,05/29/2023 13:00:14,29.08,,,,,
567,05/29/2023 13:05:14,29.00,,,,,
568,05/29/2023 13:10:14,29.00,,,,,
569,05/29/2023 13:15:14,28.78,,,,,
570,05/29/2023 13:20:14,28.70,,,,,
571,05/29/2023 13:25:14,28.70,,,,,
572,05/29/2023 13:30:14,28.70,,,,,
573,05/29/2023 13:35:14,28.61,,,,,
574,05/29/2023 13:40:14,28.57,,,,,
575,05/29/2023 13:45:14,28.65,,,,,
576,05/29/2023 13:50:14,28.87,,,,,
577,05/29/2023 13:55:14,29.04,,,,,
578,05/29/2023 14:00:14,29.38,,,,,
579,05/29/2023 14:05:14,29.73,,,,,
580,05/29/2023 14:10:14,30.03,,,,,
581,05/29/2023 14:15:14,30.24,,,,,
582,05/29/2023 14:20:14,30.54,,,,,
583,05/29/2023 14:25:14,30.67,,,,,
584,05/29/2023 14:30:14,30.71,,,,,
585,05/29/2023 14:35:14,30.89,,,,,
586,05/29/2023 14:40:14,30.93,,,,,
587,05/29/2023 14:45:14,31.06,,,,,
588,05/29/2023 14:50:14,31.06,,,,,
589,05/29/2023 14:55:14,31.14,,,,,
590,05/29/2023 15:00:14,31.23,,,,,
591,05/29/2023 15:05:14,31.36,,,,,
592,05/29/2023 15:10:14,31.49,,,,,
593,05/29/2023 15:15:14,31.66,,,,,
594,05/29/2023 15:20:14,31.83,,,,,
595,05/29/2023 15:25:14,31.96,,,,,
596,05/29/2023 15:30:14,31.96,,,,,
597,05/29/2023 15:35:14,31.96,,,,,
598,05/29/2023 15:40:14,31.92,,,,,
599,05/29/2023 15:45:14,31.92,,,,,
600,05/29/2023 15:50:14,31.87,,,,,
601,05/29/2023 15:55:14,31.79,,,,,
602,05/29/2023 16:00:14,31.70,,,,,
603,05/29/2023 16:05:14,31.66,,,,,
604,05/29/2023 16:10:14,31.53,,,,,
605,05/29/2023 16:15:14,31.49,,,,,
606,05/29/2023 16:20:14,31.31,,,,,
607,05/29/2023 16:25:14,31.19,,,,,
608,05/29/2023 16:30:14,30.97,,,,,
609,05/29/2023 16:35:14,30.63,,,,,
610,05/29/2023 16:40:14,30.41,,,,,
611,05/29/2023 16:45:14,30.11,,,,,
612,05/29/2023 16:50:14,29.81,,,,,
613,05/29/2023 16:55:14,29.56,,,,,
614,05/29/2023 17:00:14,29.26,,,,,
615,05/29/2023 17:05:14,28.91,,,,,
616,05/29/2023 17:10:14,28.57,,,,,
617,05/29/2023 17:15:14,28.18,,,,,
618,05/29/2023 17:20:14,27.84,,,,,
619,05/29/2023 17:25:14,27.58,,,,,
620,05/29/2023 17:30:14,27.24,,,,,
621,05/29/2023 17:35:14,26.98,,,,,
622,05/29/2023 17:40:14,26.72,,,,,
623,05/29/2023 17:45:14,26.47,,,,,
624,05/29/2023 17:50:14,26.25,,,,,
625,05/29/2023 17:55:14,26.12,,,,,
626,05/29/2023 18:00:14,25.91,,,,,
627,05/29/2023 18:05:14,25.74,,,,,
628,05/29/2023 18:10:14,25.57,,,,,
629,05/29/2023 18:15:14,25.44,,,,,
630,05/29/2023 18:20:14,25.22,,,,,
631,05/29/2023 18:25:14,25.09,,,,,
632,05/29/2023 18:30:14,24.97,,,,,
633,05/29/2023 18:35:14,24.79,,,,,
634,05/29/2023 18:40:14,24.62,,,,,
635,05/29/2023 18:45:14,24.45,,,,,
636,05/29/2023 18:50:14,24.32,,,,,
637,05/29/2023 18:55:14,24.06,,,,,
638,05/29/2023 19:00:14,23.89,,,,,
639,05/29/2023 19:05:14,23.68,,,,,
640,05/29/2023 19:10:14,23.42,,,,,
641,05/29/2023 19:15:14,23.25,,,,,
642,05/29/2023 19:20:14,23.03,,,,,
643,05/29/2023 19:25:14,22.78,,,,,
644,05/29/2023 19:30:14,22.56,,,,,
645,05/29/2023 19:35:14,22.26,,,,,
646,05/29/2023 19:40:14,22.09,,,,,
647,05/29/2023 19:45:14,21.79,,,,,
648,05/29/2023 19:50:14,21.58,,,,,
649,05/29/2023 19:55:14,21.36,,,,,
650,05/29/2023 20:00:14,21.10,,,,,
651,05/29/2023 20:05:14,20.89,,,,,
652,05/29/2023 20:10:14,20.63,,,,,
653,05/29/2023 20:15:14,20.37,,,,,
654,05/29/2023 20:20:14,20.12,,,,,
655,05/29/2023 20:25:14,19.90,,,,,
656,05/29/2023 20:30:14,19.65,,,,,
657,05/29/2023 20:35:14,19.47,,,,,
658,05/29/2023 20:40:14,19.26,,,,,
659,05/29/2023 20:45:14,19.00,,,,,
660,05/29/2023 20:50:14,18.79,,,,,
661,05/29/2023 20:55:14,18.62,,,,,
662,05/29/2023 21:00:14,18.36,,,,,
663,05/29/2023 21:05:14,18.27,,,,,
664,05/29/2023 21:10:14,18.10,,,,,
665,05/29/2023 21:15:14,17.93,,,,,
666,05/29/2023 21:20:14,17.76,,,,,
667,05/29/2023 21:25:14,17.59,,,,,
668,05/29/2023 21:30:14,17.41,,,,,
669,05/29/2023 21:35:14,17.24,,,,,
670,05/29/2023 21:40:14,17.07,,,,,
671,05/29/2023 21:45:14,16.99,,,,,
672,05/29/2023 21:50:14,16.77,,,,,
673,05/29/2023 21:55:14,16.69,,,,,
674,05/29/2023 22:00:14,16.56,,,,,
675,05/29/2023 22:05:14,16.47,,,,,
676,05/29/2023 22:10:14,16.39,,,,,
677,05/29/2023 22:15:14,16.34,,,,,
678,05/29/2023 22:20:14,16.26,,,,,
679,05/29/2023 22:25:14,16.21,,,,,
680,05/29/2023 22:30:14,16.13,,,,,
681,05/29/2023 22:35:14,16.04,,,,,
682,05/29/2023 22:40:14,16.00,,,,,
683,05/29/2023 22:45:14,15.83,,,,,
684,05/29/2023 22:50:14,15.74,,,,,
685,05/29/2023 22:55:14,15.61,,,,,
686,05/29/2023 23:00:14,15.48,,,,,
687,05/29/2023 23:05:14,15.40,,,,,
688,05/29/2023 23:10:14,15.27,,,,,
689,05/29/2023 23:15:14,15.14,,,,,
690,05/29/2023 23:20:14,15.06,,,,,
691,05/29/2023 23:25:14,14.88,,,,,
692,05/29/2023 23:30:14,14.75,,,,,
693,05/29/2023 23:35:14,14.58,,,,,
694,05/29/2023 23:40:14,14.54,,,,,
695,05/29/2023 23:45:14,14.41,,,,,
696,05/29/2023 23:50:14,14.33,,,,,
697,05/29/2023 23:55:14,14.28,,,,,
698,05/30/2023 00:00:14,14.28,,,,,
699,05/30/2023 00:05:14,14.28,,,,,
700,05/30/2023 00:10:14,14.20,,,,,
701,05/30/2023 00:15:14,14.15,,,,,
702,05/30/2023 00:20:14,14.11,,,,,
703,05/30/2023 00:25:14,14.07,,,,,
704,05/30/2023 00:30:14,14.07,,,,,
705,05/30/2023 00:35:14,14.07,,,,,
706,05/30/2023 00:40:14,14.07,,,,,
707,05/30/2023 00:45:14,14.11,,,,,
708,05/30/2023 00:50:14,14.15,,,,,
709,05/30/2023 00:55:14,14.24,,,,,
710,05/30/2023 01:00:14,14.24,,,,,
711,05/30/2023 01:05:14,14.24,,,,,
712,05/30/2023 01:10:14,14.24,,,,,
713,05/30/2023 01:15:14,14.33,,,,,
714,05/30/2023 01:20:14,14.33,,,,,
715,05/30/2023 01:25:14,14.37,,,,,
716,05/30/2023 01:30:14,14.41,,,,,
717,05/30/2023 01:35:14,14.45,,,,,
718,05/30/2023 01:40:14,14.45,,,,,
719,05/30/2023 01:45:14,14.45,,,,,
720,05/30/2023 01:50:14,14.45,,,,,
721,05/30/2023 01:55:14,14.37,,,,,
722,05/30/2023 02:00:14,14.33,,,,,
723,05/30/2023 02:05:14,14.24,,,,,
724,05/30/2023 02:10:14,14.11,,,,,
725,05/30/2023 02:15:14,14.03,,,,,
726,05/30/2023 02:20:14,13.94,,,,,
727,05/30/2023 02:25:14,13.85,,,,,
728,05/30/2023 02:30:14,13.94,,,,,
729,05/30/2023 02:35:14,13.90,,,,,
730,05/30/2023 02:40:14,13.98,,,,,
731,05/30/2023 02:45:14,13.98,,,,,
732,05/30/2023 02:50:14,13.98,,,,,
733,05/30/2023 02:55:14,13.98,,,,,
734,05/30/2023 03:00:14,14.07,,,,,
735,05/30/2023 03:05:14,14.07,,,,,
736,05/30/2023 03:10:14,14.03,,,,,
737,05/30/2023 03:15:14,13.98,,,,,
738,05/30/2023 03:20:14,13.98,,,,,
739,05/30/2023 03:25:14,13.94,,,,,
740,05/30/2023 03:30:14,13.90,,,,,
741,05/30/2023 03:35:14,13.90,,,,,
742,05/30/2023 03:40:14,13.94,,,,,
743,05/30/2023 03:45:14,13.94,,,,,
744,05/30/2023 03:50:14,13.94,,,,,
745,05/30/2023 03:55:14,13.98,,,,,
746,05/30/2023 04:00:14,13.90,,,,,
747,05/30/2023 04:05:14,13.90,,,,,
748,05/30/2023 04:10:14,13.90,,,,,
749,05/30/2023 04:15:14,13.90,,,,,
750,05/30/2023 04:20:14,13.81,,,,,
751,05/30/2023 04:25:14,13.81,,,,,
752,05/30/2023 04:30:14,13.81,,,,,
753,05/30/2023 04:35:14,13.77,,,,,
754,05/30/2023 04:40:14,13.73,,,,,
755,05/30/2023 04:45:14,13.77,,,,,
756,05/30/2023 04:50:14,13.73,,,,,
757,05/30/2023 04:55:14,13.64,,,,,
758,05/30/2023 05:00:14,13.60,,,,,
759,05/30/2023 05:05:14,13.60,,,,,
760,05/30/2023 05:10:14,13.55,,,,,
761,05/30/2023 05:15:14,13.47,,,,,
762,05/30/2023 05:20:14,13.43,,,,,
763,05/30/2023 05:25:14,13.34,,,,,
764,05/30/2023 05:30:14,13.34,,,,,
765,05/30/2023 05:35:14,13.30,,,,,
766,05/30/2023 05:40:14,13.25,,,,,
767,05/30/2023 05:45:14,13.25,,,,,
768,05/30/2023 05:50:14,13.12,,,,,
769,05/30/2023 05:55:14,13.04,,,,,
770,05/30/2023 06:00:14,12.95,,,,,
771,05/30/2023 06:05:14,12.87,,,,,
772,05/30/2023 06:10:14,12.78,,,,,
773,05/30/2023 06:15:14,12.78,,,,,
774,05/30/2023 06:20:14,12.61,,,,,
775,05/30/2023 06:25:14,12.57,,,,,
776,05/30/2023 06:30:14,12.52,,,,,
777,05/30/2023 06:35:14,12.52,,,,,
778,05/30/2023 06:40:14,12.48,,,,,
779,05/30/2023 06:45:14,12.52,,,,,
780,05/30/2023 06:50:14,12.52,,,,,
781,05/30/2023 06:55:14,12.61,,,,,
782,05/30/2023 07:00:14,12.70,,,,,
783,05/30/2023 07:05:14,12.82,,,,,
784,05/30/2023 07:10:14,13.00,,,,,
785,05/30/2023 07:15:14,13.21,,,,,
786,05/30/2023 07:20:14,13.30,,,,,
787,05/30/2023 07:25:14,13.47,,,,,
788,05/30/2023 07:30:14,13.64,,,,,
789,05/30/2023 07:35:14,13.85,,,,,
790,05/30/2023 07:40:14,14.03,,,,,
791,05/30/2023 07:45:14,14.20,,,,,
792,05/30/2023 07:50:14,14.45,,,,,
793,05/30/2023 07:55:14,14.67,,,,,
794,05/30/2023 08:00:14,14.88,,,,,
795,05/30/2023 08:05:14,15.14,,,,,
796,05/30/2023 08:10:14,15.40,,,,,
797,05/30/2023 08:15:14,15.66,,,,,
798,05/30/2023 08:20:14,15.96,,,,,
799,05/30/2023 08:25:14,16.26,,,,,
800,05/30/2023 08:30:14,16.81,,,,,
801,05/30/2023 08:35:14,17.54,,,,,
802,05/30/2023 08:40:14,18.32,,,,,
803,05/30/2023 08:45:14,19.22,,,,,
804,05/30/2023 08:50:14,20.07,,,,,
805,05/30/2023 08:55:14,20.80,,,,,
806,05/30/2023 09:00:14,21.36,,,,,
807,05/30/2023 09:05:14,21.79,,,,,
808,05/30/2023 09:10:14,22.18,,,,,
809,05/30/2023 09:15:14,22.61,,,,,
810,05/30/2023 09:20:14,22.95,,,,,
811,05/30/2023 09:25:14,23.25,,,,,
812,05/30/2023 09:30:14,23.42,,,,,
813,05/30/2023 09:35:14,23.59,,,,,
814,05/30/2023 09:40:14,23.68,,,,,
815,05/30/2023 09:45:14,23.76,,,,,
816,05/30/2023 09:50:14,23.98,,,,,
817,05/30/2023 09:55:14,24.32,,,,,
818,05/30/2023 10:00:14,24.75,,,,,
819,05/30/2023 10:05:14,25.35,,,,,
820,05/30/2023 10:10:14,25.95,,,,,
821,05/30/2023 10:15:14,26.60,,,,,
822,05/30/2023 10:20:14,27.24,,,,,
823,05/30/2023 10:25:14,27.88,,,,,
824,05/30/2023 10:30:14,28.40,,,,,
825,05/30/2023 10:35:14,28.78,,,,,
826,05/30/2023 10:40:14,29.08,,,,,
827,05/30/2023 10:45:14,29.17,,,,,
828,05/30/2023 10:50:14,29.17,,,,,
829,05/30/2023 10:55:14,29.26,,,,,
830,05/30/2023 11:00:14,29.43,,,,,
831,05/30/2023 11:05:14,29.64,,,,,
832,05/30/2023 11:10:14,29.68,,,,,
833,05/30/2023 11:15:14,29.60,,,,,
834,05/30/2023 11:20:14,29.38,,,,,
835,05/30/2023 11:25:14,29.21,,,,,
836,05/30/2023 11:30:14,29.04,,,,,
837,05/30/2023 11:35:14,29.26,,,,,
838,05/30/2023 11:40:14,29.64,,,,,
839,05/30/2023 11:45:14,30.11,,,,,
840,05/30/2023 11:50:14,30.37,,,,,
841,05/30/2023 11:55:14,30.84,,,,,
842,05/30/2023 12:00:14,31.01,,,,,
843,05/30/2023 12:05:14,31.14,,,,,
844,05/30/2023 12:10:14,31.44,,,,,
845,05/30/2023 12:15:14,31.83,,,,,
846,05/30/2023 12:20:14,32.17,,,,,
847,05/30/2023 12:25:14,32.47,,,,,
848,05/30/2023 12:30:14,32.56,,,,,
849,05/30/2023 12:35:14,32.34,,,,,
850,05/30/2023 12:40:14,31.92,,,,,
851,05/30/2023 12:45:14,31.36,,,,,
852,05/30/2023 12:50:14,30.93,,,,,
853,05/30/2023 12:55:14,30.63,,,,,
854,05/30/2023 13:00:14,30.20,,,,,
855,05/30/2023 13:05:14,29.86,,,,,
856,05/30/2023 13:10:14,29.60,,,,,
857,05/30/2023 13:15:14,29.43,,,,,
858,05/30/2023 13:20:14,29.08,,,,,
859,05/30/2023 13:25:14,28.83,,,,,
860,05/30/2023 13:30:14,28.74,,,,,
861,05/30/2023 13:35:14,28.57,,,,,
862,05/30/2023 13:40:14,28.48,,,,,
863,05/30/2023 13:45:14,28.44,,,,,
864,05/30/2023 13:50:14,28.61,,,,,
865,05/30/2023 13:55:14,28.83,,,,,
866,05/30/2023 14:00:14,28.95,,,,,
867,05/30/2023 14:05:14,29.17,,,,,
868,05/30/2023 14:10:14,29.38,,,,,
869,05/30/2023 14:15:14,29.51,,,,,
870,05/30/2023 14:20:14,29.73,,,,,
871,05/30/2023 14:25:14,29.90,,,,,
872,05/30/2023 14:30:14,29.90,,,,,
873,05/30/2023 14:35:14,29.90,,,,,
874,05/30/2023 14:40:14,29.98,,,,,
875,05/30/2023 14:45:14,29.98,,,,,
876,05/30/2023 14:50:14,30.03,,,,,
877,05/30/2023 14:55:14,30.11,,,,,
878,05/30/2023 15:00:14,30.24,,,,,
879,05/30/2023 15:05:14,30.50,,,,,
880,05/30/2023 15:10:14,30.76,,,,,
881,05/30/2023 15:15:14,31.01,,,,,
882,05/30/2023 15:20:14,31.23,,,,,
883,05/30/2023 15:25:14,31.36,,,,,
884,05/30/2023 15:30:14,31.49,,,,,
885,05/30/2023 15:35:14,31.66,,,,,
886,05/30/2023 15:40:14,31.61,,,,,
887,05/30/2023 15:45:14,31.61,,,,,
888,05/30/2023 15:50:14,31.44,,,,,
889,05/30/2023 15:55:14,31.40,,,,,
890,05/30/2023 16:00:14,31.44,,,,,
891,05/30/2023 16:05:14,31.31,,,,,
892,05/30/2023 16:10:14,31.14,,,,,
893,05/30/2023 16:15:14,30.97,,,,,
894,05/30/2023 16:20:14,30.80,,,,,
895,05/30/2023 16:25:14,30.76,,,,,
896,05/30/2023 16:30:14,30.63,,,,,
897,05/30/2023 16:35:14,30.41,,,,,
898,05/30/2023 16:40:14,30.28,,,,,
899,05/30/2023 16:45:14,30.11,,,,,
900,05/30/2023 16:50:14,29.94,,,,,
901,05/30/2023 16:55:14,29.68,,,,,
902,05/30/2023 17:00:14,29.47,,,,,
903,05/30/2023 17:05:14,29.30,,,,,
904,05/30/2023 17:10:14,29.08,,,,,
905,05/30/2023 17:15:14,28.87,,,,,
906,05/30/2023 17:20:14,28.70,,,,,
907,05/30/2023 17:25:14,28.48,,,,,
908,05/30/2023 17:30:14,28.27,,,,,
909,05/30/2023 17:35:14,28.05,,,,,
910,05/30/2023 17:40:14,27.84,,,,,
911,05/30/2023 17:45:14,27.58,,,,,
912,05/30/2023 17:50:14,27.41,,,,,
913,05/30/2023 17:55:14,27.28,,,,,
914,05/30/2023 18:00:14,27.07,,,,,
915,05/30/2023 18:05:14,26.98,,,,,
916,05/30/2023 18:10:14,26.85,,,,,
917,05/30/2023 18:15:14,26.60,,,,,
918,05/30/2023 18:20:14,26.38,,,,,
919,05/30/2023 18:25:14,26.12,,,,,
920,05/30/2023 18:30:14,25.91,,,,,
921,05/30/2023 18:35:14,25.65,,,,,
922,05/30/2023 18:40:14,25.44,,,,,
923,05/30/2023 18:45:14,25.18,,,,,
924,05/30/2023 18:50:14,24.88,,,,,
925,05/30/2023 18:55:14,24.66,,,,,
926,05/30/2023 19:00:14,24.45,,,,,
927,05/30/2023 19:05:14,24.19,,,,,
928,05/30/2023 19:10:14,24.02,,,,,
929,05/30/2023 19:15:14,23.81,,,,,
930,05/30/2023 19:20:14,23.64,,,,,
931,05/30/2023 19:25:14,23.46,,,,,
932,05/30/2023 19:30:14,23.29,,,,,
933,05/30/2023 19:35:14,23.08,,,,,
934,05/30/2023 19:40:14,22.91,,,,,
935,05/30/2023 19:45:14,22.73,,,,,
936,05/30/2023 19:50:14,22.56,,,,,
937,05/30/2023 19:55:14,22.39,,,,,
938,05/30/2023 20:00:14,22.26,,,,,
939,05/30/2023 20:05:14,22.01,,,,,
940,05/30/2023 20:10:14,21.88,,,,,
941,05/30/2023 20:15:14,21.70,,,,,
942,05/30/2023 20:20:14,21.53,,,,,
943,05/30/2023 20:25:14,21.36,,,,,
944,05/30/2023 20:30:14,21.06,,,,,
945,05/30/2023 20:35:14,20.89,,,,,
946,05/30/2023 20:40:14,20.63,,,,,
947,05/30/2023 20:45:14,20.46,,,,,
948,05/30/2023 20:50:14,20.29,,,,,
949,05/30/2023 20:55:14,20.07,,,,,
950,05/30/2023 21:00:14,19.90,,,,,
951,05/30/2023 21:05:14,19.73,,,,,
952,05/30/2023 21:10:14,19.65,,,,,
953,05/30/2023 21:15:14,19.47,,,,,
954,05/30/2023 21:20:14,19.30,,,,,
955,05/30/2023 21:25:14,19.17,,,,,
956,05/30/2023 21:30:14,19.00,,,,,
957,05/30/2023 21:35:14,18.79,,,,,
958,05/30/2023 21:40:14,18.70,,,,,
959,05/30/2023 21:45:14,18.62,,,,,
960,05/30/2023 21:50:14,18.40,,,,,
961,05/30/2023 21:55:14,18.27,,,,,
962,05/30/2023 22:00:14,18.14,,,,,
963,05/30/2023 22:05:14,17.97,,,,,
964,05/30/2023 22:10:14,17.89,,,,,
965,05/30/2023 22:15:14,17.72,,,,,
966,05/30/2023 22:20:14,17.54,,,,,
967,05/30/2023 22:25:14,17.37,,,,,
968,05/30/2023 22:30:14,17.24,,,,,
969,05/30/2023 22:35:14,17.16,,,,,
970,05/30/2023 22:40:14,16.99,,,,,
971,05/30/2023 22:45:14,16.90,,,,,
972,05/30/2023 22:50:14,16.77,,,,,
973,05/30/2023 22:55:14,16.60,,,,,
974,05/30/2023 23:00:14,16.39,,,,,
975,05/30/2023 23:05:14,16.30,,,,,
976,05/30/2023 23:10:14,16.17,,,,,
977,05/30/2023 23:15:14,16.08,,,,,
978,05/30/2023 23:20:14,15.96,,,,,
979,05/30/2023 23:25:14,15.87,,,,,
980,05/30/2023 23:30:14,15.74,,,,,
981,05/30/2023 23:35:14,15.66,,,,,
982,05/30/2023 23:40:14,15.53,,,,,
983,05/30/2023 23:45:14,15.40,,,,,
984,05/30/2023 23:50:14,15.44,,,,,
985,05/30/2023 23:55:14,15.36,,,,,
986,05/31/2023 00:00:14,15.23,,,,,
987,05/31/2023 00:05:14,15.18,,,,,
988,05/31/2023 00:10:14,15.18,,,,,
989,05/31/2023 00:15:14,15.18,,,,,
990,05/31/2023 00:20:14,15.10,,,,,
991,05/31/2023 00:25:14,15.06,,,,,
992,05/31/2023 00:30:14,14.97,,,,,
993,05/31/2023 00:35:14,14.93,,,,,
994,05/31/2023 00:40:14,14.80,,,,,
995,05/31/2023 00:45:14,14.75,,,,,
996,05/31/2023 00:50:14,14.71,,,,,
997,05/31/2023 00:55:14,14.71,,,,,
998,05/31/2023 01:00:14,14.67,,,,,
999,05/31/2023 01:05:14,14.67,,,,,
1000,05/31/2023 01:10:14,14.63,,,,,
1001,05/31/2023 01:15:14,14.58,,,,,
1002,05/31/2023 01:20:14,14.54,,,,,
1003,05/31/2023 01:25:14,14.50,,,,,
1004,05/31/2023 01:30:14,14.45,,,,,
1005,05/31/2023 01:35:14,14.45,,,,,
1006,05/31/2023 01:40:14,14.37,,,,,
1007,05/31/2023 01:45:14,14.33,,,,,
1008,05/31/2023 01:50:14,14.33,,,,,
1009,05/31/2023 01:55:14,14.24,,,,,
1010,05/31/2023 02:00:14,14.24,,,,,
1011,05/31/2023 02:05:14,14.20,,,,,
1012,05/31/2023 02:10:14,14.15,,,,,
1013,05/31/2023 02:15:14,14.11,,,,,
1014,05/31/2023 02:20:14,14.07,,,,,
1015,05/31/2023 02:25:14,14.03,,,,,
1016,05/31/2023 02:30:14,13.98,,,,,
1017,05/31/2023 02:35:14,13.94,,,,,
1018,05/31/2023 02:40:14,13.85,,,,,
1019,05/31/2023 02:45:14,13.85,,,,,
1020,05/31/2023 02:50:14,13.85,,,,,
1021,05/31/2023 02:55:14,13.81,,,,,
1022,05/31/2023 03:00:14,13.77,,,,,
1023,05/31/2023 03:05:14,13.64,,,,,
1024,05/31/2023 03:10:14,13.55,,,,,
1025,05/31/2023 03:15:14,13.51,,,,,
1026,05/31/2023 03:20:14,13.43,,,,,
1027,05/31/2023 03:25:14,13.34,,,,,
1028,05/31/2023 03:30:14,13.21,,,,,
1029,05/31/2023 03:35:14,13.08,,,,,
1030,05/31/2023 03:40:14,13.04,,,,,
1031,05/31/2023 03:45:14,12.91,,,,,
1032,05/31/2023 03:50:14,12.78,,,,,
1033,05/31/2023 03:55:14,12.70,,,,,
1034,05/31/2023 04:00:14,12.57,,,,,
1035,05/31/2023 04:05:14,12.48,,,,,
1036,05/31/2023 04:10:14,12.35,,,,,
1037,05/31/2023 04:15:14,12.27,,,,,
1038,05/31/2023 04:20:14,12.18,,,,,
1039,05/31/2023 04:25:14,12.14,,,,,
1040,05/31/2023 04:30:14,12.05,,,,,
1041,05/31/2023 04:35:14,11.97,,,,,
1042,05/31/2023 04:40:14,11.92,,,,,
1043,05/31/2023 04:45:14,11.88,,,,,
1044,05/31/2023 04:50:14,11.84,,,,,
1045,05/31/2023 04:55:14,11.79,,,,,
1046,05/31/2023 05:00:14,11.71,,,,,
1047,05/31/2023 05:05:14,11.71,,,,,
1048,05/31/2023 05:10:14,11.75,,,,,
1049,05/31/2023 05:15:14,11.79,,,,,
1050,05/31/2023 05:20:14,11.79,,,,,
1051,05/31/2023 05:25:14,11.79,,,,,
1052,05/31/2023 05:30:14,11.79,,,,,
1053,05/31/2023 05:35:14,11.79,,,,,
1054,05/31/2023 05:40:14,11.79,,,,,
1055,05/31/2023 05:45:14,11.71,,,,,
1056,05/31/2023 05:50:14,11.75,,,,,
1057,05/31/2023 05:55:14,11.71,,,,,
1058,05/31/2023 06:00:14,11.67,,,,,
1059,05/31/2023 06:05:14,11.67,,,,,
1060,05/31/2023 06:10:14,11.62,,,,,
1061,05/31/2023 06:15:14,11.67,,,,,
1062,05/31/2023 06:20:14,11.62,,,,,
1063,05/31/2023 06:25:14,11.67,,,,,
1064,05/31/2023 06:30:14,11.67,,,,,
1065,05/31/2023 06:35:14,11.71,,,,,
1066,05/31/2023 06:40:14,11.79,,,,,
1067,05/31/2023 06:45:14,11.88,,,,,
1068,05/31/2023 06:50:14,11.97,,,,,
1069,05/31/2023 06:55:14,12.05,,,,,
1070,05/31/2023 07:00:14,12.18,,,,,
1071,05/31/2023 07:05:14,12.40,,,,,
1072,05/31/2023 07:10:14,12.52,,,,,
1073,05/31/2023 07:15:14,12.70,,,,,
1074,05/31/2023 07:20:14,12.82,,,,,
1075,05/31/2023 07:25:14,13.00,,,,,
1076,05/31/2023 07:30:14,13.12,,,,,
1077,05/31/2023 07:35:14,13.25,,,,,
1078,05/31/2023 07:40:14,13.43,,,,,
1079,05/31/2023 07:45:14,13.60,,,,,
1080,05/31/2023 07:50:14,13.77,,,,,
1081,05/31/2023 07:55:14,13.98,,,,,
1082,05/31/2023 08:00:14,14.11,,,,,
1083,05/31/2023 08:05:14,14.33,,,,,
1084,05/31/2023 08:10:14,14.58,,,,,
1085,05/31/2023 08:15:14,14.88,,,,,
1086,05/31/2023 08:20:14,15.10,,,,,
1087,05/31/2023 08:25:14,15.36,,,,,
1088,05/31/2023 08:30:14,15.78,,,,,
1089,05/31/2023 08:35:14,16.47,,,,,
1090,05/31/2023 08:40:14,17.20,,,,,
1091,05/31/2023 08:45:14,18.10,,,,,
1092,05/31/2023 08:50:14,19.00,,,,,
1093,05/31/2023 08:55:14,19.82,,,,,
1094,05/31/2023 09:00:14,20.37,,,,,
1095,05/31/2023 09:05:14,20.85,,,,,
1096,05/31/2023 09:10:14,21.15,,,,,
1097,05/31/2023 09:15:14,21.58,,,,,
1098,05/31/2023 09:20:14,21.83,,,,,
1099,05/31/2023 09:25:14,22.09,,,,,
1100,05/31/2023 09:30:14,22.13,,,,,
1101,05/31/2023 09:35:14,22.31,,,,,
1102,05/31/2023 09:40:14,22.52,,,,,
1103,05/31/2023 09:45:14,22.65,,,,,
1104,05/31/2023 09:50:14,22.86,,,,,
1105,05/31/2023 09:55:14,23.21,,,,,
1106,05/31/2023 10:00:14,23.76,,,,,
1107,05/31/2023 10:05:14,24.41,,,,,
1108,05/31/2023 10:10:14,24.97,,,,,
1109,05/31/2023 10:15:14,25.48,,,,,
1110,05/31/2023 10:20:14,26.08,,,,,
1111,05/31/2023 10:25:14,26.64,,,,,
1112,05/31/2023 10:30:14,26.90,,,,,
1113,05/31/2023 10:35:14,27.20,,,,,
1114,05/31/2023 10:40:14,27.45,,,,,
1115,05/31/2023 10:45:14,27.67,,,,,
1116,05/31/2023 10:50:14,27.71,,,,,
1117,05/31/2023 10:55:14,27.84,,,,,
1118,05/31/2023 11:00:14,28.18,,,,,
1119,05/31/2023 11:05:14,28.44,,,,,
1120,05/31/2023 11:10:14,28.61,,,,,
1121,05/31/2023 11:15:14,28.53,,,,,
1122,05/31/2023 11:20:14,28.10,,,,,
1123,05/31/2023 11:25:14,28.01,,,,,
1124,05/31/2023 11:30:14,27.97,,,,,
1125,05/31/2023 11:35:14,28.10,,,,,
1126,05/31/2023 11:40:14,28.40,,,,,
1127,05/31/2023 11:45:14,28.74,,,,,
1128,05/31/2023 11:50:14,29.17,,,,,
1129,05/31/2023 11:55:14,29.47,,,,,
1130,05/31/2023 12:00:14,29.77,,,,,
1131,05/31/2023 12:05:14,30.07,,,,,
1132,05/31/2023 12:10:14,30.33,,,,,
1133,05/31/2023 12:15:14,30.59,,,,,
1134,05/31/2023 12:20:14,30.80,,,,,
1135,05/31/2023 12:25:14,31.01,,,,,
1136,05/31/2023 12:30:14,31.14,,,,,
1137,05/31/2023 12:35:14,30.97,,,,,
1138,05/31/2023 12:40:14,30.41,,,,,
1139,05/31/2023 12:45:14,30.11,,,,,
1140,05/31/2023 12:50:14,29.73,,,,,
1141,05/31/2023 12:55:14,29.47,,,,,
1142,05/31/2023 13:00:14,29.04,,,,,
1143,05/31/2023 13:05:14,28.87,,,,,
1144,05/31/2023 13:10:14,28.70,,,,,
1145,05/31/2023 13:15:14,28.53,,,,,
1146,05/31/2023 13:20:14,28.44,,,,,
1147,05/31/2023 13:25:14,28.23,,,,,
1148,05/31/2023 13:30:14,28.05,,,,,
1149,05/31/2023 13:35:14,28.10,,,,,
1150,05/31/2023 13:40:14,28.01,,,,,
1151,05/31/2023 13:45:14,28.01,,,,,
1152,05/31/2023 13:50:14,28.14,,,,,
1153,05/31/2023 13:55:14,28.31,,,,,
1154,05/31/2023 14:00:14,28.57,,,,,
1155,05/31/2023 14:05:14,28.74,,,,,
1156,05/31/2023 14:10:14,29.08,,,,,
1157,05/31/2023 14:15:14,29.43,,,,,
1158,05/31/2023 14:20:14,29.56,,,,,
1159,05/31/2023 14:25:14,29.64,,,,,
1160,05/31/2023 14:30:14,29.60,,,,,
1161,05/31/2023 14:35:14,29.68,,,,,
1162,05/31/2023 14:40:14,29.73,,,,,
1163,05/31/2023 14:45:14,29.86,,,,,
1164,05/31/2023 14:50:14,29.77,,,,,
1165,05/31/2023 14:55:14,29.81,,,,,
1166,05/31/2023 15:00:14,29.81,,,,,
1167,05/31/2023 15:05:14,29.98,,,,,
1168,05/31/2023 15:10:14,30.20,,,,,
1169,05/31/2023 15:15:14,30.33,,,,,
1170,05/31/2023 15:20:14,30.37,,,,,
1171,05/31/2023 15:25:14,30.33,,,,,
1172,05/31/2023 15:30:14,30.24,,,,,
1173,05/31/2023 15:35:14,30.24,,,,,
1174,05/31/2023 15:40:14,30.33,,,,,
1175,05/31/2023 15:45:14,30.37,,,,,
1176,05/31/2023 15:50:14,30.33,,,,,
1177,05/31/2023 15:55:14,30.28,,,,,
1178,05/31/2023 16:00:14,30.33,,,,,
1179,05/31/2023 16:05:14,30.50,,,,,
1180,05/31/2023 16:10:14,30.50,,,,,
1181,05/31/2023 16:15:14,30.63,,,,,
1182,05/31/2023 16:20:14,30.63,,,,,
1183,05/31/2023 16:25:14,30.54,,,,,
1184,05/31/2023 16:30:14,30.41,,,,,
1185,05/31/2023 16:35:14,30.37,,,,,
1186,05/31/2023 16:40:14,30.28,,,,,
1187,05/31/2023 16:45:14,30.20,,,,,
1188,05/31/2023 16:50:14,29.94,,,,,
1189,05/31/2023 16:55:14,29.73,,,,,
1190,05/31/2023 17:00:14,29.47,,,,,
1191,05/31/2023 17:05:14,29.30,,,,,
1192,05/31/2023 17:10:14,29.08,,,,,
1193,05/31/2023 17:15:14,28.83,,,,,
1194,05/31/2023 17:20:14,28.61,,,,,
1195,05/31/2023 17:25:14,28.44,,,,,
1196,05/31/2023 17:30:14,28.35,,,,,
1197,05/31/2023 17:35:14,28.18,,,,,
1198,05/31/2023 17:40:14,28.05,,,,,
1199,05/31/2023 17:45:14,27.93,,,,,
1200,05/31/2023 17:50:14,27.84,,,,,
1201,05/31/2023 17:55:14,27.71,,,,,
1202,05/31/2023 18:00:14,27.54,,,,,
1203,05/31/2023 18:05:14,27.45,,,,,
1204,05/31/2023 18:10:14,27.28,,,,,
1205,05/31/2023 18:15:14,27.15,,,,,
1206,05/31/2023 18:20:14,27.02,,,,,
1207,05/31/2023 18:25:14,26.85,,,,,
1208,05/31/2023 18:30:14,26.68,,,,,
1209,05/31/2023 18:35:14,26.55,,,,,
1210,05/31/2023 18:40:14,26.34,,,,,
1211,05/31/2023 18:45:14,26.25,,,,,
1212,05/31/2023 18:50:14,26.08,,,,,
1213,05/31/2023 18:55:14,25.87,,,,,
1214,05/31/2023 19:00:14,25.69,,,,,
1215,05/31/2023 19:05:14,25.61,,,,,
1216,05/31/2023 19:10:14,25.44,,,,,
1217,05/31/2023 19:15:14,25.27,,,,,
1218,05/31/2023 19:20:14,25.09,,,,,
1219,05/31/2023 19:25:14,24.92,,,,,
1220,05/31/2023 19:30:14,24.66,,,,,
1221,05/31/2023 19:35:14,24.41,,,,,
1222,05/31/2023 19:40:14,24.19,,,,,
1223,05/31/2023 19:45:14,23.98,,,,,
1224,05/31/2023 19:50:14,23.72,,,,,
1225,05/31/2023 19:55:14,23.55,,,,,
1226,05/31/2023 20:00:14,23.29,,,,,
1227,05/31/2023 20:05:14,22.99,,,,,
1228,05/31/2023 20:10:14,22.69,,,,,
1229,05/31/2023 20:15:14,22.39,,,,,
1230,05/31/2023 20:20:14,22.01,,,,,
1231,05/31/2023 20:25:14,21.70,,,,,
1232,05/31/2023 20:30:14,21.36,,,,,
1233,05/31/2023 20:35:14,21.02,,,,,
1234,05/31/2023 20:40:14,20.76,,,,,
1235,05/31/2023 20:45:14,20.46,,,,,
1236,05/31/2023 20:50:14,20.12,,,,,
1237,05/31/2023 20:55:14,19.82,,,,,
1238,05/31/2023 21:00:14,19.56,,,,,
1239,05/31/2023 21:05:14,19.22,,,,,
1240,05/31/2023 21:10:14,18.96,,,,,
1241,05/31/2023 21:15:14,18.74,,,,,
1242,05/31/2023 21:20:14,18.53,,,,,
1243,05/31/2023 21:25:14,18.27,,,,,
1244,05/31/2023 21:30:14,18.06,,,,,
1245,05/31/2023 21:35:14,17.89,,,,,
1246,05/31/2023 21:40:14,17.63,,,,,
1247,05/31/2023 21:45:14,17.41,,,,,
1248,05/31/2023 21:50:14,17.29,,,,,
1249,05/31/2023 21:55:14,17.16,,,,,
1250,05/31/2023 22:00:14,16.94,,,,,
1251,05/31/2023 22:05:14,16.77,,,,,
1252,05/31/2023 22:10:14,16.64,,,,,
1253,05/31/2023 22:15:14,16.51,,,,,
1254,05/31/2023 22:20:14,16.39,,,,,
1255,05/31/2023 22:25:14,16.34,,,,,
1256,05/31/2023 22:30:14,16.21,,,,,
1257,05/31/2023 22:35:14,16.00,,,,,
1258,05/31/2023 22:40:14,15.91,,,,,
1259,05/31/2023 22:45:14,15.78,,,,,
1260,05/31/2023 22:50:14,15.74,,,,,
1261,05/31/2023 22:55:14,15.57,,,,,
1262,05/31/2023 23:00:14,15.48,,,,,
1263,05/31/2023 23:05:14,15.36,,,,,
1264,05/31/2023 23:10:14,15.27,,,,,
1265,05/31/2023 23:15:14,15.10,,,,,
1266,05/31/2023 23:20:14,15.01,,,,,
1267,05/31/2023 23:25:14,14.88,,,,,
1268,05/31/2023 23:30:14,14.80,,,,,
1269,05/31/2023 23:35:14,14.71,,,,,
1270,05/31/2023 23:40:14,14.67,,,,,
1271,05/31/2023 23:45:14,14.58,,,,,
1272,05/31/2023 23:50:14,14.50,,,,,
1273,05/31/2023 23:55:14,14.33,,,,,
1274,06/01/2023 00:00:14,14.28,,,,,
1275,06/01/2023 00:05:14,14.20,,,,,
1276,06/01/2023 00:10:14,14.15,,,,,
1277,06/01/2023 00:15:14,14.07,,,,,
1278,06/01/2023 00:20:14,13.98,,,,,
1279,06/01/2023 00:25:14,13.98,,,,,
1280,06/01/2023 00:30:14,13.90,,,,,
1281,06/01/2023 00:35:14,13.90,,,,,
1282,06/01/2023 00:40:14,13.77,,,,,
1283,06/01/2023 00:45:14,13.77,,,,,
1284,06/01/2023 00:50:14,13.64,,,,,
1285,06/01/2023 00:55:14,13.55,,,,,
1286,06/01/2023 01:00:14,13.47,,,,,
1287,06/01/2023 01:05:14,13.34,,,,,
1288,06/01/2023 01:10:14,13.30,,,,,
1289,06/01/2023 01:15:14,13.25,,,,,
1290,06/01/2023 01:20:14,13.12,,,,,
1291,06/01/2023 01:25:14,13.00,,,,,
1292,06/01/2023 01:30:14,12.91,,,,,
1293,06/01/2023 01:35:14,12.87,,,,,
1294,06/01/2023 01:40:14,12.82,,,,,
1295,06/01/2023 01:45:14,12.78,,,,,
1296,06/01/2023 01:50:14,12.70,,,,,
1297,06/01/2023 01:55:14,12.65,,,,,
1298,06/01/2023 02:00:14,12.61,,,,,
1299,06/01/2023 02:05:14,12.52,,,,,
1300,06/01/2023 02:10:14,12.44,,,,,
1301,06/01/2023 02:15:14,12.40,,,,,
1302,06/01/2023 02:20:14,12.31,,,,,
1303,06/01/2023 02:25:14,12.27,,,,,
1304,06/01/2023 02:30:14,12.27,,,,,
1305,06/01/2023 02:35:14,12.18,,,,,
1306,06/01/2023 02:40:14,12.14,,,,,
1307,06/01/2023 02:45:14,12.05,,,,,
1308,06/01/2023 02:50:14,12.01,,,,,
1309,06/01/2023 02:55:14,11.92,,,,,
1310,06/01/2023 03:00:14,11.84,,,,,
1311,06/01/2023 03:05:14,11.71,,,,,
1312,06/01/2023 03:10:14,11.67,,,,,
1313,06/01/2023 03:15:14,11.58,,,,,
1314,06/01/2023 03:20:14,11.54,,,,,
1315,06/01/2023 03:25:14,11.49,,,,,
1316,06/01/2023 03:30:14,11.41,,,,,
1317,06/01/2023 03:35:14,11.37,,,,,
1318,06/01/2023 03:40:14,11.24,,,,,
1319,06/01/2023 03:45:14,11.15,,,,,
1320,06/01/2023 03:50:14,10.98,,,,,
1321,06/01/2023 03:55:14,10.89,,,,,
1322,06/01/2023 04:00:14,10.77,,,,,
1323,06/01/2023 04:05:14,10.64,,,,,
1324,06/01/2023 04:10:14,10.55,,,,,
1325,06/01/2023 04:15:14,10.51,,,,,
1326,06/01/2023 04:20:14,10.42,,,,,
1327,06/01/2023 04:25:14,10.34,,,,,
1328,06/01/2023 04:30:14,10.25,,,,,
1329,06/01/2023 04:35:14,10.16,,,,,
1330,06/01/2023 04:40:14,10.08,,,,,
1331,06/01/2023 04:45:14,10.04,,,,,
1332,06/01/2023 04:50:14,9.95,,,,,
1333,06/01/2023 04:55:14,9.91,,,,,
1334,06/01/2023 05:00:14,9.82,,,,,
1335,06/01/2023 05:05:14,9.74,,,,,
1336,06/01/2023 05:10:14,9.74,,,,,
1337,06/01/2023 05:15:14,9.69,,,,,
1338,06/01/2023 05:20:14,9.61,,,,,
1339,06/01/2023 05:25:14,9.52,,,,,
1340,06/01/2023 05:30:14,9.52,,,,,
1341,06/01/2023 05:35:14,9.56,,,,,
1342,06/01/2023 05:40:14,9.48,,,,,
1343,06/01/2023 05:45:14,9.52,,,,,
1344,06/01/2023 05:50:14,9.56,,,,,
1345,06/01/2023 05:55:14,9.56,,,,,
1346,06/01/2023 06:00:14,9.56,,,,,
1347,06/01/2023 06:05:14,9.56,,,,,
1348,06/01/2023 06:10:14,9.61,,,,,
1349,06/01/2023 06:15:14,9.69,,,,,
1350,06/01/2023 06:20:14,9.74,,,,,
1351,06/01/2023 06:25:14,9.78,,,,,
1352,06/01/2023 06:30:14,9.91,,,,,
1353,06/01/2023 06:35:14,9.99,,,,,
1354,06/01/2023 06:40:14,10.16,,,,,
1355,06/01/2023 06:45:14,10.29,,,,,
1356,06/01/2023 06:50:14,10.38,,,,,
1357,06/01/2023 06:55:14,10.51,,,,,
1358,06/01/2023 07:00:14,10.68,,,,,
1359,06/01/2023 07:05:14,10.85,,,,,
1360,06/01/2023 07:10:14,11.07,,,,,
1361,06/01/2023 07:15:14,11.28,,,,,
1362,06/01/2023 07:20:14,11.49,,,,,
1363,06/01/2023 07:25:14,11.71,,,,,
1364,06/01/2023 07:30:14,12.01,,,,,
1365,06/01/2023 07:35:14,12.27,,,,,
1366,06/01/2023 07:40:14,12.52,,,,,
1367,06/01/2023 07:45:14,12.78,,,,,
1368,06/01/2023 07:50:14,13.12,,,,,
1369,06/01/2023 07:55:14,13.47,,,,,
1370,06/01/2023 08:00:14,13.77,,,,,
1371,06/01/2023 08:05:14,14.11,,,,,
1372,06/01/2023 08:10:14,14.45,,,,,
1373,06/01/2023 08:15:14,14.75,,,,,
1374,06/01/2023 08:20:14,15.10,,,,,
1375,06/01/2023 08:25:14,15.48,,,,,
1376,06/01/2023 08:30:14,15.96,,,,,
1377,06/01/2023 08:35:14,16.69,,,,,
1378,06/01/2023 08:40:14,17.59,,,,,
1379,06/01/2023 08:45:14,18.40,,,,,
1380,06/01/2023 08:50:14,19.22,,,,,
1381,06/01/2023 08:55:14,19.99,,,,,
1382,06/01/2023 09:00:14,20.63,,,,,
1383,06/01/2023 09:05:14,21.02,,,,,
1384,06/01/2023 09:10:14,21.40,,,,,
1385,06/01/2023 09:15:14,21.66,,,,,
1386,06/01/2023 09:20:14,22.01,,,,,
1387,06/01/2023 09:25:14,22.22,,,,,
1388,06/01/2023 09:30:14,22.35,,,,,
1389,06/01/2023 09:35:14,22.43,,,,,
1390,06/01/2023 09:40:14,22.65,,,,,
1391,06/01/2023 09:45:14,22.82,,,,,
1392,06/01/2023 09:50:14,23.12,,,,,
1393,06/01/2023 09:55:14,23.42,,,,,
1394,06/01/2023 10:00:14,23.64,,,,,
1395,06/01/2023 10:05:14,23.64,,,,,
1396,06/01/2023 10:06:40,,Logged,Logged,,,
1397,06/01/2023 10:06:42,,,,Logged,,
1398,06/01/2023 10:06:59,,,,,Logged,Logged
