#,Date-Time (PDT),Ch:1 - Temperature   (Â°C),Host Connected,Stopped,End of File
1,05/27/2023 13:56:22,31.70,,,
2,05/27/2023 14:01:22,31.36,,,
3,05/27/2023 14:06:22,30.20,,,
4,05/27/2023 14:11:22,29.86,,,
5,05/27/2023 14:16:22,29.60,,,
6,05/27/2023 14:21:22,29.98,,,
7,05/27/2023 14:26:22,30.16,,,
8,05/27/2023 14:31:22,30.11,,,
9,05/27/2023 14:36:22,30.16,,,
10,05/27/2023 14:41:22,30.03,,,
11,05/27/2023 14:46:22,29.94,,,
12,05/27/2023 14:51:22,29.81,,,
13,05/27/2023 14:56:22,30.46,,,
14,05/27/2023 15:01:22,30.28,,,
15,05/27/2023 15:06:22,30.59,,,
16,05/27/2023 15:11:22,31.01,,,
17,05/27/2023 15:16:22,30.93,,,
18,05/27/2023 15:21:22,30.84,,,
19,05/27/2023 15:26:22,31.06,,,
20,05/27/2023 15:31:22,30.84,,,
21,05/27/2023 15:36:22,31.06,,,
22,05/27/2023 15:41:22,31.10,,,
23,05/27/2023 15:46:22,31.14,,,
24,05/27/2023 15:51:22,30.93,,,
25,05/27/2023 15:56:22,30.63,,,
26,05/27/2023 16:01:22,30.59,,,
27,05/27/2023 16:06:22,30.54,,,
28,05/27/2023 16:11:22,30.20,,,
29,05/27/2023 16:16:22,29.90,,,
30,05/27/2023 16:21:22,29.43,,,
31,05/27/2023 16:26:22,29.21,,,
32,05/27/2023 16:31:22,28.78,,,
33,05/27/2023 16:36:22,28.35,,,
34,05/27/2023 16:41:22,27.93,,,
35,05/27/2023 16:46:22,27.84,,,
36,05/27/2023 16:51:22,27.80,,,
37,05/27/2023 16:56:22,27.63,,,
38,05/27/2023 17:01:22,27.67,,,
39,05/27/2023 17:06:22,27.50,,,
40,05/27/2023 17:11:22,27.32,,,
41,05/27/2023 17:16:22,27.11,,,
42,05/27/2023 17:21:22,27.15,,,
43,05/27/2023 17:26:22,27.07,,,
44,05/27/2023 17:31:22,26.94,,,
45,05/27/2023 17:36:22,26.77,,,
46,05/27/2023 17:41:22,26.64,,,
47,05/27/2023 17:46:22,26.55,,,
48,05/27/2023 17:51:22,26.47,,,
49,05/27/2023 17:56:22,26.47,,,
50,05/27/2023 18:01:22,26.25,,,
51,05/27/2023 18:06:22,26.25,,,
52,05/27/2023 18:11:22,26.17,,,
53,05/27/2023 18:16:22,26.04,,,
54,05/27/2023 18:21:22,25.95,,,
55,05/27/2023 18:26:22,25.74,,,
56,05/27/2023 18:31:22,25.61,,,
57,05/27/2023 18:36:22,25.48,,,
58,05/27/2023 18:41:22,25.31,,,
59,05/27/2023 18:46:22,25.05,,,
60,05/27/2023 18:51:22,24.84,,,
61,05/27/2023 18:56:22,24.58,,,
62,05/27/2023 19:01:22,24.36,,,
63,05/27/2023 19:06:22,24.19,,,
64,05/27/2023 19:11:22,24.06,,,
65,05/27/2023 19:16:22,23.98,,,
66,05/27/2023 19:21:22,23.85,,,
67,05/27/2023 19:26:22,23.59,,,
68,05/27/2023 19:31:22,23.12,,,
69,05/27/2023 19:36:22,22.69,,,
70,05/27/2023 19:41:22,22.26,,,
71,05/27/2023 19:46:22,21.83,,,
72,05/27/2023 19:51:22,21.58,,,
73,05/27/2023 19:56:22,21.23,,,
74,05/27/2023 20:01:22,20.93,,,
75,05/27/2023 20:06:22,20.46,,,
76,05/27/2023 20:11:22,20.07,,,
77,05/27/2023 20:16:22,19.86,,,
78,05/27/2023 20:21:22,19.56,,,
79,05/27/2023 20:26:22,19.22,,,
80,05/27/2023 20:31:22,19.00,,,
81,05/27/2023 20:36:22,18.70,,,
82,05/27/2023 20:41:22,18.44,,,
83,05/27/2023 20:46:22,18.27,,,
84,05/27/2023 20:51:22,18.02,,,
85,05/27/2023 20:56:22,17.80,,,
86,05/27/2023 21:01:22,17.63,,,
87,05/27/2023 21:06:22,17.50,,,
88,05/27/2023 21:11:22,17.24,,,
89,05/27/2023 21:16:22,17.07,,,
90,05/27/2023 21:21:22,16.94,,,
91,05/27/2023 21:26:22,16.69,,,
92,05/27/2023 21:31:22,16.60,,,
93,05/27/2023 21:36:22,16.47,,,
94,05/27/2023 21:41:22,16.21,,,
95,05/27/2023 21:46:22,16.13,,,
96,05/27/2023 21:51:22,16.00,,,
97,05/27/2023 21:56:22,15.91,,,
98,05/27/2023 22:01:22,15.78,,,
99,05/27/2023 22:06:22,15.66,,,
100,05/27/2023 22:11:22,15.57,,,
101,05/27/2023 22:16:22,15.44,,,
102,05/27/2023 22:21:22,15.31,,,
103,05/27/2023 22:26:22,15.27,,,
104,05/27/2023 22:31:22,15.10,,,
105,05/27/2023 22:36:22,15.01,,,
106,05/27/2023 22:41:22,15.01,,,
107,05/27/2023 22:46:22,14.88,,,
108,05/27/2023 22:51:22,14.80,,,
109,05/27/2023 22:56:22,14.67,,,
110,05/27/2023 23:01:22,14.63,,,
111,05/27/2023 23:06:22,14.54,,,
112,05/27/2023 23:11:22,14.45,,,
113,05/27/2023 23:16:22,14.41,,,
114,05/27/2023 23:21:22,14.28,,,
115,05/27/2023 23:26:22,14.20,,,
116,05/27/2023 23:31:22,14.20,,,
117,05/27/2023 23:36:22,14.11,,,
118,05/27/2023 23:41:22,14.07,,,
119,05/27/2023 23:46:22,14.07,,,
120,05/27/2023 23:51:22,13.98,,,
121,05/27/2023 23:56:22,13.98,,,
122,05/28/2023 00:01:22,13.90,,,
123,05/28/2023 00:06:22,13.90,,,
124,05/28/2023 00:11:22,13.85,,,
125,05/28/2023 00:16:22,13.85,,,
126,05/28/2023 00:21:22,13.77,,,
127,05/28/2023 00:26:22,13.77,,,
128,05/28/2023 00:31:22,13.73,,,
129,05/28/2023 00:36:22,13.73,,,
130,05/28/2023 00:41:22,13.68,,,
131,05/28/2023 00:46:22,13.64,,,
132,05/28/2023 00:51:22,13.73,,,
133,05/28/2023 00:56:22,13.73,,,
134,05/28/2023 01:01:22,13.64,,,
135,05/28/2023 01:06:22,13.64,,,
136,05/28/2023 01:11:22,13.60,,,
137,05/28/2023 01:16:22,13.60,,,
138,05/28/2023 01:21:22,13.64,,,
139,05/28/2023 01:26:22,13.64,,,
140,05/28/2023 01:31:22,13.60,,,
141,05/28/2023 01:36:22,13.60,,,
142,05/28/2023 01:41:22,13.60,,,
143,05/28/2023 01:46:22,13.60,,,
144,05/28/2023 01:51:22,13.55,,,
145,05/28/2023 01:56:22,13.60,,,
146,05/28/2023 02:01:22,13.64,,,
147,05/28/2023 02:06:22,13.64,,,
148,05/28/2023 02:11:22,13.68,,,
149,05/28/2023 02:16:22,13.68,,,
150,05/28/2023 02:21:22,13.77,,,
151,05/28/2023 02:26:22,13.81,,,
152,05/28/2023 02:31:22,13.77,,,
153,05/28/2023 02:36:22,13.85,,,
154,05/28/2023 02:41:22,13.90,,,
155,05/28/2023 02:46:22,13.90,,,
156,05/28/2023 02:51:22,13.90,,,
157,05/28/2023 02:56:22,13.85,,,
158,05/28/2023 03:01:22,13.94,,,
159,05/28/2023 03:06:22,13.90,,,
160,05/28/2023 03:11:22,13.90,,,
161,05/28/2023 03:16:22,13.94,,,
162,05/28/2023 03:21:22,13.85,,,
163,05/28/2023 03:26:22,13.81,,,
164,05/28/2023 03:31:22,13.85,,,
165,05/28/2023 03:36:22,13.81,,,
166,05/28/2023 03:41:22,13.81,,,
167,05/28/2023 03:46:22,13.85,,,
168,05/28/2023 03:51:22,13.94,,,
169,05/28/2023 03:56:22,13.98,,,
170,05/28/2023 04:01:22,13.98,,,
171,05/28/2023 04:06:22,14.07,,,
172,05/28/2023 04:11:22,14.15,,,
173,05/28/2023 04:16:22,14.15,,,
174,05/28/2023 04:21:22,14.07,,,
175,05/28/2023 04:26:22,14.15,,,
176,05/28/2023 04:31:22,14.15,,,
177,05/28/2023 04:36:22,14.20,,,
178,05/28/2023 04:41:22,14.15,,,
179,05/28/2023 04:46:22,14.28,,,
180,05/28/2023 04:51:22,14.33,,,
181,05/28/2023 04:56:22,14.28,,,
182,05/28/2023 05:01:22,14.28,,,
183,05/28/2023 05:06:22,14.33,,,
184,05/28/2023 05:11:22,14.37,,,
185,05/28/2023 05:16:22,14.37,,,
186,05/28/2023 05:21:22,14.33,,,
187,05/28/2023 05:26:22,14.37,,,
188,05/28/2023 05:31:22,14.37,,,
189,05/28/2023 05:36:22,14.33,,,
190,05/28/2023 05:41:22,14.37,,,
191,05/28/2023 05:46:22,14.41,,,
192,05/28/2023 05:51:22,14.37,,,
193,05/28/2023 05:56:22,14.37,,,
194,05/28/2023 06:01:22,14.33,,,
195,05/28/2023 06:06:22,14.24,,,
196,05/28/2023 06:11:22,14.28,,,
197,05/28/2023 06:16:22,14.28,,,
198,05/28/2023 06:21:22,14.33,,,
199,05/28/2023 06:26:22,14.33,,,
200,05/28/2023 06:31:22,14.33,,,
201,05/28/2023 06:36:22,14.37,,,
202,05/28/2023 06:41:22,14.37,,,
203,05/28/2023 06:46:22,14.41,,,
204,05/28/2023 06:51:22,14.50,,,
205,05/28/2023 06:56:22,14.50,,,
206,05/28/2023 07:01:22,14.54,,,
207,05/28/2023 07:06:22,14.63,,,
208,05/28/2023 07:11:22,14.67,,,
209,05/28/2023 07:16:22,14.67,,,
210,05/28/2023 07:21:22,14.71,,,
211,05/28/2023 07:26:22,14.84,,,
212,05/28/2023 07:31:22,14.93,,,
213,05/28/2023 07:36:22,15.06,,,
214,05/28/2023 07:41:22,15.10,,,
215,05/28/2023 07:46:22,15.06,,,
216,05/28/2023 07:51:22,15.31,,,
217,05/28/2023 07:56:22,15.48,,,
218,05/28/2023 08:01:22,15.66,,,
219,05/28/2023 08:06:22,15.87,,,
220,05/28/2023 08:11:22,16.04,,,
221,05/28/2023 08:16:22,16.21,,,
222,05/28/2023 08:21:22,16.17,,,
223,05/28/2023 08:26:22,16.43,,,
224,05/28/2023 08:31:22,16.60,,,
225,05/28/2023 08:36:22,16.60,,,
226,05/28/2023 08:41:22,16.77,,,
227,05/28/2023 08:46:22,17.03,,,
228,05/28/2023 08:51:22,17.54,,,
229,05/28/2023 08:56:22,17.93,,,
230,05/28/2023 09:01:22,18.23,,,
231,05/28/2023 09:06:22,18.49,,,
232,05/28/2023 09:11:22,18.06,,,
233,05/28/2023 09:16:22,18.32,,,
234,05/28/2023 09:21:22,18.66,,,
235,05/28/2023 09:26:22,18.83,,,
236,05/28/2023 09:31:22,19.26,,,
237,05/28/2023 09:36:22,19.56,,,
238,05/28/2023 09:41:22,19.69,,,
239,05/28/2023 09:46:22,19.60,,,
240,05/28/2023 09:51:22,19.73,,,
241,05/28/2023 09:56:22,19.56,,,
242,05/28/2023 10:01:22,19.56,,,
243,05/28/2023 10:06:22,19.65,,,
244,05/28/2023 10:11:22,19.69,,,
245,05/28/2023 10:16:22,19.56,,,
246,05/28/2023 10:21:22,19.90,,,
247,05/28/2023 10:26:22,20.16,,,
248,05/28/2023 10:31:22,20.16,,,
249,05/28/2023 10:36:22,20.29,,,
250,05/28/2023 10:41:22,20.46,,,
251,05/28/2023 10:46:22,21.06,,,
252,05/28/2023 10:51:22,21.36,,,
253,05/28/2023 10:56:22,21.75,,,
254,05/28/2023 11:01:22,22.13,,,
255,05/28/2023 11:06:22,22.18,,,
256,05/28/2023 11:11:22,22.18,,,
257,05/28/2023 11:16:22,21.88,,,
258,05/28/2023 11:21:22,21.83,,,
259,05/28/2023 11:26:22,22.31,,,
260,05/28/2023 11:31:22,22.56,,,
261,05/28/2023 11:36:22,22.82,,,
262,05/28/2023 11:41:22,23.08,,,
263,05/28/2023 11:46:22,23.38,,,
264,05/28/2023 11:51:22,23.03,,,
265,05/28/2023 11:56:22,22.86,,,
266,05/28/2023 12:01:22,22.86,,,
267,05/28/2023 12:06:22,23.03,,,
268,05/28/2023 12:11:22,23.21,,,
269,05/28/2023 12:16:22,23.64,,,
270,05/28/2023 12:21:22,24.19,,,
271,05/28/2023 12:26:22,24.71,,,
272,05/28/2023 12:31:22,25.05,,,
273,05/28/2023 12:36:22,25.22,,,
274,05/28/2023 12:41:22,25.78,,,
275,05/28/2023 12:46:22,26.21,,,
276,05/28/2023 12:51:22,27.11,,,
277,05/28/2023 12:56:22,28.01,,,
278,05/28/2023 13:01:22,27.28,,,
279,05/28/2023 13:06:22,26.81,,,
280,05/28/2023 13:11:22,27.32,,,
281,05/28/2023 13:16:22,27.75,,,
282,05/28/2023 13:21:22,28.14,,,
283,05/28/2023 13:26:22,28.65,,,
284,05/28/2023 13:31:22,28.35,,,
285,05/28/2023 13:36:22,27.67,,,
286,05/28/2023 13:41:22,27.71,,,
287,05/28/2023 13:46:22,28.65,,,
288,05/28/2023 13:51:22,28.31,,,
289,05/28/2023 13:56:22,27.97,,,
290,05/28/2023 14:01:22,28.01,,,
291,05/28/2023 14:06:22,28.18,,,
292,05/28/2023 14:11:22,29.90,,,
293,05/28/2023 14:16:22,30.07,,,
294,05/28/2023 14:21:22,31.06,,,
295,05/28/2023 14:26:22,31.61,,,
296,05/28/2023 14:31:22,31.70,,,
297,05/28/2023 14:36:22,31.23,,,
298,05/28/2023 14:41:22,30.33,,,
299,05/28/2023 14:46:22,29.43,,,
300,05/28/2023 14:51:22,28.31,,,
301,05/28/2023 14:56:22,27.80,,,
302,05/28/2023 15:01:22,27.45,,,
303,05/28/2023 15:06:22,27.32,,,
304,05/28/2023 15:11:22,27.02,,,
305,05/28/2023 15:16:22,26.81,,,
306,05/28/2023 15:21:22,27.41,,,
307,05/28/2023 15:26:22,27.45,,,
308,05/28/2023 15:31:22,28.01,,,
309,05/28/2023 15:36:22,26.98,,,
310,05/28/2023 15:41:22,26.77,,,
311,05/28/2023 15:46:22,26.60,,,
312,05/28/2023 15:51:22,26.51,,,
313,05/28/2023 15:56:22,26.30,,,
314,05/28/2023 16:01:22,25.82,,,
315,05/28/2023 16:06:22,25.52,,,
316,05/28/2023 16:11:22,25.52,,,
317,05/28/2023 16:16:22,25.99,,,
318,05/28/2023 16:21:22,26.90,,,
319,05/28/2023 16:26:22,26.81,,,
320,05/28/2023 16:31:22,26.30,,,
321,05/28/2023 16:36:22,26.38,,,
322,05/28/2023 16:41:22,26.47,,,
323,05/28/2023 16:46:22,26.47,,,
324,05/28/2023 16:51:22,26.21,,,
325,05/28/2023 16:56:22,26.30,,,
326,05/28/2023 17:01:22,25.69,,,
327,05/28/2023 17:06:22,25.27,,,
328,05/28/2023 17:11:22,25.18,,,
329,05/28/2023 17:16:22,25.22,,,
330,05/28/2023 17:21:22,25.44,,,
331,05/28/2023 17:26:22,25.65,,,
332,05/28/2023 17:31:22,25.39,,,
333,05/28/2023 17:36:22,24.79,,,
334,05/28/2023 17:41:22,24.49,,,
335,05/28/2023 17:46:22,23.94,,,
336,05/28/2023 17:51:22,23.42,,,
337,05/28/2023 17:56:22,22.99,,,
338,05/28/2023 18:01:22,22.82,,,
339,05/28/2023 18:06:22,22.65,,,
340,05/28/2023 18:11:22,22.52,,,
341,05/28/2023 18:16:22,22.13,,,
342,05/28/2023 18:21:22,21.79,,,
343,05/28/2023 18:26:22,21.66,,,
344,05/28/2023 18:31:22,21.58,,,
345,05/28/2023 18:36:22,21.70,,,
346,05/28/2023 18:41:22,21.75,,,
347,05/28/2023 18:46:22,21.75,,,
348,05/28/2023 18:51:22,21.70,,,
349,05/28/2023 18:56:22,21.66,,,
350,05/28/2023 19:01:22,21.62,,,
351,05/28/2023 19:06:22,21.66,,,
352,05/28/2023 19:11:22,21.62,,,
353,05/28/2023 19:16:22,21.53,,,
354,05/28/2023 19:21:22,21.40,,,
355,05/28/2023 19:26:22,21.36,,,
356,05/28/2023 19:31:22,21.28,,,
357,05/28/2023 19:36:22,21.10,,,
358,05/28/2023 19:41:22,20.85,,,
359,05/28/2023 19:46:22,20.63,,,
360,05/28/2023 19:51:22,20.33,,,
361,05/28/2023 19:56:22,20.03,,,
362,05/28/2023 20:01:22,19.86,,,
363,05/28/2023 20:06:22,19.73,,,
364,05/28/2023 20:11:22,19.39,,,
365,05/28/2023 20:16:22,19.13,,,
366,05/28/2023 20:21:22,18.96,,,
367,05/28/2023 20:26:22,18.79,,,
368,05/28/2023 20:31:22,18.57,,,
369,05/28/2023 20:36:22,18.36,,,
370,05/28/2023 20:41:22,18.27,,,
371,05/28/2023 20:46:22,18.10,,,
372,05/28/2023 20:51:22,17.97,,,
373,05/28/2023 20:56:22,17.72,,,
374,05/28/2023 21:01:22,17.41,,,
375,05/28/2023 21:06:22,17.16,,,
376,05/28/2023 21:11:22,16.81,,,
377,05/28/2023 21:16:22,16.56,,,
378,05/28/2023 21:21:22,16.30,,,
379,05/28/2023 21:26:22,16.17,,,
380,05/28/2023 21:31:22,16.00,,,
381,05/28/2023 21:36:22,15.70,,,
382,05/28/2023 21:41:22,15.57,,,
383,05/28/2023 21:46:22,15.44,,,
384,05/28/2023 21:51:22,15.27,,,
385,05/28/2023 21:56:22,15.10,,,
386,05/28/2023 22:01:22,14.97,,,
387,05/28/2023 22:06:22,14.80,,,
388,05/28/2023 22:11:22,14.75,,,
389,05/28/2023 22:16:22,14.67,,,
390,05/28/2023 22:21:22,14.58,,,
391,05/28/2023 22:26:22,14.50,,,
392,05/28/2023 22:31:22,14.41,,,
393,05/28/2023 22:36:22,14.33,,,
394,05/28/2023 22:41:22,14.24,,,
395,05/28/2023 22:46:22,14.11,,,
396,05/28/2023 22:51:22,14.07,,,
397,05/28/2023 22:56:22,14.03,,,
398,05/28/2023 23:01:22,13.98,,,
399,05/28/2023 23:06:22,13.94,,,
400,05/28/2023 23:11:22,13.85,,,
401,05/28/2023 23:16:22,13.85,,,
402,05/28/2023 23:21:22,13.81,,,
403,05/28/2023 23:26:22,13.85,,,
404,05/28/2023 23:31:22,13.77,,,
405,05/28/2023 23:36:22,13.68,,,
406,05/28/2023 23:41:22,13.68,,,
407,05/28/2023 23:46:22,13.60,,,
408,05/28/2023 23:51:22,13.60,,,
409,05/28/2023 23:56:22,13.55,,,
410,05/29/2023 00:01:22,13.60,,,
411,05/29/2023 00:06:22,13.51,,,
412,05/29/2023 00:11:22,13.47,,,
413,05/29/2023 00:16:22,13.43,,,
414,05/29/2023 00:21:22,13.47,,,
415,05/29/2023 00:26:22,13.43,,,
416,05/29/2023 00:31:22,13.47,,,
417,05/29/2023 00:36:22,13.43,,,
418,05/29/2023 00:41:22,13.47,,,
419,05/29/2023 00:46:22,13.47,,,
420,05/29/2023 00:51:22,13.47,,,
421,05/29/2023 00:56:22,13.51,,,
422,05/29/2023 01:01:22,13.55,,,
423,05/29/2023 01:06:22,13.68,,,
424,05/29/2023 01:11:22,13.77,,,
425,05/29/2023 01:16:22,13.73,,,
426,05/29/2023 01:21:22,13.77,,,
427,05/29/2023 01:26:22,13.77,,,
428,05/29/2023 01:31:22,13.68,,,
429,05/29/2023 01:36:22,13.68,,,
430,05/29/2023 01:41:22,13.60,,,
431,05/29/2023 01:46:22,13.47,,,
432,05/29/2023 01:51:22,13.34,,,
433,05/29/2023 01:56:22,13.21,,,
434,05/29/2023 02:01:22,13.12,,,
435,05/29/2023 02:06:22,13.00,,,
436,05/29/2023 02:11:22,12.82,,,
437,05/29/2023 02:16:22,12.78,,,
438,05/29/2023 02:21:22,12.65,,,
439,05/29/2023 02:26:22,12.57,,,
440,05/29/2023 02:31:22,12.48,,,
441,05/29/2023 02:36:22,12.35,,,
442,05/29/2023 02:41:22,12.31,,,
443,05/29/2023 02:46:22,12.31,,,
444,05/29/2023 02:51:22,12.22,,,
445,05/29/2023 02:56:22,12.14,,,
446,05/29/2023 03:01:22,12.05,,,
447,05/29/2023 03:06:22,12.05,,,
448,05/29/2023 03:11:22,12.01,,,
449,05/29/2023 03:16:22,11.97,,,
450,05/29/2023 03:21:22,11.92,,,
451,05/29/2023 03:26:22,11.88,,,
452,05/29/2023 03:31:22,11.84,,,
453,05/29/2023 03:36:22,11.75,,,
454,05/29/2023 03:41:22,11.67,,,
455,05/29/2023 03:46:22,11.67,,,
456,05/29/2023 03:51:22,11.67,,,
457,05/29/2023 03:56:22,11.58,,,
458,05/29/2023 04:01:22,11.54,,,
459,05/29/2023 04:06:22,11.41,,,
460,05/29/2023 04:11:22,11.37,,,
461,05/29/2023 04:16:22,11.41,,,
462,05/29/2023 04:21:22,11.37,,,
463,05/29/2023 04:26:22,11.28,,,
464,05/29/2023 04:31:22,11.32,,,
465,05/29/2023 04:36:22,11.24,,,
466,05/29/2023 04:41:22,11.24,,,
467,05/29/2023 04:46:22,11.19,,,
468,05/29/2023 04:51:22,11.24,,,
469,05/29/2023 04:56:22,11.37,,,
470,05/29/2023 05:01:22,11.45,,,
471,05/29/2023 05:06:22,11.37,,,
472,05/29/2023 05:11:22,11.28,,,
473,05/29/2023 05:16:22,11.19,,,
474,05/29/2023 05:21:22,11.19,,,
475,05/29/2023 05:26:22,11.11,,,
476,05/29/2023 05:31:22,11.11,,,
477,05/29/2023 05:36:22,11.07,,,
478,05/29/2023 05:41:22,11.02,,,
479,05/29/2023 05:46:22,10.94,,,
480,05/29/2023 05:51:22,10.85,,,
481,05/29/2023 05:56:22,10.89,,,
482,05/29/2023 06:01:22,10.85,,,
483,05/29/2023 06:06:22,10.89,,,
484,05/29/2023 06:11:22,10.85,,,
485,05/29/2023 06:16:22,10.89,,,
486,05/29/2023 06:21:22,10.94,,,
487,05/29/2023 06:26:22,10.98,,,
488,05/29/2023 06:31:22,11.07,,,
489,05/29/2023 06:36:22,11.07,,,
490,05/29/2023 06:41:22,11.15,,,
491,05/29/2023 06:46:22,11.32,,,
492,05/29/2023 06:51:22,11.54,,,
493,05/29/2023 06:56:22,11.79,,,
494,05/29/2023 07:01:22,12.05,,,
495,05/29/2023 07:06:22,12.31,,,
496,05/29/2023 07:11:22,12.52,,,
497,05/29/2023 07:16:22,12.74,,,
498,05/29/2023 07:21:22,12.91,,,
499,05/29/2023 07:26:22,13.17,,,
500,05/29/2023 07:31:22,13.43,,,
501,05/29/2023 07:36:22,13.68,,,
502,05/29/2023 07:41:22,13.94,,,
503,05/29/2023 07:46:22,14.24,,,
504,05/29/2023 07:51:22,14.54,,,
505,05/29/2023 07:56:22,14.88,,,
506,05/29/2023 08:01:22,15.23,,,
507,05/29/2023 08:06:22,15.66,,,
508,05/29/2023 08:11:22,16.00,,,
509,05/29/2023 08:16:22,16.21,,,
510,05/29/2023 08:21:22,16.60,,,
511,05/29/2023 08:26:22,16.99,,,
512,05/29/2023 08:31:22,17.41,,,
513,05/29/2023 08:36:22,17.93,,,
514,05/29/2023 08:41:22,18.27,,,
515,05/29/2023 08:46:22,18.40,,,
516,05/29/2023 08:51:22,18.96,,,
517,05/29/2023 08:56:22,19.17,,,
518,05/29/2023 09:01:22,19.77,,,
519,05/29/2023 09:06:22,20.16,,,
520,05/29/2023 09:11:22,20.12,,,
521,05/29/2023 09:16:22,20.42,,,
522,05/29/2023 09:21:22,20.80,,,
523,05/29/2023 09:26:22,21.10,,,
524,05/29/2023 09:31:22,20.98,,,
525,05/29/2023 09:36:22,21.06,,,
526,05/29/2023 09:41:22,21.15,,,
527,05/29/2023 09:46:22,21.70,,,
528,05/29/2023 09:51:22,22.01,,,
529,05/29/2023 09:56:22,22.13,,,
530,05/29/2023 10:01:22,22.13,,,
531,05/29/2023 10:06:22,22.39,,,
532,05/29/2023 10:11:22,22.52,,,
533,05/29/2023 10:16:22,22.91,,,
534,05/29/2023 10:21:22,23.25,,,
535,05/29/2023 10:26:22,23.42,,,
536,05/29/2023 10:31:22,23.76,,,
537,05/29/2023 10:36:22,23.85,,,
538,05/29/2023 10:41:22,24.24,,,
539,05/29/2023 10:46:22,24.19,,,
540,05/29/2023 10:51:22,24.66,,,
541,05/29/2023 10:56:22,24.84,,,
542,05/29/2023 11:01:22,25.14,,,
543,05/29/2023 11:06:22,25.27,,,
544,05/29/2023 11:11:22,25.61,,,
545,05/29/2023 11:16:22,25.61,,,
546,05/29/2023 11:21:22,25.61,,,
547,05/29/2023 11:26:22,25.74,,,
548,05/29/2023 11:31:22,25.99,,,
549,05/29/2023 11:36:22,26.60,,,
550,05/29/2023 11:41:22,26.94,,,
551,05/29/2023 11:46:22,27.54,,,
552,05/29/2023 11:51:22,27.71,,,
553,05/29/2023 11:56:22,27.84,,,
554,05/29/2023 12:01:22,28.05,,,
555,05/29/2023 12:06:22,28.48,,,
556,05/29/2023 12:11:22,28.27,,,
557,05/29/2023 12:16:22,28.35,,,
558,05/29/2023 12:21:22,28.61,,,
559,05/29/2023 12:26:22,28.65,,,
560,05/29/2023 12:31:22,28.65,,,
561,05/29/2023 12:36:22,28.78,,,
562,05/29/2023 12:41:22,28.70,,,
563,05/29/2023 12:46:22,28.57,,,
564,05/29/2023 12:51:22,28.70,,,
565,05/29/2023 12:56:22,29.00,,,
566,05/29/2023 13:01:22,29.17,,,
567,05/29/2023 13:06:22,29.13,,,
568,05/29/2023 13:11:22,28.74,,,
569,05/29/2023 13:16:22,28.70,,,
570,05/29/2023 13:21:22,28.83,,,
571,05/29/2023 13:26:22,29.34,,,
572,05/29/2023 13:31:22,29.34,,,
573,05/29/2023 13:36:22,29.30,,,
574,05/29/2023 13:41:22,29.51,,,
575,05/29/2023 13:46:22,29.64,,,
576,05/29/2023 13:51:22,29.77,,,
577,05/29/2023 13:56:22,30.07,,,
578,05/29/2023 14:01:22,30.46,,,
579,05/29/2023 14:06:22,30.67,,,
580,05/29/2023 14:11:22,30.41,,,
581,05/29/2023 14:16:22,30.89,,,
582,05/29/2023 14:21:22,31.36,,,
583,05/29/2023 14:26:22,31.70,,,
584,05/29/2023 14:31:22,31.83,,,
585,05/29/2023 14:36:22,31.79,,,
586,05/29/2023 14:41:22,32.00,,,
587,05/29/2023 14:46:22,32.09,,,
588,05/29/2023 14:51:22,32.56,,,
589,05/29/2023 14:56:22,32.43,,,
590,05/29/2023 15:01:22,32.86,,,
591,05/29/2023 15:06:22,32.86,,,
592,05/29/2023 15:11:22,32.52,,,
593,05/29/2023 15:16:22,32.47,,,
594,05/29/2023 15:21:22,32.56,,,
595,05/29/2023 15:26:22,31.96,,,
596,05/29/2023 15:31:22,32.17,,,
597,05/29/2023 15:36:22,31.61,,,
598,05/29/2023 15:41:22,31.66,,,
599,05/29/2023 15:46:22,31.57,,,
600,05/29/2023 15:51:22,31.53,,,
601,05/29/2023 15:56:22,31.31,,,
602,05/29/2023 16:01:22,31.23,,,
603,05/29/2023 16:06:22,30.67,,,
604,05/29/2023 16:11:22,30.46,,,
605,05/29/2023 16:16:22,30.03,,,
606,05/29/2023 16:21:22,29.43,,,
607,05/29/2023 16:26:22,28.91,,,
608,05/29/2023 16:31:22,28.31,,,
609,05/29/2023 16:36:22,28.01,,,
610,05/29/2023 16:41:22,27.54,,,
611,05/29/2023 16:46:22,27.54,,,
612,05/29/2023 16:51:22,27.02,,,
613,05/29/2023 16:56:22,26.64,,,
614,05/29/2023 17:01:22,26.42,,,
615,05/29/2023 17:06:22,26.04,,,
616,05/29/2023 17:11:22,25.74,,,
617,05/29/2023 17:16:22,25.48,,,
618,05/29/2023 17:21:22,25.35,,,
619,05/29/2023 17:26:22,25.05,,,
620,05/29/2023 17:31:22,24.79,,,
621,05/29/2023 17:36:22,24.66,,,
622,05/29/2023 17:41:22,24.66,,,
623,05/29/2023 17:46:22,24.66,,,
624,05/29/2023 17:51:22,24.62,,,
625,05/29/2023 17:56:22,24.45,,,
626,05/29/2023 18:01:22,24.24,,,
627,05/29/2023 18:06:22,24.15,,,
628,05/29/2023 18:11:22,24.11,,,
629,05/29/2023 18:16:22,23.98,,,
630,05/29/2023 18:21:22,23.85,,,
631,05/29/2023 18:26:22,23.76,,,
632,05/29/2023 18:31:22,23.51,,,
633,05/29/2023 18:36:22,23.38,,,
634,05/29/2023 18:41:22,23.12,,,
635,05/29/2023 18:46:22,22.73,,,
636,05/29/2023 18:51:22,22.52,,,
637,05/29/2023 18:56:22,22.26,,,
638,05/29/2023 19:01:22,21.96,,,
639,05/29/2023 19:06:22,21.70,,,
640,05/29/2023 19:11:22,21.49,,,
641,05/29/2023 19:16:22,21.23,,,
642,05/29/2023 19:21:22,21.02,,,
643,05/29/2023 19:26:22,20.85,,,
644,05/29/2023 19:31:22,20.59,,,
645,05/29/2023 19:36:22,20.33,,,
646,05/29/2023 19:41:22,20.03,,,
647,05/29/2023 19:46:22,19.86,,,
648,05/29/2023 19:51:22,19.56,,,
649,05/29/2023 19:56:22,19.35,,,
650,05/29/2023 20:01:22,19.13,,,
651,05/29/2023 20:06:22,18.87,,,
652,05/29/2023 20:11:22,18.70,,,
653,05/29/2023 20:16:22,18.49,,,
654,05/29/2023 20:21:22,18.32,,,
655,05/29/2023 20:26:22,18.06,,,
656,05/29/2023 20:31:22,17.97,,,
657,05/29/2023 20:36:22,17.80,,,
658,05/29/2023 20:41:22,17.59,,,
659,05/29/2023 20:46:22,17.46,,,
660,05/29/2023 20:51:22,17.20,,,
661,05/29/2023 20:56:22,17.11,,,
662,05/29/2023 21:01:22,16.94,,,
663,05/29/2023 21:06:22,16.86,,,
664,05/29/2023 21:11:22,16.77,,,
665,05/29/2023 21:16:22,16.60,,,
666,05/29/2023 21:21:22,16.51,,,
667,05/29/2023 21:26:22,16.34,,,
668,05/29/2023 21:31:22,16.13,,,
669,05/29/2023 21:36:22,16.00,,,
670,05/29/2023 21:41:22,15.91,,,
671,05/29/2023 21:46:22,15.87,,,
672,05/29/2023 21:51:22,15.87,,,
673,05/29/2023 21:56:22,15.87,,,
674,05/29/2023 22:01:22,15.83,,,
675,05/29/2023 22:06:22,15.78,,,
676,05/29/2023 22:11:22,15.74,,,
677,05/29/2023 22:16:22,15.70,,,
678,05/29/2023 22:21:22,15.61,,,
679,05/29/2023 22:26:22,15.44,,,
680,05/29/2023 22:31:22,15.31,,,
681,05/29/2023 22:36:22,15.14,,,
682,05/29/2023 22:41:22,15.01,,,
683,05/29/2023 22:46:22,14.84,,,
684,05/29/2023 22:51:22,14.67,,,
685,05/29/2023 22:56:22,14.50,,,
686,05/29/2023 23:01:22,14.33,,,
687,05/29/2023 23:06:22,14.20,,,
688,05/29/2023 23:11:22,14.11,,,
689,05/29/2023 23:16:22,14.03,,,
690,05/29/2023 23:21:22,13.98,,,
691,05/29/2023 23:26:22,13.85,,,
692,05/29/2023 23:31:22,13.77,,,
693,05/29/2023 23:36:22,13.73,,,
694,05/29/2023 23:41:22,13.60,,,
695,05/29/2023 23:46:22,13.51,,,
696,05/29/2023 23:51:22,13.51,,,
697,05/29/2023 23:56:22,13.55,,,
698,05/30/2023 00:01:22,13.64,,,
699,05/30/2023 00:06:22,13.68,,,
700,05/30/2023 00:11:22,13.64,,,
701,05/30/2023 00:16:22,13.73,,,
702,05/30/2023 00:21:22,13.73,,,
703,05/30/2023 00:26:22,13.81,,,
704,05/30/2023 00:31:22,13.85,,,
705,05/30/2023 00:36:22,13.90,,,
706,05/30/2023 00:41:22,13.94,,,
707,05/30/2023 00:46:22,14.07,,,
708,05/30/2023 00:51:22,14.11,,,
709,05/30/2023 00:56:22,14.07,,,
710,05/30/2023 01:01:22,14.07,,,
711,05/30/2023 01:06:22,14.07,,,
712,05/30/2023 01:11:22,14.03,,,
713,05/30/2023 01:16:22,14.20,,,
714,05/30/2023 01:21:22,14.11,,,
715,05/30/2023 01:26:22,14.28,,,
716,05/30/2023 01:31:22,14.28,,,
717,05/30/2023 01:36:22,14.28,,,
718,05/30/2023 01:41:22,14.11,,,
719,05/30/2023 01:46:22,14.03,,,
720,05/30/2023 01:51:22,13.77,,,
721,05/30/2023 01:56:22,13.60,,,
722,05/30/2023 02:01:22,13.34,,,
723,05/30/2023 02:06:22,13.21,,,
724,05/30/2023 02:11:22,13.17,,,
725,05/30/2023 02:16:22,13.04,,,
726,05/30/2023 02:21:22,13.00,,,
727,05/30/2023 02:26:22,13.08,,,
728,05/30/2023 02:31:22,13.43,,,
729,05/30/2023 02:36:22,13.64,,,
730,05/30/2023 02:41:22,13.81,,,
731,05/30/2023 02:46:22,13.90,,,
732,05/30/2023 02:51:22,13.81,,,
733,05/30/2023 02:56:22,13.81,,,
734,05/30/2023 03:01:22,13.77,,,
735,05/30/2023 03:06:22,13.73,,,
736,05/30/2023 03:11:22,13.64,,,
737,05/30/2023 03:16:22,13.60,,,
738,05/30/2023 03:21:22,13.60,,,
739,05/30/2023 03:26:22,13.68,,,
740,05/30/2023 03:31:22,13.73,,,
741,05/30/2023 03:36:22,13.77,,,
742,05/30/2023 03:41:22,13.81,,,
743,05/30/2023 03:46:22,13.77,,,
744,05/30/2023 03:51:22,13.73,,,
745,05/30/2023 03:56:22,13.77,,,
746,05/30/2023 04:01:22,13.73,,,
747,05/30/2023 04:06:22,13.73,,,
748,05/30/2023 04:11:22,13.64,,,
749,05/30/2023 04:16:22,13.64,,,
750,05/30/2023 04:21:22,13.60,,,
751,05/30/2023 04:26:22,13.55,,,
752,05/30/2023 04:31:22,13.55,,,
753,05/30/2023 04:36:22,13.51,,,
754,05/30/2023 04:41:22,13.43,,,
755,05/30/2023 04:46:22,13.38,,,
756,05/30/2023 04:51:22,13.21,,,
757,05/30/2023 04:56:22,13.12,,,
758,05/30/2023 05:01:22,13.08,,,
759,05/30/2023 05:06:22,13.04,,,
760,05/30/2023 05:11:22,13.08,,,
761,05/30/2023 05:16:22,13.12,,,
762,05/30/2023 05:21:22,13.17,,,
763,05/30/2023 05:26:22,13.12,,,
764,05/30/2023 05:31:22,13.00,,,
765,05/30/2023 05:36:22,12.91,,,
766,05/30/2023 05:41:22,12.74,,,
767,05/30/2023 05:46:22,12.65,,,
768,05/30/2023 05:51:22,12.52,,,
769,05/30/2023 05:56:22,12.44,,,
770,05/30/2023 06:01:22,12.31,,,
771,05/30/2023 06:06:22,12.27,,,
772,05/30/2023 06:11:22,12.18,,,
773,05/30/2023 06:16:22,12.14,,,
774,05/30/2023 06:21:22,12.14,,,
775,05/30/2023 06:26:22,12.14,,,
776,05/30/2023 06:31:22,12.22,,,
777,05/30/2023 06:36:22,12.31,,,
778,05/30/2023 06:41:22,12.44,,,
779,05/30/2023 06:46:22,12.57,,,
780,05/30/2023 06:51:22,12.74,,,
781,05/30/2023 06:56:22,12.95,,,
782,05/30/2023 07:01:22,13.21,,,
783,05/30/2023 07:06:22,13.43,,,
784,05/30/2023 07:11:22,13.55,,,
785,05/30/2023 07:16:22,13.77,,,
786,05/30/2023 07:21:22,13.98,,,
787,05/30/2023 07:26:22,14.20,,,
788,05/30/2023 07:31:22,14.45,,,
789,05/30/2023 07:36:22,14.67,,,
790,05/30/2023 07:41:22,14.93,,,
791,05/30/2023 07:46:22,15.18,,,
792,05/30/2023 07:51:22,15.53,,,
793,05/30/2023 07:56:22,15.91,,,
794,05/30/2023 08:01:22,16.34,,,
795,05/30/2023 08:06:22,16.69,,,
796,05/30/2023 08:11:22,16.99,,,
797,05/30/2023 08:16:22,17.29,,,
798,05/30/2023 08:21:22,17.54,,,
799,05/30/2023 08:26:22,17.84,,,
800,05/30/2023 08:31:22,18.19,,,
801,05/30/2023 08:36:22,18.36,,,
802,05/30/2023 08:41:22,18.66,,,
803,05/30/2023 08:46:22,18.96,,,
804,05/30/2023 08:51:22,19.13,,,
805,05/30/2023 08:56:22,19.43,,,
806,05/30/2023 09:01:22,19.82,,,
807,05/30/2023 09:06:22,20.03,,,
808,05/30/2023 09:11:22,20.33,,,
809,05/30/2023 09:16:22,20.46,,,
810,05/30/2023 09:21:22,20.89,,,
811,05/30/2023 09:26:22,21.06,,,
812,05/30/2023 09:31:22,20.85,,,
813,05/30/2023 09:36:22,21.19,,,
814,05/30/2023 09:41:22,21.32,,,
815,05/30/2023 09:46:22,21.88,,,
816,05/30/2023 09:51:22,21.88,,,
817,05/30/2023 09:56:22,22.35,,,
818,05/30/2023 10:01:22,22.31,,,
819,05/30/2023 10:06:22,22.65,,,
820,05/30/2023 10:11:22,23.34,,,
821,05/30/2023 10:16:22,23.51,,,
822,05/30/2023 10:21:22,23.98,,,
823,05/30/2023 10:26:22,23.98,,,
824,05/30/2023 10:31:22,24.49,,,
825,05/30/2023 10:36:22,24.49,,,
826,05/30/2023 10:41:22,24.24,,,
827,05/30/2023 10:46:22,24.54,,,
828,05/30/2023 10:51:22,24.84,,,
829,05/30/2023 10:56:22,24.71,,,
830,05/30/2023 11:01:22,24.79,,,
831,05/30/2023 11:06:22,25.05,,,
832,05/30/2023 11:11:22,25.52,,,
833,05/30/2023 11:16:22,25.57,,,
834,05/30/2023 11:21:22,26.04,,,
835,05/30/2023 11:26:22,26.68,,,
836,05/30/2023 11:31:22,27.15,,,
837,05/30/2023 11:36:22,27.58,,,
838,05/30/2023 11:41:22,27.75,,,
839,05/30/2023 11:46:22,27.97,,,
840,05/30/2023 11:51:22,27.93,,,
841,05/30/2023 11:56:22,27.58,,,
842,05/30/2023 12:01:22,28.05,,,
843,05/30/2023 12:06:22,28.05,,,
844,05/30/2023 12:11:22,28.57,,,
845,05/30/2023 12:16:22,28.95,,,
846,05/30/2023 12:21:22,29.26,,,
847,05/30/2023 12:26:22,29.08,,,
848,05/30/2023 12:31:22,29.00,,,
849,05/30/2023 12:36:22,29.56,,,
850,05/30/2023 12:41:22,29.34,,,
851,05/30/2023 12:46:22,29.30,,,
852,05/30/2023 12:51:22,28.95,,,
853,05/30/2023 12:56:22,28.70,,,
854,05/30/2023 13:01:22,28.53,,,
855,05/30/2023 13:06:22,28.74,,,
856,05/30/2023 13:11:22,28.65,,,
857,05/30/2023 13:16:22,28.70,,,
858,05/30/2023 13:21:22,28.31,,,
859,05/30/2023 13:26:22,28.57,,,
860,05/30/2023 13:31:22,28.48,,,
861,05/30/2023 13:36:22,28.57,,,
862,05/30/2023 13:41:22,28.83,,,
863,05/30/2023 13:46:22,29.08,,,
864,05/30/2023 13:51:22,28.78,,,
865,05/30/2023 13:56:22,29.08,,,
866,05/30/2023 14:01:22,29.30,,,
867,05/30/2023 14:06:22,29.34,,,
868,05/30/2023 14:11:22,29.00,,,
869,05/30/2023 14:16:22,29.64,,,
870,05/30/2023 14:21:22,30.03,,,
871,05/30/2023 14:26:22,30.50,,,
872,05/30/2023 14:31:22,30.28,,,
873,05/30/2023 14:36:22,30.76,,,
874,05/30/2023 14:41:22,30.54,,,
875,05/30/2023 14:46:22,30.63,,,
876,05/30/2023 14:51:22,30.97,,,
877,05/30/2023 14:56:22,31.57,,,
878,05/30/2023 15:01:22,31.96,,,
879,05/30/2023 15:06:22,32.00,,,
880,05/30/2023 15:11:22,32.34,,,
881,05/30/2023 15:16:22,32.47,,,
882,05/30/2023 15:21:22,32.34,,,
883,05/30/2023 15:26:22,32.43,,,
884,05/30/2023 15:31:22,32.60,,,
885,05/30/2023 15:36:22,32.30,,,
886,05/30/2023 15:41:22,32.04,,,
887,05/30/2023 15:46:22,31.40,,,
888,05/30/2023 15:51:22,31.74,,,
889,05/30/2023 15:56:22,31.79,,,
890,05/30/2023 16:01:22,30.76,,,
891,05/30/2023 16:06:22,29.98,,,
892,05/30/2023 16:11:22,29.68,,,
893,05/30/2023 16:16:22,29.51,,,
894,05/30/2023 16:21:22,29.17,,,
895,05/30/2023 16:26:22,28.83,,,
896,05/30/2023 16:31:22,28.61,,,
897,05/30/2023 16:36:22,28.10,,,
898,05/30/2023 16:41:22,28.10,,,
899,05/30/2023 16:46:22,27.80,,,
900,05/30/2023 16:51:22,27.63,,,
901,05/30/2023 16:56:22,27.45,,,
902,05/30/2023 17:01:22,27.15,,,
903,05/30/2023 17:06:22,27.11,,,
904,05/30/2023 17:11:22,27.07,,,
905,05/30/2023 17:16:22,26.81,,,
906,05/30/2023 17:21:22,26.47,,,
907,05/30/2023 17:26:22,26.21,,,
908,05/30/2023 17:31:22,25.99,,,
909,05/30/2023 17:36:22,25.82,,,
910,05/30/2023 17:41:22,25.69,,,
911,05/30/2023 17:46:22,25.78,,,
912,05/30/2023 17:51:22,25.69,,,
913,05/30/2023 17:56:22,25.57,,,
914,05/30/2023 18:01:22,25.44,,,
915,05/30/2023 18:06:22,25.01,,,
916,05/30/2023 18:11:22,24.66,,,
917,05/30/2023 18:16:22,24.36,,,
918,05/30/2023 18:21:22,24.11,,,
919,05/30/2023 18:26:22,23.94,,,
920,05/30/2023 18:31:22,23.76,,,
921,05/30/2023 18:36:22,23.59,,,
922,05/30/2023 18:41:22,23.25,,,
923,05/30/2023 18:46:22,22.91,,,
924,05/30/2023 18:51:22,22.78,,,
925,05/30/2023 18:56:22,22.52,,,
926,05/30/2023 19:01:22,22.35,,,
927,05/30/2023 19:06:22,22.22,,,
928,05/30/2023 19:11:22,22.13,,,
929,05/30/2023 19:16:22,21.96,,,
930,05/30/2023 19:21:22,21.83,,,
931,05/30/2023 19:26:22,21.70,,,
932,05/30/2023 19:31:22,21.62,,,
933,05/30/2023 19:36:22,21.49,,,
934,05/30/2023 19:41:22,21.32,,,
935,05/30/2023 19:46:22,21.10,,,
936,05/30/2023 19:51:22,20.93,,,
937,05/30/2023 19:56:22,20.72,,,
938,05/30/2023 20:01:22,20.59,,,
939,05/30/2023 20:06:22,20.33,,,
940,05/30/2023 20:11:22,20.16,,,
941,05/30/2023 20:16:22,19.90,,,
942,05/30/2023 20:21:22,19.73,,,
943,05/30/2023 20:26:22,19.56,,,
944,05/30/2023 20:31:22,19.30,,,
945,05/30/2023 20:36:22,19.13,,,
946,05/30/2023 20:41:22,18.96,,,
947,05/30/2023 20:46:22,18.74,,,
948,05/30/2023 20:51:22,18.62,,,
949,05/30/2023 20:56:22,18.40,,,
950,05/30/2023 21:01:22,18.32,,,
951,05/30/2023 21:06:22,18.19,,,
952,05/30/2023 21:11:22,18.02,,,
953,05/30/2023 21:16:22,17.89,,,
954,05/30/2023 21:21:22,17.76,,,
955,05/30/2023 21:26:22,17.67,,,
956,05/30/2023 21:31:22,17.50,,,
957,05/30/2023 21:36:22,17.41,,,
958,05/30/2023 21:41:22,17.24,,,
959,05/30/2023 21:46:22,17.03,,,
960,05/30/2023 21:51:22,16.94,,,
961,05/30/2023 21:56:22,16.73,,,
962,05/30/2023 22:01:22,16.51,,,
963,05/30/2023 22:06:22,16.39,,,
964,05/30/2023 22:11:22,16.21,,,
965,05/30/2023 22:16:22,16.04,,,
966,05/30/2023 22:21:22,15.83,,,
967,05/30/2023 22:26:22,15.74,,,
968,05/30/2023 22:31:22,15.57,,,
969,05/30/2023 22:36:22,15.40,,,
970,05/30/2023 22:41:22,15.31,,,
971,05/30/2023 22:46:22,15.18,,,
972,05/30/2023 22:51:22,15.06,,,
973,05/30/2023 22:56:22,14.93,,,
974,05/30/2023 23:01:22,14.84,,,
975,05/30/2023 23:06:22,14.71,,,
976,05/30/2023 23:11:22,14.63,,,
977,05/30/2023 23:16:22,14.54,,,
978,05/30/2023 23:21:22,14.45,,,
979,05/30/2023 23:26:22,14.37,,,
980,05/30/2023 23:31:22,14.24,,,
981,05/30/2023 23:36:22,14.20,,,
982,05/30/2023 23:41:22,14.20,,,
983,05/30/2023 23:46:22,14.11,,,
984,05/30/2023 23:51:22,14.11,,,
985,05/30/2023 23:56:22,14.15,,,
986,05/31/2023 00:01:22,14.20,,,
987,05/31/2023 00:06:22,14.20,,,
988,05/31/2023 00:11:22,14.15,,,
989,05/31/2023 00:16:22,14.11,,,
990,05/31/2023 00:21:22,14.03,,,
991,05/31/2023 00:26:22,13.98,,,
992,05/31/2023 00:31:22,13.98,,,
993,05/31/2023 00:36:22,13.98,,,
994,05/31/2023 00:41:22,13.98,,,
995,05/31/2023 00:46:22,14.07,,,
996,05/31/2023 00:51:22,14.07,,,
997,05/31/2023 00:56:22,14.07,,,
998,05/31/2023 01:01:22,13.98,,,
999,05/31/2023 01:06:22,13.98,,,
1000,05/31/2023 01:11:22,13.94,,,
1001,05/31/2023 01:16:22,13.90,,,
1002,05/31/2023 01:21:22,13.90,,,
1003,05/31/2023 01:26:22,13.81,,,
1004,05/31/2023 01:31:22,13.77,,,
1005,05/31/2023 01:36:22,13.73,,,
1006,05/31/2023 01:41:22,13.68,,,
1007,05/31/2023 01:46:22,13.64,,,
1008,05/31/2023 01:51:22,13.60,,,
1009,05/31/2023 01:56:22,13.55,,,
1010,05/31/2023 02:01:22,13.51,,,
1011,05/31/2023 02:06:22,13.51,,,
1012,05/31/2023 02:11:22,13.38,,,
1013,05/31/2023 02:16:22,13.34,,,
1014,05/31/2023 02:21:22,13.30,,,
1015,05/31/2023 02:26:22,13.21,,,
1016,05/31/2023 02:31:22,13.12,,,
1017,05/31/2023 02:36:22,13.08,,,
1018,05/31/2023 02:41:22,13.04,,,
1019,05/31/2023 02:46:22,13.00,,,
1020,05/31/2023 02:51:22,12.95,,,
1021,05/31/2023 02:56:22,12.78,,,
1022,05/31/2023 03:01:22,12.70,,,
1023,05/31/2023 03:06:22,12.61,,,
1024,05/31/2023 03:11:22,12.48,,,
1025,05/31/2023 03:16:22,12.40,,,
1026,05/31/2023 03:21:22,12.31,,,
1027,05/31/2023 03:26:22,12.14,,,
1028,05/31/2023 03:31:22,12.10,,,
1029,05/31/2023 03:36:22,12.05,,,
1030,05/31/2023 03:41:22,11.97,,,
1031,05/31/2023 03:46:22,11.92,,,
1032,05/31/2023 03:51:22,11.84,,,
1033,05/31/2023 03:56:22,11.79,,,
1034,05/31/2023 04:01:22,11.67,,,
1035,05/31/2023 04:06:22,11.67,,,
1036,05/31/2023 04:11:22,11.62,,,
1037,05/31/2023 04:16:22,11.58,,,
1038,05/31/2023 04:21:22,11.49,,,
1039,05/31/2023 04:26:22,11.49,,,
1040,05/31/2023 04:31:22,11.49,,,
1041,05/31/2023 04:36:22,11.41,,,
1042,05/31/2023 04:41:22,11.41,,,
1043,05/31/2023 04:46:22,11.41,,,
1044,05/31/2023 04:51:22,11.49,,,
1045,05/31/2023 04:56:22,11.58,,,
1046,05/31/2023 05:01:22,11.62,,,
1047,05/31/2023 05:06:22,11.67,,,
1048,05/31/2023 05:11:22,11.62,,,
1049,05/31/2023 05:16:22,11.67,,,
1050,05/31/2023 05:21:22,11.62,,,
1051,05/31/2023 05:26:22,11.54,,,
1052,05/31/2023 05:31:22,11.54,,,
1053,05/31/2023 05:36:22,11.45,,,
1054,05/31/2023 05:41:22,11.45,,,
1055,05/31/2023 05:46:22,11.41,,,
1056,05/31/2023 05:51:22,11.45,,,
1057,05/31/2023 05:56:22,11.41,,,
1058,05/31/2023 06:01:22,11.41,,,
1059,05/31/2023 06:06:22,11.41,,,
1060,05/31/2023 06:11:22,11.45,,,
1061,05/31/2023 06:16:22,11.45,,,
1062,05/31/2023 06:21:22,11.54,,,
1063,05/31/2023 06:26:22,11.62,,,
1064,05/31/2023 06:31:22,11.71,,,
1065,05/31/2023 06:36:22,11.84,,,
1066,05/31/2023 06:41:22,12.01,,,
1067,05/31/2023 06:46:22,12.14,,,
1068,05/31/2023 06:51:22,12.27,,,
1069,05/31/2023 06:56:22,12.48,,,
1070,05/31/2023 07:01:22,12.74,,,
1071,05/31/2023 07:06:22,12.87,,,
1072,05/31/2023 07:11:22,13.04,,,
1073,05/31/2023 07:16:22,13.12,,,
1074,05/31/2023 07:21:22,13.21,,,
1075,05/31/2023 07:26:22,13.38,,,
1076,05/31/2023 07:31:22,13.55,,,
1077,05/31/2023 07:36:22,13.68,,,
1078,05/31/2023 07:41:22,13.90,,,
1079,05/31/2023 07:46:22,14.07,,,
1080,05/31/2023 07:51:22,14.33,,,
1081,05/31/2023 07:56:22,14.71,,,
1082,05/31/2023 08:01:22,15.01,,,
1083,05/31/2023 08:06:22,15.27,,,
1084,05/31/2023 08:11:22,15.44,,,
1085,05/31/2023 08:16:22,15.66,,,
1086,05/31/2023 08:21:22,15.91,,,
1087,05/31/2023 08:26:22,16.13,,,
1088,05/31/2023 08:31:22,16.34,,,
1089,05/31/2023 08:36:22,16.60,,,
1090,05/31/2023 08:41:22,17.11,,,
1091,05/31/2023 08:46:22,17.24,,,
1092,05/31/2023 08:51:22,17.59,,,
1093,05/31/2023 08:56:22,17.72,,,
1094,05/31/2023 09:01:22,18.02,,,
1095,05/31/2023 09:06:22,18.40,,,
1096,05/31/2023 09:11:22,18.66,,,
1097,05/31/2023 09:16:22,19.17,,,
1098,05/31/2023 09:21:22,19.35,,,
1099,05/31/2023 09:26:22,19.39,,,
1100,05/31/2023 09:31:22,19.82,,,
1101,05/31/2023 09:36:22,19.82,,,
1102,05/31/2023 09:41:22,19.60,,,
1103,05/31/2023 09:46:22,19.77,,,
1104,05/31/2023 09:51:22,19.99,,,
1105,05/31/2023 09:56:22,20.63,,,
1106,05/31/2023 10:01:22,21.06,,,
1107,05/31/2023 10:06:22,20.72,,,
1108,05/31/2023 10:11:22,21.23,,,
1109,05/31/2023 10:16:22,21.83,,,
1110,05/31/2023 10:21:22,21.70,,,
1111,05/31/2023 10:26:22,21.66,,,
1112,05/31/2023 10:31:22,21.75,,,
1113,05/31/2023 10:36:22,22.31,,,
1114,05/31/2023 10:41:22,22.52,,,
1115,05/31/2023 10:46:22,22.65,,,
1116,05/31/2023 10:51:22,23.34,,,
1117,05/31/2023 10:56:22,23.81,,,
1118,05/31/2023 11:01:22,23.29,,,
1119,05/31/2023 11:06:22,23.29,,,
1120,05/31/2023 11:11:22,24.24,,,
1121,05/31/2023 11:16:22,23.51,,,
1122,05/31/2023 11:21:22,23.89,,,
1123,05/31/2023 11:26:22,23.98,,,
1124,05/31/2023 11:31:22,24.54,,,
1125,05/31/2023 11:36:22,25.09,,,
1126,05/31/2023 11:41:22,25.61,,,
1127,05/31/2023 11:46:22,25.61,,,
1128,05/31/2023 11:51:22,25.87,,,
1129,05/31/2023 11:56:22,26.04,,,
1130,05/31/2023 12:01:22,26.64,,,
1131,05/31/2023 12:06:22,26.25,,,
1132,05/31/2023 12:11:22,26.81,,,
1133,05/31/2023 12:16:22,27.71,,,
1134,05/31/2023 12:21:22,27.88,,,
1135,05/31/2023 12:26:22,27.63,,,
1136,05/31/2023 12:31:22,27.41,,,
1137,05/31/2023 12:36:22,27.58,,,
1138,05/31/2023 12:41:22,27.93,,,
1139,05/31/2023 12:46:22,28.01,,,
1140,05/31/2023 12:51:22,27.88,,,
1141,05/31/2023 12:56:22,27.63,,,
1142,05/31/2023 13:01:22,28.05,,,
1143,05/31/2023 13:06:22,28.18,,,
1144,05/31/2023 13:11:22,28.05,,,
1145,05/31/2023 13:16:22,27.97,,,
1146,05/31/2023 13:21:22,28.10,,,
1147,05/31/2023 13:26:22,28.14,,,
1148,05/31/2023 13:31:22,28.27,,,
1149,05/31/2023 13:36:22,28.27,,,
1150,05/31/2023 13:41:22,28.48,,,
1151,05/31/2023 13:46:22,28.31,,,
1152,05/31/2023 13:51:22,28.74,,,
1153,05/31/2023 13:56:22,28.95,,,
1154,05/31/2023 14:01:22,28.53,,,
1155,05/31/2023 14:06:22,29.38,,,
1156,05/31/2023 14:11:22,29.81,,,
1157,05/31/2023 14:16:22,29.77,,,
1158,05/31/2023 14:21:22,30.03,,,
1159,05/31/2023 14:26:22,29.94,,,
1160,05/31/2023 14:31:22,30.33,,,
1161,05/31/2023 14:36:22,30.54,,,
1162,05/31/2023 14:41:22,30.97,,,
1163,05/31/2023 14:46:22,30.41,,,
1164,05/31/2023 14:51:22,30.46,,,
1165,05/31/2023 14:56:22,30.59,,,
1166,05/31/2023 15:01:22,30.89,,,
1167,05/31/2023 15:06:22,31.27,,,
1168,05/31/2023 15:11:22,31.31,,,
1169,05/31/2023 15:16:22,31.27,,,
1170,05/31/2023 15:21:22,31.19,,,
1171,05/31/2023 15:26:22,30.80,,,
1172,05/31/2023 15:31:22,30.89,,,
1173,05/31/2023 15:36:22,31.27,,,
1174,05/31/2023 15:41:22,31.01,,,
1175,05/31/2023 15:46:22,30.89,,,
1176,05/31/2023 15:51:22,31.01,,,
1177,05/31/2023 15:56:22,31.31,,,
1178,05/31/2023 16:01:22,31.10,,,
1179,05/31/2023 16:06:22,31.14,,,
1180,05/31/2023 16:11:22,31.01,,,
1181,05/31/2023 16:16:22,30.50,,,
1182,05/31/2023 16:21:22,30.03,,,
1183,05/31/2023 16:26:22,29.73,,,
1184,05/31/2023 16:31:22,29.21,,,
1185,05/31/2023 16:36:22,29.00,,,
1186,05/31/2023 16:41:22,28.57,,,
1187,05/31/2023 16:46:22,28.35,,,
1188,05/31/2023 16:51:22,27.88,,,
1189,05/31/2023 16:56:22,27.80,,,
1190,05/31/2023 17:01:22,27.58,,,
1191,05/31/2023 17:06:22,27.28,,,
1192,05/31/2023 17:11:22,27.24,,,
1193,05/31/2023 17:16:22,27.15,,,
1194,05/31/2023 17:21:22,26.94,,,
1195,05/31/2023 17:26:22,26.90,,,
1196,05/31/2023 17:31:22,26.77,,,
1197,05/31/2023 17:36:22,26.55,,,
1198,05/31/2023 17:41:22,26.55,,,
1199,05/31/2023 17:46:22,26.55,,,
1200,05/31/2023 17:51:22,26.30,,,
1201,05/31/2023 17:56:22,26.25,,,
1202,05/31/2023 18:01:22,26.12,,,
1203,05/31/2023 18:06:22,25.99,,,
1204,05/31/2023 18:11:22,25.78,,,
1205,05/31/2023 18:16:22,25.65,,,
1206,05/31/2023 18:21:22,25.44,,,
1207,05/31/2023 18:26:22,25.31,,,
1208,05/31/2023 18:31:22,25.18,,,
1209,05/31/2023 18:36:22,25.05,,,
1210,05/31/2023 18:41:22,24.88,,,
1211,05/31/2023 18:46:22,24.62,,,
1212,05/31/2023 18:51:22,24.41,,,
1213,05/31/2023 18:56:22,24.19,,,
1214,05/31/2023 19:01:22,24.02,,,
1215,05/31/2023 19:06:22,23.81,,,
1216,05/31/2023 19:11:22,23.64,,,
1217,05/31/2023 19:16:22,23.42,,,
1218,05/31/2023 19:21:22,23.21,,,
1219,05/31/2023 19:26:22,22.95,,,
1220,05/31/2023 19:31:22,22.69,,,
1221,05/31/2023 19:36:22,22.52,,,
1222,05/31/2023 19:41:22,22.13,,,
1223,05/31/2023 19:46:22,21.79,,,
1224,05/31/2023 19:51:22,21.49,,,
1225,05/31/2023 19:56:22,21.15,,,
1226,05/31/2023 20:01:22,20.76,,,
1227,05/31/2023 20:06:22,20.42,,,
1228,05/31/2023 20:11:22,20.07,,,
1229,05/31/2023 20:16:22,19.69,,,
1230,05/31/2023 20:21:22,19.47,,,
1231,05/31/2023 20:26:22,19.13,,,
1232,05/31/2023 20:31:22,18.92,,,
1233,05/31/2023 20:36:22,18.57,,,
1234,05/31/2023 20:41:22,18.19,,,
1235,05/31/2023 20:46:22,17.93,,,
1236,05/31/2023 20:51:22,17.72,,,
1237,05/31/2023 20:56:22,17.50,,,
1238,05/31/2023 21:01:22,17.24,,,
1239,05/31/2023 21:06:22,17.07,,,
1240,05/31/2023 21:11:22,16.81,,,
1241,05/31/2023 21:16:22,16.60,,,
1242,05/31/2023 21:21:22,16.43,,,
1243,05/31/2023 21:26:22,16.26,,,
1244,05/31/2023 21:31:22,16.08,,,
1245,05/31/2023 21:36:22,15.91,,,
1246,05/31/2023 21:41:22,15.83,,,
1247,05/31/2023 21:46:22,15.61,,,
1248,05/31/2023 21:51:22,15.40,,,
1249,05/31/2023 21:56:22,15.27,,,
1250,05/31/2023 22:01:22,15.14,,,
1251,05/31/2023 22:06:22,14.97,,,
1252,05/31/2023 22:11:22,14.93,,,
1253,05/31/2023 22:16:22,14.80,,,
1254,05/31/2023 22:21:22,14.75,,,
1255,05/31/2023 22:26:22,14.63,,,
1256,05/31/2023 22:31:22,14.50,,,
1257,05/31/2023 22:36:22,14.41,,,
1258,05/31/2023 22:41:22,14.33,,,
1259,05/31/2023 22:46:22,14.24,,,
1260,05/31/2023 22:51:22,14.07,,,
1261,05/31/2023 22:56:22,14.07,,,
1262,05/31/2023 23:01:22,13.90,,,
1263,05/31/2023 23:06:22,13.85,,,
1264,05/31/2023 23:11:22,13.77,,,
1265,05/31/2023 23:16:22,13.73,,,
1266,05/31/2023 23:21:22,13.64,,,
1267,05/31/2023 23:26:22,13.51,,,
1268,05/31/2023 23:31:22,13.51,,,
1269,05/31/2023 23:36:22,13.38,,,
1270,05/31/2023 23:41:22,13.34,,,
1271,05/31/2023 23:46:22,13.25,,,
1272,05/31/2023 23:51:22,13.21,,,
1273,05/31/2023 23:56:22,13.12,,,
1274,06/01/2023 00:01:22,13.08,,,
1275,06/01/2023 00:06:22,13.12,,,
1276,06/01/2023 00:11:22,13.00,,,
1277,06/01/2023 00:16:22,13.00,,,
1278,06/01/2023 00:21:22,12.91,,,
1279,06/01/2023 00:26:22,12.87,,,
1280,06/01/2023 00:31:22,12.78,,,
1281,06/01/2023 00:36:22,12.65,,,
1282,06/01/2023 00:41:22,12.52,,,
1283,06/01/2023 00:46:22,12.52,,,
1284,06/01/2023 00:51:22,12.48,,,
1285,06/01/2023 00:56:22,12.35,,,
1286,06/01/2023 01:01:22,12.31,,,
1287,06/01/2023 01:06:22,12.27,,,
1288,06/01/2023 01:11:22,12.18,,,
1289,06/01/2023 01:16:22,12.10,,,
1290,06/01/2023 01:21:22,12.01,,,
1291,06/01/2023 01:26:22,11.97,,,
1292,06/01/2023 01:31:22,11.88,,,
1293,06/01/2023 01:36:22,11.84,,,
1294,06/01/2023 01:41:22,11.79,,,
1295,06/01/2023 01:46:22,11.79,,,
1296,06/01/2023 01:51:22,11.75,,,
1297,06/01/2023 01:56:22,11.67,,,
1298,06/01/2023 02:01:22,11.58,,,
1299,06/01/2023 02:06:22,11.54,,,
1300,06/01/2023 02:11:22,11.54,,,
1301,06/01/2023 02:16:22,11.49,,,
1302,06/01/2023 02:21:22,11.45,,,
1303,06/01/2023 02:26:22,11.45,,,
1304,06/01/2023 02:31:22,11.45,,,
1305,06/01/2023 02:36:22,11.45,,,
1306,06/01/2023 02:41:22,11.45,,,
1307,06/01/2023 02:46:22,11.41,,,
1308,06/01/2023 02:51:22,11.32,,,
1309,06/01/2023 02:56:22,11.28,,,
1310,06/01/2023 03:01:22,11.19,,,
1311,06/01/2023 03:06:22,11.19,,,
1312,06/01/2023 03:11:22,11.11,,,
1313,06/01/2023 03:16:22,11.07,,,
1314,06/01/2023 03:21:22,11.02,,,
1315,06/01/2023 03:26:22,10.89,,,
1316,06/01/2023 03:31:22,10.72,,,
1317,06/01/2023 03:36:22,10.59,,,
1318,06/01/2023 03:41:22,10.51,,,
1319,06/01/2023 03:46:22,10.38,,,
1320,06/01/2023 03:51:22,10.34,,,
1321,06/01/2023 03:56:22,10.21,,,
1322,06/01/2023 04:01:22,10.16,,,
1323,06/01/2023 04:06:22,10.08,,,
1324,06/01/2023 04:11:22,9.99,,,
1325,06/01/2023 04:16:22,9.95,,,
1326,06/01/2023 04:21:22,9.91,,,
1327,06/01/2023 04:26:22,9.86,,,
1328,06/01/2023 04:31:22,9.78,,,
1329,06/01/2023 04:36:22,9.69,,,
1330,06/01/2023 04:41:22,9.65,,,
1331,06/01/2023 04:46:22,9.61,,,
1332,06/01/2023 04:51:22,9.52,,,
1333,06/01/2023 04:56:22,9.48,,,
1334,06/01/2023 05:01:22,9.48,,,
1335,06/01/2023 05:06:22,9.39,,,
1336,06/01/2023 05:11:22,9.39,,,
1337,06/01/2023 05:16:22,9.39,,,
1338,06/01/2023 05:21:22,9.39,,,
1339,06/01/2023 05:26:22,9.44,,,
1340,06/01/2023 05:31:22,9.48,,,
1341,06/01/2023 05:36:22,9.48,,,
1342,06/01/2023 05:41:22,9.52,,,
1343,06/01/2023 05:46:22,9.48,,,
1344,06/01/2023 05:51:22,9.52,,,
1345,06/01/2023 05:56:22,9.61,,,
1346,06/01/2023 06:01:22,9.61,,,
1347,06/01/2023 06:06:22,9.61,,,
1348,06/01/2023 06:11:22,9.65,,,
1349,06/01/2023 06:16:22,9.78,,,
1350,06/01/2023 06:21:22,9.82,,,
1351,06/01/2023 06:26:22,9.95,,,
1352,06/01/2023 06:31:22,10.04,,,
1353,06/01/2023 06:36:22,10.25,,,
1354,06/01/2023 06:41:22,10.42,,,
1355,06/01/2023 06:46:22,10.59,,,
1356,06/01/2023 06:51:22,10.81,,,
1357,06/01/2023 06:56:22,11.02,,,
1358,06/01/2023 07:01:22,11.32,,,
1359,06/01/2023 07:06:22,11.62,,,
1360,06/01/2023 07:11:22,11.88,,,
1361,06/01/2023 07:16:22,12.10,,,
1362,06/01/2023 07:21:22,12.44,,,
1363,06/01/2023 07:26:22,12.74,,,
1364,06/01/2023 07:31:22,13.12,,,
1365,06/01/2023 07:36:22,13.47,,,
1366,06/01/2023 07:41:22,13.81,,,
1367,06/01/2023 07:46:22,14.11,,,
1368,06/01/2023 07:51:22,14.50,,,
1369,06/01/2023 07:56:22,14.84,,,
1370,06/01/2023 08:01:22,15.36,,,
1371,06/01/2023 08:06:22,15.66,,,
1372,06/01/2023 08:11:22,15.96,,,
1373,06/01/2023 08:16:22,16.17,,,
1374,06/01/2023 08:21:22,16.56,,,
1375,06/01/2023 08:26:22,16.77,,,
1376,06/01/2023 08:31:22,17.03,,,
1377,06/01/2023 08:36:22,17.24,,,
1378,06/01/2023 08:41:22,17.46,,,
1379,06/01/2023 08:46:22,17.54,,,
1380,06/01/2023 08:51:22,17.97,,,
1381,06/01/2023 08:56:22,18.10,,,
1382,06/01/2023 09:01:22,18.27,,,
1383,06/01/2023 09:06:22,18.57,,,
1384,06/01/2023 09:11:22,18.96,,,
1385,06/01/2023 09:16:22,18.87,,,
1386,06/01/2023 09:21:22,19.26,,,
1387,06/01/2023 09:26:22,19.26,,,
1388,06/01/2023 09:31:22,19.65,,,
1389,06/01/2023 09:36:22,20.03,,,
1390,06/01/2023 09:41:22,20.46,,,
1391,06/01/2023 09:46:22,20.76,,,
1392,06/01/2023 09:51:22,21.02,,,
1393,06/01/2023 09:56:22,21.23,,,
1394,06/01/2023 10:01:22,21.15,,,
1395,06/01/2023 10:05:49,,Logged,,
1396,06/01/2023 10:06:06,,,Logged,Logged
