#,Date-Time (PST),Ch: 1 - Temperature   (Â°C),Host Connected,End of File
1,07/08/2021 06:41:43,24.19,,
2,07/08/2021 06:46:43,24.75,,
3,07/08/2021 06:51:43,24.24,,
4,07/08/2021 06:56:43,24.36,,
5,07/08/2021 07:01:43,24.45,,
6,07/08/2021 07:06:43,24.24,,
7,07/08/2021 07:11:43,23.68,,
8,07/08/2021 07:16:43,23.59,,
9,07/08/2021 07:21:43,23.46,,
10,07/08/2021 07:26:43,22.99,,
11,07/08/2021 07:31:43,22.95,,
12,07/08/2021 07:36:43,23.29,,
13,07/08/2021 07:41:43,22.86,,
14,07/08/2021 07:46:43,22.43,,
15,07/08/2021 07:51:43,21.83,,
16,07/08/2021 07:56:43,21.79,,
17,07/08/2021 08:01:43,21.53,,
18,07/08/2021 08:06:43,21.49,,
19,07/08/2021 08:11:43,21.92,,
20,07/08/2021 08:16:43,22.43,,
21,07/08/2021 08:21:43,23.16,,
22,07/08/2021 08:26:43,23.51,,
23,07/08/2021 08:31:43,23.51,,
24,07/08/2021 08:36:43,23.85,,
25,07/08/2021 08:41:43,24.02,,
26,07/08/2021 08:46:43,24.32,,
27,07/08/2021 08:51:43,24.79,,
28,07/08/2021 08:56:43,25.18,,
29,07/08/2021 09:01:43,25.57,,
30,07/08/2021 09:06:43,25.35,,
31,07/08/2021 09:11:43,25.95,,
32,07/08/2021 09:16:43,25.69,,
33,07/08/2021 09:21:43,26.04,,
34,07/08/2021 09:26:43,26.12,,
35,07/08/2021 09:31:43,26.85,,
36,07/08/2021 09:36:43,27.32,,
37,07/08/2021 09:41:43,27.75,,
38,07/08/2021 09:46:43,28.44,,
39,07/08/2021 09:51:43,29.51,,
40,07/08/2021 09:56:43,29.43,,
41,07/08/2021 10:01:43,29.98,,
42,07/08/2021 10:06:43,30.84,,
43,07/08/2021 10:11:43,31.10,,
44,07/08/2021 10:16:43,31.44,,
45,07/08/2021 10:21:43,32.13,,
46,07/08/2021 10:26:43,32.39,,
47,07/08/2021 10:31:43,33.03,,
48,07/08/2021 10:36:43,33.72,,
49,07/08/2021 10:41:43,33.97,,
50,07/08/2021 10:46:43,34.36,,
51,07/08/2021 10:51:43,34.62,,
52,07/08/2021 10:56:43,34.75,,
53,07/08/2021 11:01:43,35.26,,
54,07/08/2021 11:06:43,34.96,,
55,07/08/2021 11:11:43,35.26,,
56,07/08/2021 11:16:43,36.08,,
57,07/08/2021 11:21:43,36.12,,
58,07/08/2021 11:26:43,36.51,,
59,07/08/2021 11:31:43,37.45,,
60,07/08/2021 11:36:43,38.22,,
61,07/08/2021 11:41:43,38.14,,
62,07/08/2021 11:46:43,38.52,,
63,07/08/2021 11:51:43,39.08,,
64,07/08/2021 11:56:43,39.42,,
65,07/08/2021 12:01:43,39.51,,
66,07/08/2021 12:06:43,39.64,,
67,07/08/2021 12:11:43,40.24,,
68,07/08/2021 12:16:43,40.07,,
69,07/08/2021 12:21:43,39.89,,
70,07/08/2021 12:26:43,40.32,,
71,07/08/2021 12:31:43,40.19,,
72,07/08/2021 12:36:43,40.28,,
73,07/08/2021 12:41:43,40.19,,
74,07/08/2021 12:46:43,40.80,,
75,07/08/2021 12:51:43,40.45,,
76,07/08/2021 12:56:43,41.05,,
77,07/08/2021 13:01:43,40.88,,
78,07/08/2021 13:06:43,41.31,,
79,07/08/2021 13:11:43,41.65,,
80,07/08/2021 13:16:43,42.00,,
81,07/08/2021 13:21:43,41.91,,
82,07/08/2021 13:26:43,42.13,,
83,07/08/2021 13:31:43,42.17,,
84,07/08/2021 13:36:43,42.51,,
85,07/08/2021 13:41:43,42.90,,
86,07/08/2021 13:46:43,43.03,,
87,07/08/2021 13:51:43,43.41,,
88,07/08/2021 13:56:43,43.46,,
89,07/08/2021 14:01:43,43.63,,
90,07/08/2021 14:06:43,43.97,,
91,07/08/2021 14:11:43,44.01,,
92,07/08/2021 14:16:43,43.97,,
93,07/08/2021 14:21:43,44.57,,
94,07/08/2021 14:26:43,44.66,,
95,07/08/2021 14:31:43,44.36,,
96,07/08/2021 14:36:43,44.40,,
97,07/08/2021 14:41:43,44.96,,
98,07/08/2021 14:46:43,45.30,,
99,07/08/2021 14:51:43,45.81,,
100,07/08/2021 14:56:43,45.00,,
101,07/08/2021 15:01:43,45.51,,
102,07/08/2021 15:06:43,45.81,,
103,07/08/2021 15:11:43,45.90,,
104,07/08/2021 15:16:43,46.07,,
105,07/08/2021 15:21:43,45.90,,
106,07/08/2021 15:26:43,46.12,,
107,07/08/2021 15:31:43,45.81,,
108,07/08/2021 15:36:43,45.51,,
109,07/08/2021 15:41:43,45.94,,
110,07/08/2021 15:46:43,45.90,,
111,07/08/2021 15:51:43,46.16,,
112,07/08/2021 15:56:43,45.69,,
113,07/08/2021 16:01:43,45.73,,
114,07/08/2021 16:06:43,45.26,,
115,07/08/2021 16:11:43,45.17,,
116,07/08/2021 16:16:43,45.26,,
117,07/08/2021 16:21:43,45.13,,
118,07/08/2021 16:26:43,44.96,,
119,07/08/2021 16:31:43,45.00,,
120,07/08/2021 16:36:43,44.96,,
121,07/08/2021 16:41:43,45.04,,
122,07/08/2021 16:46:43,44.66,,
123,07/08/2021 16:51:43,44.70,,
124,07/08/2021 16:56:43,44.61,,
125,07/08/2021 17:01:43,44.40,,
126,07/08/2021 17:06:43,44.06,,
127,07/08/2021 17:11:43,43.88,,
128,07/08/2021 17:16:43,44.23,,
129,07/08/2021 17:21:43,44.10,,
130,07/08/2021 17:26:43,44.14,,
131,07/08/2021 17:31:43,44.48,,
132,07/08/2021 17:36:43,44.61,,
133,07/08/2021 17:41:43,44.70,,
134,07/08/2021 17:46:43,44.70,,
135,07/08/2021 17:51:43,44.10,,
136,07/08/2021 17:56:43,44.10,,
137,07/08/2021 18:01:43,43.33,,
138,07/08/2021 18:06:43,42.81,,
139,07/08/2021 18:11:43,42.17,,
140,07/08/2021 18:16:43,41.91,,
141,07/08/2021 18:21:43,41.70,,
142,07/08/2021 18:26:43,41.27,,
143,07/08/2021 18:31:43,41.40,,
144,07/08/2021 18:36:43,41.35,,
145,07/08/2021 18:41:43,40.97,,
146,07/08/2021 18:46:43,40.41,,
147,07/08/2021 18:51:43,39.89,,
148,07/08/2021 18:56:43,39.47,,
149,07/08/2021 19:01:43,38.99,,
150,07/08/2021 19:06:43,38.48,,
151,07/08/2021 19:11:43,38.09,,
152,07/08/2021 19:16:43,37.71,,
153,07/08/2021 19:21:43,37.23,,
154,07/08/2021 19:26:43,36.72,,
155,07/08/2021 19:31:43,36.33,,
156,07/08/2021 19:36:43,35.82,,
157,07/08/2021 19:41:43,35.43,,
158,07/08/2021 19:46:43,34.96,,
159,07/08/2021 19:51:43,34.45,,
160,07/08/2021 19:56:43,34.02,,
161,07/08/2021 20:01:43,33.46,,
162,07/08/2021 20:06:43,32.69,,
163,07/08/2021 20:11:43,31.92,,
164,07/08/2021 20:16:43,31.19,,
165,07/08/2021 20:21:43,30.46,,
166,07/08/2021 20:26:43,29.81,,
167,07/08/2021 20:31:43,29.04,,
168,07/08/2021 20:36:43,28.74,,
169,07/08/2021 20:41:43,28.18,,
170,07/08/2021 20:46:43,27.54,,
171,07/08/2021 20:51:43,27.24,,
172,07/08/2021 20:56:43,27.15,,
173,07/08/2021 21:01:43,26.64,,
174,07/08/2021 21:06:43,26.17,,
175,07/08/2021 21:11:43,25.57,,
176,07/08/2021 21:16:43,25.09,,
177,07/08/2021 21:21:43,24.92,,
178,07/08/2021 21:26:43,24.54,,
179,07/08/2021 21:31:43,24.45,,
180,07/08/2021 21:36:43,24.45,,
181,07/08/2021 21:41:43,24.54,,
182,07/08/2021 21:46:43,24.24,,
183,07/08/2021 21:51:43,24.02,,
184,07/08/2021 21:56:43,23.81,,
185,07/08/2021 22:01:43,23.55,,
186,07/08/2021 22:06:43,23.25,,
187,07/08/2021 22:11:43,22.91,,
188,07/08/2021 22:16:43,22.61,,
189,07/08/2021 22:21:43,22.13,,
190,07/08/2021 22:26:43,21.66,,
191,07/08/2021 22:31:43,21.32,,
192,07/08/2021 22:36:43,21.66,,
193,07/08/2021 22:41:43,21.88,,
194,07/08/2021 22:46:43,22.09,,
195,07/08/2021 22:51:43,22.73,,
196,07/08/2021 22:56:43,23.12,,
197,07/08/2021 23:01:43,23.38,,
198,07/08/2021 23:06:43,23.51,,
199,07/08/2021 23:11:43,23.29,,
200,07/08/2021 23:16:43,22.91,,
201,07/08/2021 23:21:43,22.99,,
202,07/08/2021 23:26:43,22.91,,
203,07/08/2021 23:31:43,22.26,,
204,07/08/2021 23:36:43,21.58,,
205,07/08/2021 23:41:43,20.76,,
206,07/08/2021 23:46:43,20.33,,
207,07/08/2021 23:51:43,20.12,,
208,07/08/2021 23:56:43,19.99,,
209,07/09/2021 00:01:43,19.77,,
210,07/09/2021 00:06:43,19.52,,
211,07/09/2021 00:11:43,19.39,,
212,07/09/2021 00:16:43,19.09,,
213,07/09/2021 00:21:43,18.87,,
214,07/09/2021 00:26:43,18.57,,
215,07/09/2021 00:31:43,18.36,,
216,07/09/2021 00:36:43,18.32,,
217,07/09/2021 00:41:43,18.14,,
218,07/09/2021 00:46:43,18.23,,
219,07/09/2021 00:51:43,18.23,,
220,07/09/2021 00:56:43,18.10,,
221,07/09/2021 01:01:43,18.06,,
222,07/09/2021 01:06:43,17.89,,
223,07/09/2021 01:11:43,17.89,,
224,07/09/2021 01:16:43,17.80,,
225,07/09/2021 01:21:43,17.72,,
226,07/09/2021 01:26:43,17.63,,
227,07/09/2021 01:31:43,17.63,,
228,07/09/2021 01:36:43,17.67,,
229,07/09/2021 01:41:43,17.46,,
230,07/09/2021 01:46:43,17.20,,
231,07/09/2021 01:51:43,17.07,,
232,07/09/2021 01:56:43,17.03,,
233,07/09/2021 02:01:43,17.03,,
234,07/09/2021 02:06:43,17.20,,
235,07/09/2021 02:11:43,17.20,,
236,07/09/2021 02:16:43,17.33,,
237,07/09/2021 02:21:43,17.29,,
238,07/09/2021 02:26:43,16.99,,
239,07/09/2021 02:31:43,16.69,,
240,07/09/2021 02:36:43,16.60,,
241,07/09/2021 02:41:43,16.64,,
242,07/09/2021 02:46:43,16.69,,
243,07/09/2021 02:51:43,16.90,,
244,07/09/2021 02:56:43,16.94,,
245,07/09/2021 03:01:43,16.56,,
246,07/09/2021 03:06:43,16.30,,
247,07/09/2021 03:11:43,16.21,,
248,07/09/2021 03:16:43,16.21,,
249,07/09/2021 03:21:43,16.30,,
250,07/09/2021 03:26:43,16.30,,
251,07/09/2021 03:31:43,16.39,,
252,07/09/2021 03:36:43,16.34,,
253,07/09/2021 03:41:43,16.39,,
254,07/09/2021 03:46:43,16.34,,
255,07/09/2021 03:51:43,16.43,,
256,07/09/2021 03:56:43,16.69,,
257,07/09/2021 04:01:43,17.20,,
258,07/09/2021 04:06:43,17.50,,
259,07/09/2021 04:11:43,17.46,,
260,07/09/2021 04:16:43,17.07,,
261,07/09/2021 04:21:43,16.94,,
262,07/09/2021 04:26:43,16.90,,
263,07/09/2021 04:31:43,16.56,,
264,07/09/2021 04:36:43,16.60,,
265,07/09/2021 04:41:43,16.81,,
266,07/09/2021 04:46:43,16.39,,
267,07/09/2021 04:51:43,16.26,,
268,07/09/2021 04:56:43,16.26,,
269,07/09/2021 05:01:43,16.64,,
270,07/09/2021 05:06:43,17.11,,
271,07/09/2021 05:11:43,17.16,,
272,07/09/2021 05:16:43,17.29,,
273,07/09/2021 05:21:43,17.37,,
274,07/09/2021 05:26:43,17.24,,
275,07/09/2021 05:31:43,17.33,,
276,07/09/2021 05:36:43,17.33,,
277,07/09/2021 05:41:43,17.24,,
278,07/09/2021 05:46:43,17.16,,
279,07/09/2021 05:51:43,17.07,,
280,07/09/2021 05:56:43,17.16,,
281,07/09/2021 06:01:43,17.59,,
282,07/09/2021 06:06:43,17.76,,
283,07/09/2021 06:11:43,18.53,,
284,07/09/2021 06:16:43,19.43,,
285,07/09/2021 06:21:43,20.20,,
286,07/09/2021 06:26:43,21.02,,
287,07/09/2021 06:31:43,21.66,,
288,07/09/2021 06:36:43,22.39,,
289,07/09/2021 06:41:43,23.16,,
290,07/09/2021 06:46:43,23.94,,
291,07/09/2021 06:51:43,24.92,,
292,07/09/2021 06:56:43,25.69,,
293,07/09/2021 07:01:43,26.55,,
294,07/09/2021 07:06:43,27.75,,
295,07/09/2021 07:11:43,28.61,,
296,07/09/2021 07:16:43,29.17,,
297,07/09/2021 07:21:43,29.56,,
298,07/09/2021 07:26:43,30.20,,
299,07/09/2021 07:31:43,29.94,,
300,07/09/2021 07:36:43,29.34,,
301,07/09/2021 07:41:43,28.83,,
302,07/09/2021 07:46:43,28.53,,
303,07/09/2021 07:51:43,28.53,,
304,07/09/2021 07:56:43,28.05,,
305,07/09/2021 08:01:43,27.88,,
306,07/09/2021 08:06:43,27.84,,
307,07/09/2021 08:11:43,27.80,,
308,07/09/2021 08:16:43,28.31,,
309,07/09/2021 08:21:43,28.18,,
310,07/09/2021 08:26:43,28.57,,
311,07/09/2021 08:31:43,29.38,,
312,07/09/2021 08:36:43,30.24,,
313,07/09/2021 08:41:43,30.59,,
314,07/09/2021 08:46:43,31.31,,
315,07/09/2021 08:51:43,31.49,,
316,07/09/2021 08:56:43,32.04,,
317,07/09/2021 09:01:43,32.64,,
318,07/09/2021 09:06:43,32.90,,
319,07/09/2021 09:11:43,33.50,,
320,07/09/2021 09:16:43,33.93,,
321,07/09/2021 09:21:43,34.23,,
322,07/09/2021 09:26:43,34.40,,
323,07/09/2021 09:31:43,34.79,,
324,07/09/2021 09:36:43,34.88,,
325,07/09/2021 09:41:43,35.13,,
326,07/09/2021 09:46:43,35.30,,
327,07/09/2021 09:51:43,35.43,,
328,07/09/2021 09:56:43,36.51,,
329,07/09/2021 10:01:43,37.15,,
330,07/09/2021 10:06:43,37.79,,
331,07/09/2021 10:11:43,37.75,,
332,07/09/2021 10:16:43,37.75,,
333,07/09/2021 10:21:43,37.79,,
334,07/09/2021 10:26:43,38.39,,
335,07/09/2021 10:31:43,38.65,,
336,07/09/2021 10:36:43,38.44,,
337,07/09/2021 10:41:43,39.38,,
338,07/09/2021 10:46:43,39.51,,
339,07/09/2021 10:51:43,39.89,,
340,07/09/2021 10:56:43,40.41,,
341,07/09/2021 11:01:43,40.67,,
342,07/09/2021 11:06:43,41.14,,
343,07/09/2021 11:11:43,41.57,,
344,07/09/2021 11:16:43,42.17,,
345,07/09/2021 11:21:43,42.77,,
346,07/09/2021 11:26:43,43.28,,
347,07/09/2021 11:31:43,43.37,,
348,07/09/2021 11:36:43,43.71,,
349,07/09/2021 11:41:43,44.18,,
350,07/09/2021 11:46:43,44.27,,
351,07/09/2021 11:51:43,44.36,,
352,07/09/2021 11:56:43,44.36,,
353,07/09/2021 12:01:43,44.44,,
354,07/09/2021 12:06:43,44.74,,
355,07/09/2021 12:11:43,45.04,,
356,07/09/2021 12:16:43,45.56,,
357,07/09/2021 12:21:43,46.33,,
358,07/09/2021 12:26:43,45.60,,
359,07/09/2021 12:31:43,46.03,,
360,07/09/2021 12:36:43,46.67,,
361,07/09/2021 12:41:43,46.29,,
362,07/09/2021 12:46:43,46.37,,
363,07/09/2021 12:51:43,46.42,,
364,07/09/2021 12:56:43,46.33,,
365,07/09/2021 13:01:43,46.67,,
366,07/09/2021 13:06:43,46.37,,
367,07/09/2021 13:11:43,46.24,,
368,07/09/2021 13:16:43,46.33,,
369,07/09/2021 13:21:43,46.59,,
370,07/09/2021 13:26:43,46.93,,
371,07/09/2021 13:31:43,46.29,,
372,07/09/2021 13:36:43,46.72,,
373,07/09/2021 13:41:43,47.02,,
374,07/09/2021 13:46:43,46.89,,
375,07/09/2021 13:51:43,46.76,,
376,07/09/2021 13:56:43,46.72,,
377,07/09/2021 14:01:43,47.32,,
378,07/09/2021 14:06:43,47.06,,
379,07/09/2021 14:11:43,47.36,,
380,07/09/2021 14:16:43,47.83,,
381,07/09/2021 14:21:43,47.32,,
382,07/09/2021 14:26:43,47.75,,
383,07/09/2021 14:31:43,47.87,,
384,07/09/2021 14:36:43,47.57,,
385,07/09/2021 14:41:43,48.09,,
386,07/09/2021 14:46:43,47.96,,
387,07/09/2021 14:51:43,47.92,,
388,07/09/2021 14:56:43,48.13,,
389,07/09/2021 15:01:43,47.10,,
390,07/09/2021 15:06:43,47.14,,
391,07/09/2021 15:11:43,47.10,,
392,07/09/2021 15:16:43,47.49,,
393,07/09/2021 15:21:43,47.10,,
394,07/09/2021 15:26:43,47.36,,
395,07/09/2021 15:31:43,47.40,,
396,07/09/2021 15:36:43,47.57,,
397,07/09/2021 15:41:43,47.19,,
398,07/09/2021 15:46:43,47.45,,
399,07/09/2021 15:51:43,47.45,,
400,07/09/2021 15:56:43,47.87,,
401,07/09/2021 16:01:43,47.40,,
402,07/09/2021 16:06:43,47.14,,
403,07/09/2021 16:11:43,47.40,,
404,07/09/2021 16:16:43,47.10,,
405,07/09/2021 16:21:43,46.72,,
406,07/09/2021 16:26:43,46.84,,
407,07/09/2021 16:31:43,46.80,,
408,07/09/2021 16:36:43,46.89,,
409,07/09/2021 16:41:43,47.02,,
410,07/09/2021 16:46:43,46.76,,
411,07/09/2021 16:51:43,46.72,,
412,07/09/2021 16:56:43,46.80,,
413,07/09/2021 17:01:43,46.37,,
414,07/09/2021 17:06:43,46.89,,
415,07/09/2021 17:11:43,47.27,,
416,07/09/2021 17:16:43,46.93,,
417,07/09/2021 17:21:43,46.93,,
418,07/09/2021 17:26:43,46.93,,
419,07/09/2021 17:31:43,46.54,,
420,07/09/2021 17:36:43,46.42,,
421,07/09/2021 17:41:43,46.33,,
422,07/09/2021 17:46:43,46.42,,
423,07/09/2021 17:51:43,46.37,,
424,07/09/2021 17:56:43,46.59,,
425,07/09/2021 18:01:43,46.54,,
426,07/09/2021 18:06:43,47.06,,
427,07/09/2021 18:11:43,46.84,,
428,07/09/2021 18:16:43,46.03,,
429,07/09/2021 18:21:43,45.86,,
430,07/09/2021 18:26:43,45.47,,
431,07/09/2021 18:31:43,44.83,,
432,07/09/2021 18:36:43,44.06,,
433,07/09/2021 18:41:43,43.58,,
434,07/09/2021 18:46:43,42.81,,
435,07/09/2021 18:51:43,42.21,,
436,07/09/2021 18:56:43,41.83,,
437,07/09/2021 19:01:43,41.44,,
438,07/09/2021 19:06:43,41.40,,
439,07/09/2021 19:11:43,41.05,,
440,07/09/2021 19:16:43,40.54,,
441,07/09/2021 19:21:43,40.28,,
442,07/09/2021 19:26:43,39.81,,
443,07/09/2021 19:31:43,38.95,,
444,07/09/2021 19:36:43,38.44,,
445,07/09/2021 19:41:43,37.92,,
446,07/09/2021 19:46:43,37.28,,
447,07/09/2021 19:51:43,36.55,,
448,07/09/2021 19:56:43,35.95,,
449,07/09/2021 20:01:43,35.30,,
450,07/09/2021 20:06:43,34.53,,
451,07/09/2021 20:11:43,33.97,,
452,07/09/2021 20:16:43,33.42,,
453,07/09/2021 20:21:43,32.86,,
454,07/09/2021 20:26:43,32.34,,
455,07/09/2021 20:31:43,31.83,,
456,07/09/2021 20:36:43,31.31,,
457,07/09/2021 20:41:43,30.97,,
458,07/09/2021 20:46:43,30.50,,
459,07/09/2021 20:51:43,30.24,,
460,07/09/2021 20:56:43,29.98,,
461,07/09/2021 21:01:43,29.56,,
462,07/09/2021 21:06:43,29.26,,
463,07/09/2021 21:11:43,29.00,,
464,07/09/2021 21:16:43,28.83,,
465,07/09/2021 21:21:43,28.65,,
466,07/09/2021 21:26:43,28.44,,
467,07/09/2021 21:31:43,28.18,,
468,07/09/2021 21:36:43,27.97,,
469,07/09/2021 21:41:43,27.67,,
470,07/09/2021 21:46:43,27.37,,
471,07/09/2021 21:51:43,27.15,,
472,07/09/2021 21:56:43,26.94,,
473,07/09/2021 22:01:43,26.68,,
474,07/09/2021 22:06:43,26.60,,
475,07/09/2021 22:11:43,26.47,,
476,07/09/2021 22:16:43,26.30,,
477,07/09/2021 22:21:43,26.04,,
478,07/09/2021 22:26:43,25.82,,
479,07/09/2021 22:31:43,25.65,,
480,07/09/2021 22:36:43,25.57,,
481,07/09/2021 22:41:43,25.44,,
482,07/09/2021 22:46:43,25.31,,
483,07/09/2021 22:51:43,25.14,,
484,07/09/2021 22:56:43,24.97,,
485,07/09/2021 23:01:43,24.62,,
486,07/09/2021 23:06:43,24.58,,
487,07/09/2021 23:11:43,24.58,,
488,07/09/2021 23:16:43,24.41,,
489,07/09/2021 23:21:43,24.28,,
490,07/09/2021 23:26:43,24.11,,
491,07/09/2021 23:31:43,24.15,,
492,07/09/2021 23:36:43,24.06,,
493,07/09/2021 23:41:43,24.02,,
494,07/09/2021 23:46:43,23.85,,
495,07/09/2021 23:51:43,23.59,,
496,07/09/2021 23:56:43,23.42,,
497,07/10/2021 00:01:43,23.16,,
498,07/10/2021 00:06:43,22.78,,
499,07/10/2021 00:11:43,22.52,,
500,07/10/2021 00:16:43,22.69,,
501,07/10/2021 00:21:43,22.95,,
502,07/10/2021 00:26:43,22.99,,
503,07/10/2021 00:31:43,22.73,,
504,07/10/2021 00:36:43,22.39,,
505,07/10/2021 00:41:43,22.01,,
506,07/10/2021 00:46:43,21.75,,
507,07/10/2021 00:51:43,21.53,,
508,07/10/2021 00:56:43,21.40,,
509,07/10/2021 01:01:43,21.23,,
510,07/10/2021 01:06:43,21.36,,
511,07/10/2021 01:11:43,21.45,,
512,07/10/2021 01:16:43,21.19,,
513,07/10/2021 01:21:43,20.89,,
514,07/10/2021 01:26:43,20.72,,
515,07/10/2021 01:31:43,20.68,,
516,07/10/2021 01:36:43,20.55,,
517,07/10/2021 01:41:43,20.37,,
518,07/10/2021 01:46:43,20.07,,
519,07/10/2021 01:51:43,19.95,,
520,07/10/2021 01:56:43,19.82,,
521,07/10/2021 02:01:43,19.52,,
522,07/10/2021 02:06:43,19.43,,
523,07/10/2021 02:11:43,19.43,,
524,07/10/2021 02:16:43,19.43,,
525,07/10/2021 02:21:43,19.39,,
526,07/10/2021 02:26:43,19.35,,
527,07/10/2021 02:31:43,19.17,,
528,07/10/2021 02:36:43,19.09,,
529,07/10/2021 02:41:43,19.05,,
530,07/10/2021 02:46:43,19.09,,
531,07/10/2021 02:51:43,19.05,,
532,07/10/2021 02:56:43,19.00,,
533,07/10/2021 03:01:43,18.70,,
534,07/10/2021 03:06:43,18.53,,
535,07/10/2021 03:11:43,18.44,,
536,07/10/2021 03:16:43,18.44,,
537,07/10/2021 03:21:43,18.36,,
538,07/10/2021 03:26:43,18.27,,
539,07/10/2021 03:31:43,18.27,,
540,07/10/2021 03:36:43,18.27,,
541,07/10/2021 03:41:43,18.27,,
542,07/10/2021 03:46:43,18.36,,
543,07/10/2021 03:51:43,18.32,,
544,07/10/2021 03:56:43,18.27,,
545,07/10/2021 04:01:43,18.27,,
546,07/10/2021 04:06:43,18.27,,
547,07/10/2021 04:11:43,18.10,,
548,07/10/2021 04:16:43,18.06,,
549,07/10/2021 04:21:43,18.14,,
550,07/10/2021 04:26:43,18.06,,
551,07/10/2021 04:31:43,17.97,,
552,07/10/2021 04:36:43,17.84,,
553,07/10/2021 04:41:43,17.80,,
554,07/10/2021 04:46:43,17.76,,
555,07/10/2021 04:51:43,17.84,,
556,07/10/2021 04:56:43,17.76,,
557,07/10/2021 05:01:43,17.72,,
558,07/10/2021 05:06:43,17.54,,
559,07/10/2021 05:11:43,17.37,,
560,07/10/2021 05:16:43,17.33,,
561,07/10/2021 05:21:43,17.24,,
562,07/10/2021 05:26:43,17.41,,
563,07/10/2021 05:31:43,17.37,,
564,07/10/2021 05:36:43,17.24,,
565,07/10/2021 05:41:43,17.03,,
566,07/10/2021 05:46:43,17.11,,
567,07/10/2021 05:51:43,17.16,,
568,07/10/2021 05:56:43,17.20,,
569,07/10/2021 06:01:43,17.24,,
570,07/10/2021 06:06:43,17.37,,
571,07/10/2021 06:11:43,18.19,,
572,07/10/2021 06:16:43,19.39,,
573,07/10/2021 06:21:43,20.29,,
574,07/10/2021 06:26:43,21.53,,
575,07/10/2021 06:31:43,22.99,,
576,07/10/2021 06:36:43,23.64,,
577,07/10/2021 06:41:43,24.79,,
578,07/10/2021 06:46:43,25.65,,
579,07/10/2021 06:51:43,25.99,,
580,07/10/2021 06:56:43,26.64,,
581,07/10/2021 07:01:43,27.41,,
582,07/10/2021 07:06:43,28.48,,
583,07/10/2021 07:11:43,28.91,,
584,07/10/2021 07:16:43,29.30,,
585,07/10/2021 07:21:43,29.94,,
586,07/10/2021 07:26:43,30.37,,
587,07/10/2021 07:31:43,30.33,,
588,07/10/2021 07:36:43,30.41,,
589,07/10/2021 07:41:43,30.50,,
590,07/10/2021 07:46:43,30.28,,
591,07/10/2021 07:51:43,30.16,,
592,07/10/2021 07:56:43,29.38,,
593,07/10/2021 08:01:43,28.87,,
594,07/10/2021 08:06:43,29.08,,
595,07/10/2021 08:11:43,29.43,,
596,07/10/2021 08:16:43,29.68,,
597,07/10/2021 08:21:43,29.73,,
598,07/10/2021 08:26:43,29.77,,
599,07/10/2021 08:31:43,30.11,,
600,07/10/2021 08:36:43,30.50,,
601,07/10/2021 08:41:43,31.19,,
602,07/10/2021 08:46:43,31.53,,
603,07/10/2021 08:51:43,32.00,,
604,07/10/2021 08:56:43,32.17,,
605,07/10/2021 09:01:43,32.77,,
606,07/10/2021 09:06:43,32.99,,
607,07/10/2021 09:11:43,33.46,,
608,07/10/2021 09:16:43,34.10,,
609,07/10/2021 09:21:43,34.02,,
610,07/10/2021 09:26:43,34.88,,
611,07/10/2021 09:31:43,34.92,,
612,07/10/2021 09:36:43,35.52,,
613,07/10/2021 09:41:43,35.48,,
614,07/10/2021 09:46:43,35.82,,
615,07/10/2021 09:51:43,35.95,,
616,07/10/2021 09:56:43,35.78,,
617,07/10/2021 10:01:43,36.08,,
618,07/10/2021 10:06:43,36.89,,
619,07/10/2021 10:11:43,36.63,,
620,07/10/2021 10:16:43,36.76,,
621,07/10/2021 10:21:43,37.11,,
622,07/10/2021 10:26:43,37.92,,
623,07/10/2021 10:31:43,38.09,,
624,07/10/2021 10:36:43,38.91,,
625,07/10/2021 10:41:43,39.04,,
626,07/10/2021 10:46:43,39.12,,
627,07/10/2021 10:51:43,39.59,,
628,07/10/2021 10:56:43,39.94,,
629,07/10/2021 11:01:43,39.85,,
630,07/10/2021 11:06:43,40.62,,
631,07/10/2021 11:11:43,41.52,,
632,07/10/2021 11:16:43,41.57,,
633,07/10/2021 11:21:43,41.78,,
634,07/10/2021 11:26:43,42.08,,
635,07/10/2021 11:31:43,42.21,,
636,07/10/2021 11:36:43,42.77,,
637,07/10/2021 11:41:43,42.98,,
638,07/10/2021 11:46:43,42.77,,
639,07/10/2021 11:51:43,43.24,,
640,07/10/2021 11:56:43,43.97,,
641,07/10/2021 12:01:43,44.14,,
642,07/10/2021 12:06:43,44.01,,
643,07/10/2021 12:11:43,44.23,,
644,07/10/2021 12:16:43,43.97,,
645,07/10/2021 12:21:43,44.57,,
646,07/10/2021 12:26:43,44.70,,
647,07/10/2021 12:31:43,45.13,,
648,07/10/2021 12:36:43,45.30,,
649,07/10/2021 12:41:43,45.56,,
650,07/10/2021 12:46:43,45.90,,
651,07/10/2021 12:51:43,46.33,,
652,07/10/2021 12:56:43,46.54,,
653,07/10/2021 13:01:43,46.33,,
654,07/10/2021 13:06:43,46.50,,
655,07/10/2021 13:11:43,47.32,,
656,07/10/2021 13:16:43,47.75,,
657,07/10/2021 13:21:43,47.92,,
658,07/10/2021 13:26:43,48.86,,
659,07/10/2021 13:31:43,48.39,,
660,07/10/2021 13:36:43,48.26,,
661,07/10/2021 13:41:43,48.30,,
662,07/10/2021 13:46:43,47.79,,
663,07/10/2021 13:51:43,47.62,,
664,07/10/2021 13:56:43,48.13,,
665,07/10/2021 14:01:43,47.92,,
666,07/10/2021 14:06:43,48.13,,
667,07/10/2021 14:11:43,48.00,,
668,07/10/2021 14:16:43,48.90,,
669,07/10/2021 14:21:43,48.86,,
670,07/10/2021 14:26:43,49.08,,
671,07/10/2021 14:31:43,49.20,,
672,07/10/2021 14:36:43,48.52,,
673,07/10/2021 14:41:43,48.47,,
674,07/10/2021 14:46:43,48.73,,
675,07/10/2021 14:51:43,48.69,,
676,07/10/2021 14:56:43,48.22,,
677,07/10/2021 15:01:43,48.65,,
678,07/10/2021 15:06:43,48.77,,
679,07/10/2021 15:11:43,48.82,,
680,07/10/2021 15:16:43,48.60,,
681,07/10/2021 15:21:43,48.69,,
682,07/10/2021 15:26:43,48.90,,
683,07/10/2021 15:31:43,48.52,,
684,07/10/2021 15:36:43,48.17,,
685,07/10/2021 15:41:43,48.09,,
686,07/10/2021 15:46:43,47.92,,
687,07/10/2021 15:51:43,48.09,,
688,07/10/2021 15:56:43,48.26,,
689,07/10/2021 16:01:43,48.77,,
690,07/10/2021 16:06:43,48.73,,
691,07/10/2021 16:11:43,48.60,,
692,07/10/2021 16:16:43,48.17,,
693,07/10/2021 16:21:43,48.17,,
694,07/10/2021 16:26:43,48.65,,
695,07/10/2021 16:31:43,48.65,,
696,07/10/2021 16:36:43,48.56,,
697,07/10/2021 16:41:43,48.17,,
698,07/10/2021 16:46:43,48.22,,
699,07/10/2021 16:51:43,48.39,,
700,07/10/2021 16:56:43,48.77,,
701,07/10/2021 17:01:43,48.56,,
702,07/10/2021 17:06:43,48.47,,
703,07/10/2021 17:11:43,48.30,,
704,07/10/2021 17:16:43,48.39,,
705,07/10/2021 17:21:43,47.83,,
706,07/10/2021 17:26:43,48.05,,
707,07/10/2021 17:31:43,48.00,,
708,07/10/2021 17:36:43,48.22,,
709,07/10/2021 17:41:43,48.26,,
710,07/10/2021 17:46:43,48.39,,
711,07/10/2021 17:51:43,48.52,,
712,07/10/2021 17:56:43,49.03,,
713,07/10/2021 18:01:43,49.16,,
714,07/10/2021 18:06:43,49.38,,
715,07/10/2021 18:11:43,48.95,,
716,07/10/2021 18:16:43,48.82,,
717,07/10/2021 18:21:43,48.52,,
718,07/10/2021 18:26:43,48.26,,
719,07/10/2021 18:31:43,47.92,,
720,07/10/2021 18:36:43,47.57,,
721,07/10/2021 18:41:43,47.19,,
722,07/10/2021 18:46:43,46.84,,
723,07/10/2021 18:51:43,46.54,,
724,07/10/2021 18:56:43,46.29,,
725,07/10/2021 19:01:43,45.86,,
726,07/10/2021 19:06:43,45.30,,
727,07/10/2021 19:11:43,44.91,,
728,07/10/2021 19:16:43,44.44,,
729,07/10/2021 19:21:43,43.97,,
730,07/10/2021 19:26:43,43.41,,
731,07/10/2021 19:31:43,42.85,,
732,07/10/2021 19:36:43,42.25,,
733,07/10/2021 19:41:43,41.74,,
734,07/10/2021 19:46:43,41.14,,
735,07/10/2021 19:51:43,40.41,,
736,07/10/2021 19:56:43,39.59,,
737,07/10/2021 20:01:43,38.61,,
738,07/10/2021 20:06:43,37.45,,
739,07/10/2021 20:11:43,36.42,,
740,07/10/2021 20:16:43,35.52,,
741,07/10/2021 20:21:43,34.70,,
742,07/10/2021 20:26:43,33.97,,
743,07/10/2021 20:31:43,33.16,,
744,07/10/2021 20:36:43,32.52,,
745,07/10/2021 20:41:43,31.87,,
746,07/10/2021 20:46:43,31.31,,
747,07/10/2021 20:51:43,31.10,,
748,07/10/2021 20:56:43,30.76,,
749,07/10/2021 21:01:43,30.63,,
750,07/10/2021 21:06:43,30.37,,
751,07/10/2021 21:11:43,30.03,,
752,07/10/2021 21:16:43,29.51,,
753,07/10/2021 21:21:43,28.57,,
754,07/10/2021 21:26:43,27.84,,
755,07/10/2021 21:31:43,27.93,,
756,07/10/2021 21:36:43,28.48,,
757,07/10/2021 21:41:43,29.13,,
758,07/10/2021 21:46:43,29.56,,
759,07/10/2021 21:51:43,29.47,,
760,07/10/2021 21:56:43,29.26,,
761,07/10/2021 22:01:43,29.00,,
762,07/10/2021 22:06:43,28.70,,
763,07/10/2021 22:11:43,28.48,,
764,07/10/2021 22:16:43,28.31,,
765,07/10/2021 22:21:43,28.10,,
766,07/10/2021 22:26:43,27.84,,
767,07/10/2021 22:31:43,27.50,,
768,07/10/2021 22:36:43,27.24,,
769,07/10/2021 22:41:43,26.81,,
770,07/10/2021 22:46:43,26.42,,
771,07/10/2021 22:51:43,26.12,,
772,07/10/2021 22:56:43,25.95,,
773,07/10/2021 23:01:43,25.65,,
774,07/10/2021 23:06:43,25.35,,
775,07/10/2021 23:11:43,25.09,,
776,07/10/2021 23:16:43,24.75,,
777,07/10/2021 23:21:43,24.54,,
778,07/10/2021 23:26:43,24.36,,
779,07/10/2021 23:31:43,24.19,,
780,07/10/2021 23:36:43,24.11,,
781,07/10/2021 23:41:43,23.98,,
782,07/10/2021 23:46:43,23.72,,
783,07/10/2021 23:51:43,23.42,,
784,07/10/2021 23:56:43,23.42,,
785,07/11/2021 00:01:43,23.21,,
786,07/11/2021 00:06:43,23.16,,
787,07/11/2021 00:11:43,23.03,,
788,07/11/2021 00:16:43,22.99,,
789,07/11/2021 00:21:43,22.82,,
790,07/11/2021 00:26:43,22.65,,
791,07/11/2021 00:31:43,22.48,,
792,07/11/2021 00:36:43,22.35,,
793,07/11/2021 00:41:43,22.18,,
794,07/11/2021 00:46:43,21.96,,
795,07/11/2021 00:51:43,21.79,,
796,07/11/2021 00:56:43,21.70,,
797,07/11/2021 01:01:43,21.62,,
798,07/11/2021 01:06:43,21.49,,
799,07/11/2021 01:11:43,21.28,,
800,07/11/2021 01:16:43,21.23,,
801,07/11/2021 01:21:43,21.15,,
802,07/11/2021 01:26:43,21.02,,
803,07/11/2021 01:31:43,20.89,,
804,07/11/2021 01:36:43,20.89,,
805,07/11/2021 01:41:43,20.85,,
806,07/11/2021 01:46:43,20.72,,
807,07/11/2021 01:51:43,20.55,,
808,07/11/2021 01:56:43,20.42,,
809,07/11/2021 02:01:43,20.37,,
810,07/11/2021 02:06:43,20.20,,
811,07/11/2021 02:11:43,19.95,,
812,07/11/2021 02:16:43,19.65,,
813,07/11/2021 02:21:43,19.30,,
814,07/11/2021 02:26:43,18.96,,
815,07/11/2021 02:31:43,18.74,,
816,07/11/2021 02:36:43,18.49,,
817,07/11/2021 02:41:43,18.36,,
818,07/11/2021 02:46:43,18.27,,
819,07/11/2021 02:51:43,18.32,,
820,07/11/2021 02:56:43,18.36,,
821,07/11/2021 03:01:43,18.57,,
822,07/11/2021 03:06:43,18.66,,
823,07/11/2021 03:11:43,18.74,,
824,07/11/2021 03:16:43,18.87,,
825,07/11/2021 03:21:43,19.05,,
826,07/11/2021 03:26:43,19.13,,
827,07/11/2021 03:31:43,19.13,,
828,07/11/2021 03:36:43,19.00,,
829,07/11/2021 03:41:43,18.92,,
830,07/11/2021 03:46:43,18.79,,
831,07/11/2021 03:51:43,18.70,,
832,07/11/2021 03:56:43,18.62,,
833,07/11/2021 04:01:43,18.57,,
834,07/11/2021 04:06:43,18.44,,
835,07/11/2021 04:11:43,18.06,,
836,07/11/2021 04:16:43,17.76,,
837,07/11/2021 04:21:43,17.33,,
838,07/11/2021 04:26:43,17.07,,
839,07/11/2021 04:31:43,16.90,,
840,07/11/2021 04:36:43,16.69,,
841,07/11/2021 04:41:43,16.64,,
842,07/11/2021 04:46:43,16.56,,
843,07/11/2021 04:51:43,16.43,,
844,07/11/2021 04:56:43,16.21,,
845,07/11/2021 05:01:43,16.17,,
846,07/11/2021 05:06:43,16.30,,
847,07/11/2021 05:11:43,16.26,,
848,07/11/2021 05:16:43,16.30,,
849,07/11/2021 05:21:43,16.30,,
850,07/11/2021 05:26:43,16.39,,
851,07/11/2021 05:31:43,16.39,,
852,07/11/2021 05:36:43,16.64,,
853,07/11/2021 05:41:43,16.69,,
854,07/11/2021 05:46:43,16.43,,
855,07/11/2021 05:51:43,16.17,,
856,07/11/2021 05:56:43,15.91,,
857,07/11/2021 06:01:43,16.00,,
858,07/11/2021 06:06:43,16.69,,
859,07/11/2021 06:11:43,17.63,,
860,07/11/2021 06:16:43,18.40,,
861,07/11/2021 06:21:43,19.30,,
862,07/11/2021 06:26:43,20.16,,
863,07/11/2021 06:31:43,20.98,,
864,07/11/2021 06:36:43,21.79,,
865,07/11/2021 06:41:43,22.91,,
866,07/11/2021 06:46:43,23.94,,
867,07/11/2021 06:51:43,24.19,,
868,07/11/2021 06:56:43,24.71,,
869,07/11/2021 07:01:43,25.48,,
870,07/11/2021 07:06:43,25.65,,
871,07/11/2021 07:11:43,25.57,,
872,07/11/2021 07:16:43,26.08,,
873,07/11/2021 07:21:43,26.77,,
874,07/11/2021 07:26:43,27.45,,
875,07/11/2021 07:31:43,27.54,,
876,07/11/2021 07:36:43,28.01,,
877,07/11/2021 07:41:43,27.97,,
878,07/11/2021 07:46:43,27.75,,
879,07/11/2021 07:51:43,27.63,,
880,07/11/2021 07:56:43,27.02,,
881,07/11/2021 08:01:43,26.47,,
882,07/11/2021 08:06:43,26.30,,
883,07/11/2021 08:11:43,26.42,,
884,07/11/2021 08:16:43,26.34,,
885,07/11/2021 08:21:43,26.55,,
886,07/11/2021 08:26:43,26.90,,
887,07/11/2021 08:31:43,27.20,,
888,07/11/2021 08:36:43,27.50,,
889,07/11/2021 08:41:43,28.01,,
890,07/11/2021 08:46:43,28.53,,
891,07/11/2021 08:51:43,29.13,,
892,07/11/2021 08:56:43,29.51,,
893,07/11/2021 09:01:43,29.86,,
894,07/11/2021 09:06:43,30.41,,
895,07/11/2021 09:11:43,31.10,,
896,07/11/2021 09:16:43,31.96,,
897,07/11/2021 09:21:43,32.43,,
898,07/11/2021 09:26:43,32.47,,
899,07/11/2021 09:31:43,32.90,,
900,07/11/2021 09:36:43,33.63,,
901,07/11/2021 09:41:43,34.53,,
902,07/11/2021 09:46:43,34.79,,
903,07/11/2021 09:51:43,35.13,,
904,07/11/2021 09:56:43,34.57,,
905,07/11/2021 10:01:43,34.88,,
906,07/11/2021 10:06:43,35.18,,
907,07/11/2021 10:11:43,35.52,,
908,07/11/2021 10:16:43,35.30,,
909,07/11/2021 10:21:43,35.52,,
910,07/11/2021 10:26:43,35.48,,
911,07/11/2021 10:31:43,35.82,,
912,07/11/2021 10:36:43,36.29,,
913,07/11/2021 10:41:43,36.42,,
914,07/11/2021 10:46:43,36.08,,
915,07/11/2021 10:51:43,36.16,,
916,07/11/2021 10:56:43,36.85,,
917,07/11/2021 11:01:43,37.41,,
918,07/11/2021 11:06:43,37.66,,
919,07/11/2021 11:11:43,38.05,,
920,07/11/2021 11:16:43,38.74,,
921,07/11/2021 11:21:43,38.86,,
922,07/11/2021 11:26:43,39.47,,
923,07/11/2021 11:31:43,40.02,,
924,07/11/2021 11:36:43,39.77,,
925,07/11/2021 11:41:43,40.28,,
926,07/11/2021 11:46:43,40.24,,
927,07/11/2021 11:51:43,40.92,,
928,07/11/2021 11:56:43,40.58,,
929,07/11/2021 12:01:43,40.62,,
930,07/11/2021 12:06:43,40.19,,
931,07/11/2021 12:11:43,40.92,,
932,07/11/2021 12:16:43,41.10,,
933,07/11/2021 12:21:43,40.92,,
934,07/11/2021 12:26:43,41.18,,
935,07/11/2021 12:31:43,41.57,,
936,07/11/2021 12:36:43,41.91,,
937,07/11/2021 12:41:43,42.17,,
938,07/11/2021 12:46:43,42.08,,
939,07/11/2021 12:51:43,42.00,,
940,07/11/2021 12:56:43,42.64,,
941,07/11/2021 13:01:43,42.73,,
942,07/11/2021 13:06:43,42.98,,
943,07/11/2021 13:11:43,43.37,,
944,07/11/2021 13:16:43,43.33,,
945,07/11/2021 13:21:43,43.97,,
946,07/11/2021 13:26:43,43.97,,
947,07/11/2021 13:31:43,43.50,,
948,07/11/2021 13:36:43,43.67,,
949,07/11/2021 13:41:43,44.18,,
950,07/11/2021 13:46:43,44.31,,
951,07/11/2021 13:51:43,44.70,,
952,07/11/2021 13:56:43,44.14,,
953,07/11/2021 14:01:43,43.88,,
954,07/11/2021 14:06:43,44.31,,
955,07/11/2021 14:11:43,44.53,,
956,07/11/2021 14:16:43,44.70,,
957,07/11/2021 14:21:43,44.61,,
958,07/11/2021 14:26:43,44.83,,
959,07/11/2021 14:31:43,44.53,,
960,07/11/2021 14:36:43,44.44,,
961,07/11/2021 14:41:43,44.31,,
962,07/11/2021 14:46:43,45.17,,
963,07/11/2021 14:51:43,45.39,,
964,07/11/2021 14:56:43,44.27,,
965,07/11/2021 15:01:43,43.97,,
966,07/11/2021 15:06:43,44.27,,
967,07/11/2021 15:11:43,44.01,,
968,07/11/2021 15:16:43,44.31,,
969,07/11/2021 15:21:43,44.31,,
970,07/11/2021 15:26:43,44.87,,
971,07/11/2021 15:31:43,44.79,,
972,07/11/2021 15:36:43,44.74,,
973,07/11/2021 15:41:43,44.87,,
974,07/11/2021 15:46:43,44.91,,
975,07/11/2021 15:51:43,44.79,,
976,07/11/2021 15:56:43,44.57,,
977,07/11/2021 16:01:43,43.93,,
978,07/11/2021 16:06:43,43.54,,
979,07/11/2021 16:11:43,43.88,,
980,07/11/2021 16:16:43,44.23,,
981,07/11/2021 16:21:43,44.27,,
982,07/11/2021 16:26:43,43.93,,
983,07/11/2021 16:31:43,43.71,,
984,07/11/2021 16:36:43,43.07,,
985,07/11/2021 16:41:43,42.64,,
986,07/11/2021 16:46:43,42.30,,
987,07/11/2021 16:51:43,42.04,,
988,07/11/2021 16:56:43,42.08,,
989,07/11/2021 17:01:43,41.57,,
990,07/11/2021 17:06:43,41.70,,
991,07/11/2021 17:11:43,41.10,,
992,07/11/2021 17:16:43,40.71,,
993,07/11/2021 17:21:43,40.41,,
994,07/11/2021 17:26:43,40.41,,
995,07/11/2021 17:31:43,39.98,,
996,07/11/2021 17:36:43,40.11,,
997,07/11/2021 17:41:43,40.02,,
998,07/11/2021 17:46:43,39.55,,
999,07/11/2021 17:51:43,39.25,,
1000,07/11/2021 17:56:43,38.65,,
1001,07/11/2021 18:01:43,38.44,,
1002,07/11/2021 18:06:43,38.35,,
1003,07/11/2021 18:11:43,38.18,,
1004,07/11/2021 18:16:43,37.62,,
1005,07/11/2021 18:21:43,37.58,,
1006,07/11/2021 18:26:43,37.41,,
1007,07/11/2021 18:31:43,37.41,,
1008,07/11/2021 18:36:43,37.19,,
1009,07/11/2021 18:41:43,36.93,,
1010,07/11/2021 18:46:43,36.68,,
1011,07/11/2021 18:51:43,36.21,,
1012,07/11/2021 18:56:43,35.86,,
1013,07/11/2021 19:01:43,35.18,,
1014,07/11/2021 19:06:43,34.45,,
1015,07/11/2021 19:11:43,33.50,,
1016,07/11/2021 19:16:43,32.99,,
1017,07/11/2021 19:21:43,32.60,,
1018,07/11/2021 19:26:43,32.09,,
1019,07/11/2021 19:31:43,31.44,,
1020,07/11/2021 19:36:43,31.01,,
1021,07/11/2021 19:41:43,30.67,,
1022,07/11/2021 19:46:43,30.07,,
1023,07/11/2021 19:51:43,29.51,,
1024,07/11/2021 19:56:43,28.95,,
1025,07/11/2021 20:01:43,28.18,,
1026,07/11/2021 20:06:43,27.32,,
1027,07/11/2021 20:11:43,26.68,,
1028,07/11/2021 20:16:43,26.12,,
1029,07/11/2021 20:21:43,25.61,,
1030,07/11/2021 20:26:43,25.09,,
1031,07/11/2021 20:31:43,24.71,,
1032,07/11/2021 20:36:43,24.28,,
1033,07/11/2021 20:41:43,23.94,,
1034,07/11/2021 20:46:43,23.64,,
1035,07/11/2021 20:51:43,23.21,,
1036,07/11/2021 20:56:43,22.95,,
1037,07/11/2021 21:01:43,22.61,,
1038,07/11/2021 21:06:43,22.18,,
1039,07/11/2021 21:11:43,21.88,,
1040,07/11/2021 21:16:43,21.58,,
1041,07/11/2021 21:21:43,21.28,,
1042,07/11/2021 21:26:43,21.06,,
1043,07/11/2021 21:31:43,20.85,,
1044,07/11/2021 21:36:43,20.72,,
1045,07/11/2021 21:41:43,20.46,,
1046,07/11/2021 21:46:43,20.29,,
1047,07/11/2021 21:51:43,20.07,,
1048,07/11/2021 21:56:43,19.86,,
1049,07/11/2021 22:01:43,19.73,,
1050,07/11/2021 22:06:43,19.60,,
1051,07/11/2021 22:11:43,19.47,,
1052,07/11/2021 22:16:43,19.39,,
1053,07/11/2021 22:21:43,19.26,,
1054,07/11/2021 22:26:43,19.05,,
1055,07/11/2021 22:31:43,18.96,,
1056,07/11/2021 22:36:43,18.79,,
1057,07/11/2021 22:41:43,18.62,,
1058,07/11/2021 22:46:43,18.62,,
1059,07/11/2021 22:51:43,18.40,,
1060,07/11/2021 22:56:43,18.27,,
1061,07/11/2021 23:01:43,18.19,,
1062,07/11/2021 23:06:43,17.97,,
1063,07/11/2021 23:11:43,17.80,,
1064,07/11/2021 23:16:43,17.59,,
1065,07/11/2021 23:21:43,17.37,,
1066,07/11/2021 23:26:43,17.24,,
1067,07/11/2021 23:31:43,17.16,,
1068,07/11/2021 23:36:43,16.99,,
1069,07/11/2021 23:41:43,16.77,,
1070,07/11/2021 23:46:43,16.64,,
1071,07/11/2021 23:51:43,16.47,,
1072,07/11/2021 23:56:43,16.34,,
1073,07/12/2021 00:01:43,16.39,,
1074,07/12/2021 00:06:43,16.21,,
1075,07/12/2021 00:11:43,15.96,,
1076,07/12/2021 00:16:43,15.78,,
1077,07/12/2021 00:21:43,15.66,,
1078,07/12/2021 00:26:43,15.66,,
1079,07/12/2021 00:31:43,15.57,,
1080,07/12/2021 00:36:43,15.36,,
1081,07/12/2021 00:41:43,15.10,,
1082,07/12/2021 00:46:43,14.93,,
1083,07/12/2021 00:51:43,14.93,,
1084,07/12/2021 00:56:43,15.01,,
1085,07/12/2021 01:01:43,15.10,,
1086,07/12/2021 01:06:43,15.23,,
1087,07/12/2021 01:11:43,15.23,,
1088,07/12/2021 01:16:43,15.44,,
1089,07/12/2021 01:21:43,15.53,,
1090,07/12/2021 01:26:43,15.44,,
1091,07/12/2021 01:31:43,15.44,,
1092,07/12/2021 01:36:43,15.23,,
1093,07/12/2021 01:41:43,15.10,,
1094,07/12/2021 01:46:43,15.10,,
1095,07/12/2021 01:51:43,15.14,,
1096,07/12/2021 01:56:43,15.23,,
1097,07/12/2021 02:01:43,15.23,,
1098,07/12/2021 02:06:43,15.27,,
1099,07/12/2021 02:11:43,15.14,,
1100,07/12/2021 02:16:43,15.14,,
1101,07/12/2021 02:21:43,15.06,,
1102,07/12/2021 02:26:43,15.01,,
1103,07/12/2021 02:31:43,14.80,,
1104,07/12/2021 02:36:43,14.71,,
1105,07/12/2021 02:41:43,14.71,,
1106,07/12/2021 02:46:43,14.67,,
1107,07/12/2021 02:51:43,14.45,,
1108,07/12/2021 02:56:43,14.11,,
1109,07/12/2021 03:01:43,13.90,,
1110,07/12/2021 03:06:43,13.68,,
1111,07/12/2021 03:11:43,13.12,,
1112,07/12/2021 03:16:43,12.82,,
1113,07/12/2021 03:21:43,12.78,,
1114,07/12/2021 03:26:43,12.61,,
1115,07/12/2021 03:31:43,12.44,,
1116,07/12/2021 03:36:43,12.35,,
1117,07/12/2021 03:41:43,12.35,,
1118,07/12/2021 03:46:43,12.35,,
1119,07/12/2021 03:51:43,12.22,,
1120,07/12/2021 03:56:43,12.14,,
1121,07/12/2021 04:01:43,12.10,,
1122,07/12/2021 04:06:43,12.14,,
1123,07/12/2021 04:11:43,12.05,,
1124,07/12/2021 04:16:43,12.01,,
1125,07/12/2021 04:21:43,11.88,,
1126,07/12/2021 04:26:43,11.88,,
1127,07/12/2021 04:31:43,11.92,,
1128,07/12/2021 04:36:43,11.88,,
1129,07/12/2021 04:41:43,11.75,,
1130,07/12/2021 04:46:43,11.67,,
1131,07/12/2021 04:51:43,11.54,,
1132,07/12/2021 04:56:43,11.62,,
1133,07/12/2021 05:01:43,11.62,,
1134,07/12/2021 05:06:43,11.54,,
1135,07/12/2021 05:11:43,11.58,,
1136,07/12/2021 05:16:43,11.54,,
1137,07/12/2021 05:21:43,11.45,,
1138,07/12/2021 05:26:43,11.41,,
1139,07/12/2021 05:31:43,11.37,,
1140,07/12/2021 05:36:43,11.37,,
1141,07/12/2021 05:41:43,11.28,,
1142,07/12/2021 05:46:43,11.28,,
1143,07/12/2021 05:51:43,11.19,,
1144,07/12/2021 05:56:43,11.24,,
1145,07/12/2021 06:01:43,11.37,,
1146,07/12/2021 06:06:43,11.88,,
1147,07/12/2021 06:11:43,12.61,,
1148,07/12/2021 06:16:43,13.47,,
1149,07/12/2021 06:21:43,14.33,,
1150,07/12/2021 06:26:43,15.44,,
1151,07/12/2021 06:31:43,16.73,,
1152,07/12/2021 06:36:43,17.59,,
1153,07/12/2021 06:41:43,18.66,,
1154,07/12/2021 06:46:43,19.39,,
1155,07/12/2021 06:51:43,19.99,,
1156,07/12/2021 06:56:43,20.80,,
1157,07/12/2021 07:01:43,22.01,,
1158,07/12/2021 07:06:43,22.56,,
1159,07/12/2021 07:11:43,23.21,,
1160,07/12/2021 07:16:43,23.81,,
1161,07/12/2021 07:21:43,24.06,,
1162,07/12/2021 07:26:43,24.11,,
1163,07/12/2021 07:31:43,24.19,,
1164,07/12/2021 07:36:43,24.06,,
1165,07/12/2021 07:41:43,23.98,,
1166,07/12/2021 07:46:43,24.02,,
1167,07/12/2021 07:51:43,23.59,,
1168,07/12/2021 07:56:43,23.46,,
1169,07/12/2021 08:01:43,23.38,,
1170,07/12/2021 08:06:43,23.64,,
1171,07/12/2021 08:11:43,23.89,,
1172,07/12/2021 08:16:43,24.32,,
1173,07/12/2021 08:21:43,24.84,,
1174,07/12/2021 08:26:43,25.09,,
1175,07/12/2021 08:31:43,25.31,,
1176,07/12/2021 08:36:43,25.91,,
1177,07/12/2021 08:41:43,26.60,,
1178,07/12/2021 08:46:43,26.72,,
1179,07/12/2021 08:51:43,27.02,,
1180,07/12/2021 08:56:43,27.02,,
1181,07/12/2021 09:01:43,27.50,,
1182,07/12/2021 09:06:43,27.67,,
1183,07/12/2021 09:11:43,27.67,,
1184,07/12/2021 09:16:43,28.23,,
1185,07/12/2021 09:21:43,28.87,,
1186,07/12/2021 09:26:43,28.91,,
1187,07/12/2021 09:31:43,29.13,,
1188,07/12/2021 09:36:43,29.13,,
1189,07/12/2021 09:41:43,29.34,,
1190,07/12/2021 09:46:43,29.60,,
1191,07/12/2021 09:51:43,29.81,,
1192,07/12/2021 09:56:43,29.68,,
1193,07/12/2021 10:01:43,30.41,,
1194,07/12/2021 10:06:43,30.16,,
1195,07/12/2021 10:11:43,30.28,,
1196,07/12/2021 10:16:43,31.01,,
1197,07/12/2021 10:21:43,30.76,,
1198,07/12/2021 10:26:43,31.57,,
1199,07/12/2021 10:31:43,31.53,,
1200,07/12/2021 10:36:43,31.87,,
1201,07/12/2021 10:41:43,32.17,,
1202,07/12/2021 10:46:43,32.60,,
1203,07/12/2021 10:51:43,32.99,,
1204,07/12/2021 10:56:43,32.82,,
1205,07/12/2021 11:01:43,32.56,,
1206,07/12/2021 11:06:43,33.16,,
1207,07/12/2021 11:11:43,32.69,,
1208,07/12/2021 11:16:43,33.03,,
1209,07/12/2021 11:21:43,33.50,,
1210,07/12/2021 11:26:43,33.67,,
1211,07/12/2021 11:31:43,34.40,,
1212,07/12/2021 11:36:43,34.40,,
1213,07/12/2021 11:41:43,34.53,,
1214,07/12/2021 11:46:43,35.39,,
1215,07/12/2021 11:51:43,36.16,,
1216,07/12/2021 11:56:43,36.42,,
1217,07/12/2021 12:01:43,36.38,,
1218,07/12/2021 12:06:43,36.38,,
1219,07/12/2021 12:11:43,37.23,,
1220,07/12/2021 12:16:43,37.19,,
1221,07/12/2021 12:21:43,36.46,,
1222,07/12/2021 12:26:43,36.98,,
1223,07/12/2021 12:31:43,37.19,,
1224,07/12/2021 12:36:43,37.96,,
1225,07/12/2021 12:41:43,38.22,,
1226,07/12/2021 12:46:43,38.61,,
1227,07/12/2021 12:51:43,38.05,,
1228,07/12/2021 12:56:43,37.88,,
1229,07/12/2021 13:01:43,37.84,,
1230,07/12/2021 13:06:43,38.61,,
1231,07/12/2021 13:11:43,38.99,,
1232,07/12/2021 13:16:43,38.39,,
1233,07/12/2021 13:21:43,38.69,,
1234,07/12/2021 13:26:43,39.29,,
1235,07/12/2021 13:31:43,38.52,,
1236,07/12/2021 13:36:43,38.35,,
1237,07/12/2021 13:41:43,39.12,,
1238,07/12/2021 13:46:43,39.17,,
1239,07/12/2021 13:51:43,38.86,,
1240,07/12/2021 13:56:43,39.21,,
1241,07/12/2021 14:01:43,39.72,,
1242,07/12/2021 14:06:43,40.15,,
1243,07/12/2021 14:11:43,39.47,,
1244,07/12/2021 14:16:43,39.42,,
1245,07/12/2021 14:21:43,39.98,,
1246,07/12/2021 14:26:43,40.11,,
1247,07/12/2021 14:31:43,39.85,,
1248,07/12/2021 14:36:43,40.11,,
1249,07/12/2021 14:41:43,39.68,,
1250,07/12/2021 14:46:43,40.07,,
1251,07/12/2021 14:51:43,40.32,,
1252,07/12/2021 14:56:43,39.89,,
1253,07/12/2021 15:01:43,39.89,,
1254,07/12/2021 15:06:43,39.25,,
1255,07/12/2021 15:11:43,39.34,,
1256,07/12/2021 15:16:43,39.81,,
1257,07/12/2021 15:21:43,39.77,,
1258,07/12/2021 15:26:43,40.24,,
1259,07/12/2021 15:31:43,39.89,,
1260,07/12/2021 15:36:43,39.85,,
1261,07/12/2021 15:41:43,40.84,,
1262,07/12/2021 15:46:43,40.80,,
1263,07/12/2021 15:51:43,40.41,,
1264,07/12/2021 15:56:43,39.68,,
1265,07/12/2021 16:01:43,40.15,,
1266,07/12/2021 16:06:43,39.77,,
1267,07/12/2021 16:11:43,40.11,,
1268,07/12/2021 16:16:43,39.72,,
1269,07/12/2021 16:21:43,39.94,,
1270,07/12/2021 16:26:43,39.42,,
1271,07/12/2021 16:31:43,39.29,,
1272,07/12/2021 16:36:43,38.86,,
1273,07/12/2021 16:41:43,39.17,,
1274,07/12/2021 16:46:43,39.21,,
1275,07/12/2021 16:51:43,39.12,,
1276,07/12/2021 16:56:43,39.08,,
1277,07/12/2021 17:01:43,38.56,,
1278,07/12/2021 17:06:43,38.74,,
1279,07/12/2021 17:11:43,38.56,,
1280,07/12/2021 17:16:43,38.39,,
1281,07/12/2021 17:21:43,38.35,,
1282,07/12/2021 17:26:43,37.79,,
1283,07/12/2021 17:31:43,37.11,,
1284,07/12/2021 17:36:43,36.55,,
1285,07/12/2021 17:41:43,36.51,,
1286,07/12/2021 17:46:43,36.03,,
1287,07/12/2021 17:51:43,36.21,,
1288,07/12/2021 17:56:43,35.86,,
1289,07/12/2021 18:01:43,35.48,,
1290,07/12/2021 18:06:43,35.39,,
1291,07/12/2021 18:11:43,35.13,,
1292,07/12/2021 18:16:43,34.53,,
1293,07/12/2021 18:21:43,34.06,,
1294,07/12/2021 18:26:43,33.76,,
1295,07/12/2021 18:31:43,33.29,,
1296,07/12/2021 18:36:43,33.03,,
1297,07/12/2021 18:41:43,32.64,,
1298,07/12/2021 18:46:43,32.00,,
1299,07/12/2021 18:51:43,31.53,,
1300,07/12/2021 18:56:43,31.53,,
1301,07/12/2021 19:01:43,30.84,,
1302,07/12/2021 19:06:43,30.41,,
1303,07/12/2021 19:11:43,30.11,,
1304,07/12/2021 19:16:43,29.73,,
1305,07/12/2021 19:21:43,29.21,,
1306,07/12/2021 19:26:43,28.87,,
1307,07/12/2021 19:31:43,28.40,,
1308,07/12/2021 19:36:43,27.97,,
1309,07/12/2021 19:41:43,27.37,,
1310,07/12/2021 19:46:43,26.85,,
1311,07/12/2021 19:51:43,26.30,,
1312,07/12/2021 19:56:43,25.78,,
1313,07/12/2021 20:01:43,25.05,,
1314,07/12/2021 20:06:43,24.24,,
1315,07/12/2021 20:11:43,23.59,,
1316,07/12/2021 20:16:43,23.16,,
1317,07/12/2021 20:21:43,22.65,,
1318,07/12/2021 20:26:43,22.43,,
1319,07/12/2021 20:31:43,22.05,,
1320,07/12/2021 20:36:43,21.66,,
1321,07/12/2021 20:41:43,21.36,,
1322,07/12/2021 20:46:43,21.06,,
1323,07/12/2021 20:51:43,20.72,,
1324,07/12/2021 20:56:43,20.33,,
1325,07/12/2021 21:01:43,20.07,,
1326,07/12/2021 21:06:43,19.86,,
1327,07/12/2021 21:11:43,19.56,,
1328,07/12/2021 21:16:43,19.26,,
1329,07/12/2021 21:21:43,19.13,,
1330,07/12/2021 21:26:43,18.96,,
1331,07/12/2021 21:31:43,18.87,,
1332,07/12/2021 21:36:43,18.70,,
1333,07/12/2021 21:41:43,18.70,,
1334,07/12/2021 21:46:43,18.57,,
1335,07/12/2021 21:51:43,18.49,,
1336,07/12/2021 21:56:43,18.36,,
1337,07/12/2021 22:01:43,18.23,,
1338,07/12/2021 22:06:43,18.19,,
1339,07/12/2021 22:11:43,18.10,,
1340,07/12/2021 22:16:43,17.89,,
1341,07/12/2021 22:21:43,17.84,,
1342,07/12/2021 22:26:43,17.67,,
1343,07/12/2021 22:31:43,17.67,,
1344,07/12/2021 22:36:43,17.59,,
1345,07/12/2021 22:41:43,17.50,,
1346,07/12/2021 22:46:43,17.50,,
1347,07/12/2021 22:51:43,17.50,,
1348,07/12/2021 22:56:43,17.37,,
1349,07/12/2021 23:01:43,17.37,,
1350,07/12/2021 23:06:43,17.29,,
1351,07/12/2021 23:11:43,17.07,,
1352,07/12/2021 23:16:43,17.03,,
1353,07/12/2021 23:21:43,16.94,,
1354,07/12/2021 23:26:43,16.77,,
1355,07/12/2021 23:31:43,16.60,,
1356,07/12/2021 23:36:43,16.47,,
1357,07/12/2021 23:41:43,16.47,,
1358,07/12/2021 23:46:43,16.39,,
1359,07/12/2021 23:51:43,16.21,,
1360,07/12/2021 23:56:43,16.13,,
1361,07/13/2021 00:01:43,15.91,,
1362,07/13/2021 00:06:43,15.78,,
1363,07/13/2021 00:11:43,15.66,,
1364,07/13/2021 00:16:43,15.36,,
1365,07/13/2021 00:21:43,15.23,,
1366,07/13/2021 00:26:43,14.71,,
1367,07/13/2021 00:31:43,14.37,,
1368,07/13/2021 00:36:43,14.20,,
1369,07/13/2021 00:41:43,14.07,,
1370,07/13/2021 00:46:43,14.07,,
1371,07/13/2021 00:51:43,13.94,,
1372,07/13/2021 00:56:43,13.85,,
1373,07/13/2021 01:01:43,13.85,,
1374,07/13/2021 01:06:43,13.81,,
1375,07/13/2021 01:11:43,13.81,,
1376,07/13/2021 01:16:43,13.64,,
1377,07/13/2021 01:21:43,13.81,,
1378,07/13/2021 01:26:43,13.98,,
1379,07/13/2021 01:31:43,14.07,,
1380,07/13/2021 01:36:43,13.94,,
1381,07/13/2021 01:41:43,13.73,,
1382,07/13/2021 01:46:43,13.77,,
1383,07/13/2021 01:51:43,13.98,,
1384,07/13/2021 01:56:43,14.11,,
1385,07/13/2021 02:01:43,14.20,,
1386,07/13/2021 02:06:43,14.20,,
1387,07/13/2021 02:11:43,14.24,,
1388,07/13/2021 02:16:43,14.15,,
1389,07/13/2021 02:21:43,14.03,,
1390,07/13/2021 02:26:43,13.94,,
1391,07/13/2021 02:31:43,13.85,,
1392,07/13/2021 02:36:43,13.94,,
1393,07/13/2021 02:41:43,13.81,,
1394,07/13/2021 02:46:43,13.77,,
1395,07/13/2021 02:51:43,13.73,,
1396,07/13/2021 02:56:43,13.77,,
1397,07/13/2021 03:01:43,13.81,,
1398,07/13/2021 03:06:43,13.90,,
1399,07/13/2021 03:11:43,13.98,,
1400,07/13/2021 03:16:43,13.98,,
1401,07/13/2021 03:21:43,13.98,,
1402,07/13/2021 03:26:43,13.85,,
1403,07/13/2021 03:31:43,13.85,,
1404,07/13/2021 03:36:43,13.77,,
1405,07/13/2021 03:41:43,13.77,,
1406,07/13/2021 03:46:43,13.73,,
1407,07/13/2021 03:51:43,13.77,,
1408,07/13/2021 03:56:43,13.73,,
1409,07/13/2021 04:01:43,13.73,,
1410,07/13/2021 04:06:43,13.73,,
1411,07/13/2021 04:11:43,13.55,,
1412,07/13/2021 04:16:43,13.38,,
1413,07/13/2021 04:21:43,13.21,,
1414,07/13/2021 04:26:43,13.12,,
1415,07/13/2021 04:31:43,13.00,,
1416,07/13/2021 04:36:43,12.87,,
1417,07/13/2021 04:41:43,12.78,,
1418,07/13/2021 04:46:43,12.65,,
1419,07/13/2021 04:51:43,12.52,,
1420,07/13/2021 04:56:43,12.65,,
1421,07/13/2021 05:01:43,12.65,,
1422,07/13/2021 05:06:43,12.65,,
1423,07/13/2021 05:11:43,12.65,,
1424,07/13/2021 05:16:43,12.74,,
1425,07/13/2021 05:21:43,12.70,,
1426,07/13/2021 05:26:43,12.65,,
1427,07/13/2021 05:31:43,12.57,,
1428,07/13/2021 05:36:43,12.74,,
1429,07/13/2021 05:41:43,12.61,,
1430,07/13/2021 05:46:43,12.52,,
1431,07/13/2021 05:51:43,12.48,,
1432,07/13/2021 05:56:43,12.65,,
1433,07/13/2021 06:01:43,12.82,,
1434,07/13/2021 06:06:43,13.12,,
1435,07/13/2021 06:11:43,13.51,,
1436,07/13/2021 06:16:43,14.11,,
1437,07/13/2021 06:21:43,14.80,,
1438,07/13/2021 06:26:43,15.74,,
1439,07/13/2021 06:31:43,16.47,,
1440,07/13/2021 06:36:43,17.37,,
1441,07/13/2021 06:41:43,18.32,,
1442,07/13/2021 06:46:43,19.09,,
1443,07/13/2021 06:51:43,19.69,,
1444,07/13/2021 06:56:43,20.33,,
1445,07/13/2021 07:01:43,21.10,,
1446,07/13/2021 07:06:43,21.70,,
1447,07/13/2021 07:11:43,22.69,,
1448,07/13/2021 07:16:43,22.99,,
1449,07/13/2021 07:21:43,22.95,,
1450,07/13/2021 07:26:43,23.38,,
1451,07/13/2021 07:31:43,23.76,,
1452,07/13/2021 07:36:43,24.02,,
1453,07/13/2021 07:41:43,23.94,,
1454,07/13/2021 07:46:43,24.06,,
1455,07/13/2021 07:51:43,24.11,,
1456,07/13/2021 07:56:43,23.72,,
1457,07/13/2021 08:01:43,23.38,,
1458,07/13/2021 08:06:43,23.55,,
1459,07/13/2021 08:11:43,23.64,,
1460,07/13/2021 08:16:43,24.02,,
1461,07/13/2021 08:21:43,24.49,,
1462,07/13/2021 08:26:43,24.88,,
1463,07/13/2021 08:31:43,25.27,,
1464,07/13/2021 08:36:43,25.39,,
1465,07/13/2021 08:41:43,25.65,,
1466,07/13/2021 08:46:43,26.21,,
1467,07/13/2021 08:51:43,26.47,,
1468,07/13/2021 08:56:43,26.47,,
1469,07/13/2021 09:01:43,26.98,,
1470,07/13/2021 09:06:43,27.32,,
1471,07/13/2021 09:11:43,27.80,,
1472,07/13/2021 09:16:43,28.44,,
1473,07/13/2021 09:21:43,28.53,,
1474,07/13/2021 09:26:43,28.74,,
1475,07/13/2021 09:31:43,29.13,,
1476,07/13/2021 09:36:43,29.64,,
1477,07/13/2021 09:41:43,29.43,,
1478,07/13/2021 09:46:43,30.20,,
1479,07/13/2021 09:51:43,29.77,,
1480,07/13/2021 09:56:43,30.20,,
1481,07/13/2021 10:01:43,30.50,,
1482,07/13/2021 10:06:43,30.07,,
1483,07/13/2021 10:11:43,30.24,,
1484,07/13/2021 10:16:43,30.46,,
1485,07/13/2021 10:21:43,30.59,,
1486,07/13/2021 10:26:43,30.54,,
1487,07/13/2021 10:31:43,30.50,,
1488,07/13/2021 10:36:43,31.19,,
1489,07/13/2021 10:41:43,31.14,,
1490,07/13/2021 10:46:43,31.31,,
1491,07/13/2021 10:51:43,31.92,,
1492,07/13/2021 10:56:43,32.30,,
1493,07/13/2021 11:01:43,32.34,,
1494,07/13/2021 11:06:43,32.52,,
1495,07/13/2021 11:11:43,32.30,,
1496,07/13/2021 11:16:43,32.90,,
1497,07/13/2021 11:21:43,33.33,,
1498,07/13/2021 11:26:43,33.80,,
1499,07/13/2021 11:31:43,33.67,,
1500,07/13/2021 11:36:43,34.02,,
1501,07/13/2021 11:41:43,33.93,,
1502,07/13/2021 11:46:43,35.05,,
1503,07/13/2021 11:51:43,34.45,,
1504,07/13/2021 11:56:43,34.53,,
1505,07/13/2021 12:01:43,34.49,,
1506,07/13/2021 12:06:43,34.75,,
1507,07/13/2021 12:11:43,34.57,,
1508,07/13/2021 12:16:43,34.40,,
1509,07/13/2021 12:21:43,34.83,,
1510,07/13/2021 12:26:43,36.03,,
1511,07/13/2021 12:31:43,36.25,,
1512,07/13/2021 12:36:43,36.46,,
1513,07/13/2021 12:41:43,36.42,,
1514,07/13/2021 12:46:43,36.81,,
1515,07/13/2021 12:51:43,36.89,,
1516,07/13/2021 12:56:43,36.12,,
1517,07/13/2021 13:01:43,36.16,,
1518,07/13/2021 13:06:43,35.69,,
1519,07/13/2021 13:11:43,36.29,,
1520,07/13/2021 13:16:43,36.38,,
1521,07/13/2021 13:21:43,36.63,,
1522,07/13/2021 13:26:43,36.46,,
1523,07/13/2021 13:31:43,36.68,,
1524,07/13/2021 13:36:43,37.06,,
1525,07/13/2021 13:41:43,36.76,,
1526,07/13/2021 13:46:43,36.89,,
1527,07/13/2021 13:51:43,37.36,,
1528,07/13/2021 13:56:43,37.36,,
1529,07/13/2021 14:01:43,37.79,,
1530,07/13/2021 14:06:43,37.96,,
1531,07/13/2021 14:11:43,37.84,,
1532,07/13/2021 14:16:43,37.71,,
1533,07/13/2021 14:21:43,38.22,,
1534,07/13/2021 14:26:43,38.14,,
1535,07/13/2021 14:31:43,38.56,,
1536,07/13/2021 14:36:43,38.65,,
1537,07/13/2021 14:41:43,38.56,,
1538,07/13/2021 14:46:43,38.69,,
1539,07/13/2021 14:51:43,38.99,,
1540,07/13/2021 14:56:43,38.31,,
1541,07/13/2021 15:01:43,38.01,,
1542,07/13/2021 15:06:43,37.96,,
1543,07/13/2021 15:11:43,37.58,,
1544,07/13/2021 15:16:43,38.05,,
1545,07/13/2021 15:21:43,37.49,,
1546,07/13/2021 15:26:43,37.96,,
1547,07/13/2021 15:31:43,37.71,,
1548,07/13/2021 15:36:43,38.05,,
1549,07/13/2021 15:41:43,37.96,,
1550,07/13/2021 15:46:43,37.58,,
1551,07/13/2021 15:51:43,37.32,,
1552,07/13/2021 15:56:43,36.76,,
1553,07/13/2021 16:01:43,36.55,,
1554,07/13/2021 16:06:43,36.55,,
1555,07/13/2021 16:11:43,36.16,,
1556,07/13/2021 16:16:43,35.39,,
1557,07/13/2021 16:21:43,35.52,,
1558,07/13/2021 16:26:43,35.82,,
1559,07/13/2021 16:31:43,35.22,,
1560,07/13/2021 16:36:43,35.00,,
1561,07/13/2021 16:41:43,36.08,,
1562,07/13/2021 16:46:43,36.16,,
1563,07/13/2021 16:51:43,35.82,,
1564,07/13/2021 16:56:43,35.95,,
1565,07/13/2021 17:01:43,35.39,,
1566,07/13/2021 17:06:43,35.13,,
1567,07/13/2021 17:11:43,34.96,,
1568,07/13/2021 17:16:43,34.83,,
1569,07/13/2021 17:21:43,34.92,,
1570,07/13/2021 17:26:43,35.26,,
1571,07/13/2021 17:31:43,34.15,,
1572,07/13/2021 17:36:43,33.89,,
1573,07/13/2021 17:41:43,33.50,,
1574,07/13/2021 17:46:43,32.90,,
1575,07/13/2021 17:51:43,32.56,,
1576,07/13/2021 17:56:43,32.04,,
1577,07/13/2021 18:01:43,31.87,,
1578,07/13/2021 18:06:43,31.61,,
1579,07/13/2021 18:11:43,31.23,,
1580,07/13/2021 18:16:43,31.01,,
1581,07/13/2021 18:21:43,30.41,,
1582,07/13/2021 18:26:43,29.98,,
1583,07/13/2021 18:31:43,29.64,,
1584,07/13/2021 18:36:43,29.30,,
1585,07/13/2021 18:41:43,29.08,,
1586,07/13/2021 18:46:43,28.87,,
1587,07/13/2021 18:51:43,28.78,,
1588,07/13/2021 18:56:43,28.61,,
1589,07/13/2021 19:01:43,28.01,,
1590,07/13/2021 19:06:43,27.63,,
1591,07/13/2021 19:11:43,27.37,,
1592,07/13/2021 19:16:43,27.02,,
1593,07/13/2021 19:21:43,26.55,,
1594,07/13/2021 19:26:43,26.12,,
1595,07/13/2021 19:31:43,25.87,,
1596,07/13/2021 19:36:43,25.52,,
1597,07/13/2021 19:41:43,25.18,,
1598,07/13/2021 19:46:43,24.88,,
1599,07/13/2021 19:51:43,24.62,,
1600,07/13/2021 19:56:43,24.19,,
1601,07/13/2021 20:01:43,23.55,,
1602,07/13/2021 20:06:43,22.95,,
1603,07/13/2021 20:11:43,22.56,,
1604,07/13/2021 20:16:43,22.22,,
1605,07/13/2021 20:21:43,21.92,,
1606,07/13/2021 20:26:43,21.53,,
1607,07/13/2021 20:31:43,21.23,,
1608,07/13/2021 20:36:43,20.85,,
1609,07/13/2021 20:41:43,20.50,,
1610,07/13/2021 20:46:43,20.20,,
1611,07/13/2021 20:51:43,20.03,,
1612,07/13/2021 20:56:43,19.77,,
1613,07/13/2021 21:01:43,19.60,,
1614,07/13/2021 21:06:43,19.35,,
1615,07/13/2021 21:11:43,19.09,,
1616,07/13/2021 21:16:43,18.87,,
1617,07/13/2021 21:21:43,18.79,,
1618,07/13/2021 21:26:43,18.57,,
1619,07/13/2021 21:31:43,18.40,,
1620,07/13/2021 21:36:43,18.10,,
1621,07/13/2021 21:41:43,17.97,,
1622,07/13/2021 21:46:43,17.84,,
1623,07/13/2021 21:51:43,17.72,,
1624,07/13/2021 21:56:43,17.50,,
1625,07/13/2021 22:01:43,17.37,,
1626,07/13/2021 22:06:43,17.20,,
1627,07/13/2021 22:11:43,17.03,,
1628,07/13/2021 22:16:43,16.81,,
1629,07/13/2021 22:21:43,16.69,,
1630,07/13/2021 22:26:43,16.56,,
1631,07/13/2021 22:31:43,16.39,,
1632,07/13/2021 22:36:43,16.30,,
1633,07/13/2021 22:41:43,16.17,,
1634,07/13/2021 22:46:43,16.04,,
1635,07/13/2021 22:51:43,15.96,,
1636,07/13/2021 22:56:43,15.78,,
1637,07/13/2021 23:01:43,15.74,,
1638,07/13/2021 23:06:43,15.70,,
1639,07/13/2021 23:11:43,15.61,,
1640,07/13/2021 23:16:43,15.61,,
1641,07/13/2021 23:21:43,15.57,,
1642,07/13/2021 23:26:43,15.48,,
1643,07/13/2021 23:31:43,15.40,,
1644,07/13/2021 23:36:43,15.36,,
1645,07/13/2021 23:41:43,15.23,,
1646,07/13/2021 23:46:43,15.06,,
1647,07/13/2021 23:51:43,15.01,,
1648,07/13/2021 23:56:43,15.01,,
1649,07/14/2021 00:01:43,14.80,,
1650,07/14/2021 00:06:43,14.71,,
1651,07/14/2021 00:11:43,14.63,,
1652,07/14/2021 00:16:43,14.54,,
1653,07/14/2021 00:21:43,14.50,,
1654,07/14/2021 00:26:43,14.45,,
1655,07/14/2021 00:31:43,14.54,,
1656,07/14/2021 00:36:43,14.45,,
1657,07/14/2021 00:41:43,14.33,,
1658,07/14/2021 00:46:43,14.33,,
1659,07/14/2021 00:51:43,14.33,,
1660,07/14/2021 00:56:43,14.33,,
1661,07/14/2021 01:01:43,14.37,,
1662,07/14/2021 01:06:43,14.37,,
1663,07/14/2021 01:11:43,14.33,,
1664,07/14/2021 01:16:43,14.24,,
1665,07/14/2021 01:21:43,14.11,,
1666,07/14/2021 01:26:43,14.03,,
1667,07/14/2021 01:31:43,13.85,,
1668,07/14/2021 01:36:43,13.64,,
1669,07/14/2021 01:41:43,13.34,,
1670,07/14/2021 01:46:43,13.25,,
1671,07/14/2021 01:51:43,13.08,,
1672,07/14/2021 01:56:43,12.91,,
1673,07/14/2021 02:01:43,12.91,,
1674,07/14/2021 02:06:43,12.87,,
1675,07/14/2021 02:11:43,12.91,,
1676,07/14/2021 02:16:43,12.65,,
1677,07/14/2021 02:21:43,12.61,,
1678,07/14/2021 02:26:43,12.70,,
1679,07/14/2021 02:31:43,12.65,,
1680,07/14/2021 02:36:43,12.52,,
1681,07/14/2021 02:41:43,12.61,,
1682,07/14/2021 02:46:43,12.35,,
1683,07/14/2021 02:51:43,12.10,,
1684,07/14/2021 02:56:43,11.92,,
1685,07/14/2021 03:01:43,11.88,,
1686,07/14/2021 03:06:43,11.84,,
1687,07/14/2021 03:11:43,11.79,,
1688,07/14/2021 03:16:43,11.67,,
1689,07/14/2021 03:21:43,11.54,,
1690,07/14/2021 03:26:43,11.41,,
1691,07/14/2021 03:31:43,11.32,,
1692,07/14/2021 03:36:43,11.24,,
1693,07/14/2021 03:41:43,11.19,,
1694,07/14/2021 03:46:43,11.24,,
1695,07/14/2021 03:51:43,11.37,,
1696,07/14/2021 03:56:43,11.54,,
1697,07/14/2021 04:01:43,11.45,,
1698,07/14/2021 04:06:43,11.37,,
1699,07/14/2021 04:11:43,11.32,,
1700,07/14/2021 04:16:43,11.28,,
1701,07/14/2021 04:21:43,11.19,,
1702,07/14/2021 04:26:43,11.11,,
1703,07/14/2021 04:31:43,10.94,,
1704,07/14/2021 04:36:43,10.81,,
1705,07/14/2021 04:41:43,10.81,,
1706,07/14/2021 04:46:43,10.85,,
1707,07/14/2021 04:51:43,10.77,,
1708,07/14/2021 04:56:43,10.55,,
1709,07/14/2021 05:01:43,10.46,,
1710,07/14/2021 05:06:43,10.25,,
1711,07/14/2021 05:11:43,10.12,,
1712,07/14/2021 05:16:43,10.25,,
1713,07/14/2021 05:21:43,10.21,,
1714,07/14/2021 05:26:43,10.16,,
1715,07/14/2021 05:31:43,10.12,,
1716,07/14/2021 05:36:43,10.34,,
1717,07/14/2021 05:41:43,10.64,,
1718,07/14/2021 05:46:43,10.64,,
1719,07/14/2021 05:51:43,10.72,,
1720,07/14/2021 05:56:43,10.94,,
1721,07/14/2021 06:01:43,10.85,,
1722,07/14/2021 06:06:43,11.15,,
1723,07/14/2021 06:11:43,11.62,,
1724,07/14/2021 06:16:43,12.57,,
1725,07/14/2021 06:21:43,13.64,,
1726,07/14/2021 06:26:43,14.50,,
1727,07/14/2021 06:31:43,15.53,,
1728,07/14/2021 06:36:43,16.73,,
1729,07/14/2021 06:41:43,17.37,,
1730,07/14/2021 06:46:43,18.14,,
1731,07/14/2021 06:51:43,19.35,,
1732,07/14/2021 06:56:43,20.07,,
1733,07/14/2021 07:01:43,20.72,,
1734,07/14/2021 07:06:43,21.23,,
1735,07/14/2021 07:11:43,21.92,,
1736,07/14/2021 07:16:43,22.56,,
1737,07/14/2021 07:21:43,22.86,,
1738,07/14/2021 07:26:43,23.12,,
1739,07/14/2021 07:31:43,23.25,,
1740,07/14/2021 07:36:43,23.29,,
1741,07/14/2021 07:41:43,23.21,,
1742,07/14/2021 07:46:43,22.99,,
1743,07/14/2021 07:51:43,23.21,,
1744,07/14/2021 07:56:43,23.12,,
1745,07/14/2021 08:01:43,22.82,,
1746,07/14/2021 08:06:43,22.78,,
1747,07/14/2021 08:11:43,23.12,,
1748,07/14/2021 08:16:43,23.29,,
1749,07/14/2021 08:21:43,24.15,,
1750,07/14/2021 08:26:43,24.84,,
1751,07/14/2021 08:31:43,25.18,,
1752,07/14/2021 08:36:43,25.39,,
1753,07/14/2021 08:41:43,25.52,,
1754,07/14/2021 08:46:43,26.04,,
1755,07/14/2021 08:51:43,26.17,,
1756,07/14/2021 08:56:43,26.51,,
1757,07/14/2021 09:01:43,26.72,,
1758,07/14/2021 09:06:43,27.41,,
1759,07/14/2021 09:11:43,27.88,,
1760,07/14/2021 09:16:43,27.84,,
1761,07/14/2021 09:21:43,28.01,,
1762,07/14/2021 09:26:43,28.74,,
1763,07/14/2021 09:31:43,28.31,,
1764,07/14/2021 09:36:43,28.70,,
1765,07/14/2021 09:41:43,29.13,,
1766,07/14/2021 09:46:43,29.21,,
1767,07/14/2021 09:51:43,29.08,,
1768,07/14/2021 09:56:43,29.34,,
1769,07/14/2021 10:01:43,29.73,,
1770,07/14/2021 10:06:43,29.90,,
1771,07/14/2021 10:11:43,30.11,,
1772,07/14/2021 10:16:43,30.54,,
1773,07/14/2021 10:21:43,30.80,,
1774,07/14/2021 10:26:43,30.71,,
1775,07/14/2021 10:31:43,30.93,,
1776,07/14/2021 10:36:43,31.23,,
1777,07/14/2021 10:41:43,31.96,,
1778,07/14/2021 10:46:43,31.87,,
1779,07/14/2021 10:51:43,31.66,,
1780,07/14/2021 10:56:43,32.64,,
1781,07/14/2021 11:01:43,33.37,,
1782,07/14/2021 11:06:43,33.72,,
1783,07/14/2021 11:11:43,34.45,,
1784,07/14/2021 11:16:43,34.79,,
1785,07/14/2021 11:21:43,34.75,,
1786,07/14/2021 11:26:43,34.83,,
1787,07/14/2021 11:31:43,34.53,,
1788,07/14/2021 11:36:43,34.49,,
1789,07/14/2021 11:41:43,35.05,,
1790,07/14/2021 11:46:43,35.26,,
1791,07/14/2021 11:51:43,35.99,,
1792,07/14/2021 11:56:43,36.16,,
1793,07/14/2021 12:01:43,35.69,,
1794,07/14/2021 12:06:43,35.95,,
1795,07/14/2021 12:11:43,35.95,,
1796,07/14/2021 12:16:43,36.76,,
1797,07/14/2021 12:21:43,37.11,,
1798,07/14/2021 12:26:43,36.72,,
1799,07/14/2021 12:31:43,37.02,,
1800,07/14/2021 12:36:43,37.02,,
1801,07/14/2021 12:41:43,36.93,,
1802,07/14/2021 12:46:43,37.45,,
1803,07/14/2021 12:51:43,38.09,,
1804,07/14/2021 12:56:43,37.92,,
1805,07/14/2021 13:01:43,37.66,,
1806,07/14/2021 13:06:43,37.58,,
1807,07/14/2021 13:11:43,38.35,,
1808,07/14/2021 13:16:43,37.71,,
1809,07/14/2021 13:21:43,37.45,,
1810,07/14/2021 13:26:43,37.79,,
1811,07/14/2021 13:31:43,37.84,,
1812,07/14/2021 13:36:43,37.58,,
1813,07/14/2021 13:41:43,37.84,,
1814,07/14/2021 13:46:43,37.96,,
1815,07/14/2021 13:51:43,38.05,,
1816,07/14/2021 13:56:43,38.61,,
1817,07/14/2021 14:01:43,37.84,,
1818,07/14/2021 14:06:43,36.81,,
1819,07/14/2021 14:11:43,36.12,,
1820,07/14/2021 14:16:43,36.16,,
1821,07/14/2021 14:21:43,36.12,,
1822,07/14/2021 14:26:43,36.33,,
1823,07/14/2021 14:31:43,36.68,,
1824,07/14/2021 14:36:43,36.03,,
1825,07/14/2021 14:41:43,35.99,,
1826,07/14/2021 14:46:43,36.25,,
1827,07/14/2021 14:51:43,36.42,,
1828,07/14/2021 14:56:43,35.99,,
1829,07/14/2021 15:01:43,36.16,,
1830,07/14/2021 15:06:43,36.38,,
1831,07/14/2021 15:11:43,36.63,,
1832,07/14/2021 15:16:43,36.33,,
1833,07/14/2021 15:21:43,36.29,,
1834,07/14/2021 15:26:43,35.52,,
1835,07/14/2021 15:31:43,36.46,,
1836,07/14/2021 15:36:43,36.68,,
1837,07/14/2021 15:41:43,36.63,,
1838,07/14/2021 15:46:43,36.76,,
1839,07/14/2021 15:51:43,36.81,,
1840,07/14/2021 15:56:43,36.46,,
1841,07/14/2021 16:01:43,36.46,,
1842,07/14/2021 16:06:43,36.51,,
1843,07/14/2021 16:11:43,36.38,,
1844,07/14/2021 16:16:43,36.08,,
1845,07/14/2021 16:21:43,36.16,,
1846,07/14/2021 16:26:43,35.86,,
1847,07/14/2021 16:31:43,36.03,,
1848,07/14/2021 16:36:43,36.21,,
1849,07/14/2021 16:41:43,36.29,,
1850,07/14/2021 16:46:43,36.72,,
1851,07/14/2021 16:51:43,35.95,,
1852,07/14/2021 16:56:43,35.56,,
1853,07/14/2021 17:01:43,35.82,,
1854,07/14/2021 17:06:43,36.21,,
1855,07/14/2021 17:11:43,36.12,,
1856,07/14/2021 17:16:43,35.78,,
1857,07/14/2021 17:21:43,35.30,,
1858,07/14/2021 17:26:43,35.43,,
1859,07/14/2021 17:31:43,35.30,,
1860,07/14/2021 17:36:43,35.09,,
1861,07/14/2021 17:41:43,35.00,,
1862,07/14/2021 17:46:43,35.18,,
1863,07/14/2021 17:51:43,35.00,,
1864,07/14/2021 17:56:43,35.00,,
1865,07/14/2021 18:01:43,34.62,,
1866,07/14/2021 18:06:43,34.19,,
1867,07/14/2021 18:11:43,33.50,,
1868,07/14/2021 18:16:43,33.33,,
1869,07/14/2021 18:21:43,33.20,,
1870,07/14/2021 18:26:43,32.69,,
1871,07/14/2021 18:31:43,32.69,,
1872,07/14/2021 18:36:43,32.39,,
1873,07/14/2021 18:41:43,32.26,,
1874,07/14/2021 18:46:43,31.87,,
1875,07/14/2021 18:51:43,31.70,,
1876,07/14/2021 18:56:43,31.53,,
1877,07/14/2021 19:01:43,31.27,,
1878,07/14/2021 19:06:43,30.89,,
1879,07/14/2021 19:11:43,30.59,,
1880,07/14/2021 19:16:43,30.20,,
1881,07/14/2021 19:21:43,30.03,,
1882,07/14/2021 19:26:43,29.73,,
1883,07/14/2021 19:31:43,29.30,,
1884,07/14/2021 19:36:43,28.87,,
1885,07/14/2021 19:41:43,28.48,,
1886,07/14/2021 19:46:43,27.97,,
1887,07/14/2021 19:51:43,27.50,,
1888,07/14/2021 19:56:43,27.07,,
1889,07/14/2021 20:01:43,26.47,,
1890,07/14/2021 20:06:43,26.04,,
1891,07/14/2021 20:11:43,25.48,,
1892,07/14/2021 20:16:43,25.09,,
1893,07/14/2021 20:21:43,24.75,,
1894,07/14/2021 20:26:43,24.49,,
1895,07/14/2021 20:31:43,24.02,,
1896,07/14/2021 20:36:43,23.64,,
1897,07/14/2021 20:41:43,23.25,,
1898,07/14/2021 20:46:43,22.91,,
1899,07/14/2021 20:51:43,22.52,,
1900,07/14/2021 20:56:43,22.13,,
1901,07/14/2021 21:01:43,21.75,,
1902,07/14/2021 21:06:43,21.45,,
1903,07/14/2021 21:11:43,21.19,,
1904,07/14/2021 21:16:43,21.02,,
1905,07/14/2021 21:21:43,20.85,,
1906,07/14/2021 21:26:43,20.72,,
1907,07/14/2021 21:31:43,20.55,,
1908,07/14/2021 21:36:43,20.29,,
1909,07/14/2021 21:41:43,20.07,,
1910,07/14/2021 21:46:43,19.82,,
1911,07/14/2021 21:51:43,19.60,,
1912,07/14/2021 21:56:43,19.39,,
1913,07/14/2021 22:01:43,19.13,,
1914,07/14/2021 22:06:43,18.87,,
1915,07/14/2021 22:11:43,18.66,,
1916,07/14/2021 22:16:43,18.49,,
1917,07/14/2021 22:21:43,18.32,,
1918,07/14/2021 22:26:43,18.14,,
1919,07/14/2021 22:31:43,17.97,,
1920,07/14/2021 22:36:43,17.89,,
1921,07/14/2021 22:41:43,17.84,,
1922,07/14/2021 22:46:43,17.72,,
1923,07/14/2021 22:51:43,17.76,,
1924,07/14/2021 22:56:43,17.63,,
1925,07/14/2021 23:01:43,17.63,,
1926,07/14/2021 23:06:43,17.59,,
1927,07/14/2021 23:11:43,17.46,,
1928,07/14/2021 23:16:43,17.41,,
1929,07/14/2021 23:21:43,17.46,,
1930,07/14/2021 23:26:43,17.41,,
1931,07/14/2021 23:31:43,17.37,,
1932,07/14/2021 23:36:43,17.37,,
1933,07/14/2021 23:41:43,17.46,,
1934,07/14/2021 23:46:43,17.46,,
1935,07/14/2021 23:51:43,17.50,,
1936,07/14/2021 23:56:43,17.54,,
1937,07/15/2021 00:01:43,17.46,,
1938,07/15/2021 00:06:43,17.46,,
1939,07/15/2021 00:11:43,17.41,,
1940,07/15/2021 00:16:43,17.50,,
1941,07/15/2021 00:21:43,17.33,,
1942,07/15/2021 00:26:43,17.16,,
1943,07/15/2021 00:31:43,17.11,,
1944,07/15/2021 00:36:43,16.94,,
1945,07/15/2021 00:41:43,16.90,,
1946,07/15/2021 00:46:43,16.90,,
1947,07/15/2021 00:51:43,16.77,,
1948,07/15/2021 00:56:43,16.69,,
1949,07/15/2021 01:01:43,16.73,,
1950,07/15/2021 01:06:43,16.73,,
1951,07/15/2021 01:11:43,16.73,,
1952,07/15/2021 01:16:43,16.64,,
1953,07/15/2021 01:21:43,16.51,,
1954,07/15/2021 01:26:43,16.39,,
1955,07/15/2021 01:31:43,16.21,,
1956,07/15/2021 01:36:43,16.17,,
1957,07/15/2021 01:41:43,16.13,,
1958,07/15/2021 01:46:43,16.13,,
1959,07/15/2021 01:51:43,16.08,,
1960,07/15/2021 01:56:43,15.96,,
1961,07/15/2021 02:01:43,15.87,,
1962,07/15/2021 02:06:43,15.78,,
1963,07/15/2021 02:11:43,15.70,,
1964,07/15/2021 02:16:43,15.48,,
1965,07/15/2021 02:21:43,15.36,,
1966,07/15/2021 02:26:43,15.18,,
1967,07/15/2021 02:31:43,15.06,,
1968,07/15/2021 02:36:43,15.01,,
1969,07/15/2021 02:41:43,14.84,,
1970,07/15/2021 02:46:43,14.75,,
1971,07/15/2021 02:51:43,14.80,,
1972,07/15/2021 02:56:43,14.58,,
1973,07/15/2021 03:01:43,14.58,,
1974,07/15/2021 03:06:43,14.45,,
1975,07/15/2021 03:11:43,14.50,,
1976,07/15/2021 03:16:43,14.37,,
1977,07/15/2021 03:21:43,14.33,,
1978,07/15/2021 03:26:43,14.24,,
1979,07/15/2021 03:31:43,14.15,,
1980,07/15/2021 03:36:43,14.07,,
1981,07/15/2021 03:41:43,14.07,,
1982,07/15/2021 03:46:43,14.03,,
1983,07/15/2021 03:51:43,13.94,,
1984,07/15/2021 03:56:43,13.98,,
1985,07/15/2021 04:01:43,13.90,,
1986,07/15/2021 04:06:43,13.90,,
1987,07/15/2021 04:11:43,13.81,,
1988,07/15/2021 04:16:43,13.81,,
1989,07/15/2021 04:21:43,13.73,,
1990,07/15/2021 04:26:43,13.64,,
1991,07/15/2021 04:31:43,13.64,,
1992,07/15/2021 04:36:43,13.64,,
1993,07/15/2021 04:41:43,13.60,,
1994,07/15/2021 04:46:43,13.51,,
1995,07/15/2021 04:51:43,13.38,,
1996,07/15/2021 04:56:43,13.34,,
1997,07/15/2021 05:01:43,13.25,,
1998,07/15/2021 05:06:43,13.17,,
1999,07/15/2021 05:11:43,13.12,,
2000,07/15/2021 05:16:43,13.00,,
2001,07/15/2021 05:21:43,13.00,,
2002,07/15/2021 05:26:43,12.91,,
2003,07/15/2021 05:31:43,12.87,,
2004,07/15/2021 05:36:43,12.78,,
2005,07/15/2021 05:41:43,12.70,,
2006,07/15/2021 05:46:43,12.70,,
2007,07/15/2021 05:51:43,12.65,,
2008,07/15/2021 05:56:43,12.70,,
2009,07/15/2021 06:01:43,12.70,,
2010,07/15/2021 06:06:43,12.95,,
2011,07/15/2021 06:11:43,13.47,,
2012,07/15/2021 06:16:43,14.03,,
2013,07/15/2021 06:21:43,14.71,,
2014,07/15/2021 06:26:43,15.53,,
2015,07/15/2021 06:31:43,16.30,,
2016,07/15/2021 06:36:43,17.03,,
2017,07/15/2021 06:41:43,17.63,,
2018,07/15/2021 06:46:43,18.23,,
2019,07/15/2021 06:51:43,18.66,,
2020,07/15/2021 06:56:43,19.47,,
2021,07/15/2021 07:01:43,20.12,,
2022,07/15/2021 07:06:43,21.10,,
2023,07/15/2021 07:11:43,21.53,,
2024,07/15/2021 07:16:43,21.83,,
2025,07/15/2021 07:21:43,22.48,,
2026,07/15/2021 07:26:43,22.56,,
2027,07/15/2021 07:31:43,22.69,,
2028,07/15/2021 07:36:43,22.56,,
2029,07/15/2021 07:41:43,22.78,,
2030,07/15/2021 07:46:43,22.78,,
2031,07/15/2021 07:51:43,22.31,,
2032,07/15/2021 07:56:43,21.75,,
2033,07/15/2021 08:01:43,21.70,,
2034,07/15/2021 08:06:43,21.83,,
2035,07/15/2021 08:11:43,22.31,,
2036,07/15/2021 08:16:43,22.35,,
2037,07/15/2021 08:21:43,22.52,,
2038,07/15/2021 08:26:43,22.91,,
2039,07/15/2021 08:31:43,23.29,,
2040,07/15/2021 08:36:43,23.64,,
2041,07/15/2021 08:41:43,23.98,,
2042,07/15/2021 08:46:43,24.58,,
2043,07/15/2021 08:51:43,25.31,,
2044,07/15/2021 08:56:43,25.65,,
2045,07/15/2021 09:01:43,25.95,,
2046,07/15/2021 09:06:43,26.51,,
2047,07/15/2021 09:11:43,26.38,,
2048,07/15/2021 09:16:43,26.30,,
2049,07/15/2021 09:21:43,27.07,,
2050,07/15/2021 09:26:43,27.37,,
2051,07/15/2021 09:31:43,27.63,,
2052,07/15/2021 09:36:43,28.27,,
2053,07/15/2021 09:41:43,28.35,,
2054,07/15/2021 09:46:43,28.70,,
2055,07/15/2021 09:51:43,28.65,,
2056,07/15/2021 09:56:43,29.26,,
2057,07/15/2021 10:01:43,29.38,,
2058,07/15/2021 10:06:43,29.47,,
2059,07/15/2021 10:11:43,29.86,,
2060,07/15/2021 10:16:43,30.07,,
2061,07/15/2021 10:21:43,30.54,,
2062,07/15/2021 10:26:43,30.28,,
2063,07/15/2021 10:31:43,30.20,,
2064,07/15/2021 10:36:43,30.89,,
2065,07/15/2021 10:41:43,31.23,,
2066,07/15/2021 10:45:11,,Logged,Logged
