#,Date-Time (PDT),Ch:1 - Temperature   (Â°C),Button Down,Button Up,Host Connected,Stopped,End of File
1,06/06/2023 12:03:44,24.71,,,,,
2,06/06/2023 12:08:44,25.52,,,,,
3,06/06/2023 12:13:44,27.41,,,,,
4,06/06/2023 12:18:44,27.67,,,,,
5,06/06/2023 12:23:44,27.88,,,,,
6,06/06/2023 12:28:44,27.28,,,,,
7,06/06/2023 12:33:44,27.67,,,,,
8,06/06/2023 12:38:44,26.94,,,,,
9,06/06/2023 12:43:44,27.75,,,,,
10,06/06/2023 12:48:44,27.50,,,,,
11,06/06/2023 12:53:44,28.01,,,,,
12,06/06/2023 12:58:44,27.88,,,,,
13,06/06/2023 13:03:44,27.97,,,,,
14,06/06/2023 13:08:44,28.14,,,,,
15,06/06/2023 13:13:44,27.71,,,,,
16,06/06/2023 13:18:44,29.00,,,,,
17,06/06/2023 13:23:44,29.00,,,,,
18,06/06/2023 13:28:44,28.65,,,,,
19,06/06/2023 13:33:44,28.95,,,,,
20,06/06/2023 13:38:44,29.34,,,,,
21,06/06/2023 13:43:44,28.83,,,,,
22,06/06/2023 13:48:44,28.91,,,,,
23,06/06/2023 13:53:44,30.07,,,,,
24,06/06/2023 13:58:44,30.28,,,,,
25,06/06/2023 14:03:44,29.73,,,,,
26,06/06/2023 14:08:44,30.20,,,,,
27,06/06/2023 14:13:44,30.16,,,,,
28,06/06/2023 14:18:44,30.80,,,,,
29,06/06/2023 14:23:44,29.81,,,,,
30,06/06/2023 14:28:44,30.07,,,,,
31,06/06/2023 14:33:44,30.03,,,,,
32,06/06/2023 14:38:44,30.71,,,,,
33,06/06/2023 14:43:44,29.34,,,,,
34,06/06/2023 14:48:44,28.87,,,,,
35,06/06/2023 14:53:44,29.64,,,,,
36,06/06/2023 14:58:44,29.60,,,,,
37,06/06/2023 15:03:44,28.74,,,,,
38,06/06/2023 15:08:44,27.84,,,,,
39,06/06/2023 15:13:44,28.14,,,,,
40,06/06/2023 15:18:44,28.10,,,,,
41,06/06/2023 15:23:44,27.75,,,,,
42,06/06/2023 15:28:44,28.01,,,,,
43,06/06/2023 15:33:44,28.10,,,,,
44,06/06/2023 15:38:44,27.71,,,,,
45,06/06/2023 15:43:44,27.32,,,,,
46,06/06/2023 15:48:44,26.85,,,,,
47,06/06/2023 15:53:44,27.15,,,,,
48,06/06/2023 15:58:44,26.60,,,,,
49,06/06/2023 16:03:44,26.94,,,,,
50,06/06/2023 16:08:44,28.05,,,,,
51,06/06/2023 16:13:44,27.84,,,,,
52,06/06/2023 16:18:44,27.50,,,,,
53,06/06/2023 16:23:44,25.91,,,,,
54,06/06/2023 16:28:44,25.05,,,,,
55,06/06/2023 16:33:44,24.58,,,,,
56,06/06/2023 16:38:44,24.36,,,,,
57,06/06/2023 16:43:44,24.32,,,,,
58,06/06/2023 16:48:44,24.41,,,,,
59,06/06/2023 16:53:44,24.28,,,,,
60,06/06/2023 16:58:44,24.32,,,,,
61,06/06/2023 17:03:44,24.45,,,,,
62,06/06/2023 17:08:44,24.32,,,,,
63,06/06/2023 17:13:44,24.15,,,,,
64,06/06/2023 17:18:44,23.98,,,,,
65,06/06/2023 17:23:44,23.64,,,,,
66,06/06/2023 17:28:44,23.12,,,,,
67,06/06/2023 17:33:44,22.95,,,,,
68,06/06/2023 17:38:44,22.95,,,,,
69,06/06/2023 17:43:44,23.29,,,,,
70,06/06/2023 17:48:44,23.68,,,,,
71,06/06/2023 17:53:44,23.25,,,,,
72,06/06/2023 17:58:44,23.08,,,,,
73,06/06/2023 18:03:44,22.69,,,,,
74,06/06/2023 18:08:44,22.61,,,,,
75,06/06/2023 18:13:44,22.48,,,,,
76,06/06/2023 18:18:44,22.26,,,,,
77,06/06/2023 18:23:44,22.26,,,,,
78,06/06/2023 18:28:44,22.13,,,,,
79,06/06/2023 18:33:44,21.88,,,,,
80,06/06/2023 18:38:44,21.75,,,,,
81,06/06/2023 18:43:44,21.62,,,,,
82,06/06/2023 18:48:44,21.36,,,,,
83,06/06/2023 18:53:44,21.23,,,,,
84,06/06/2023 18:58:44,21.02,,,,,
85,06/06/2023 19:03:44,20.85,,,,,
86,06/06/2023 19:08:44,20.63,,,,,
87,06/06/2023 19:13:44,20.37,,,,,
88,06/06/2023 19:18:44,20.20,,,,,
89,06/06/2023 19:23:44,20.07,,,,,
90,06/06/2023 19:28:44,20.03,,,,,
91,06/06/2023 19:33:44,19.95,,,,,
92,06/06/2023 19:38:44,19.86,,,,,
93,06/06/2023 19:43:44,19.69,,,,,
94,06/06/2023 19:48:44,19.56,,,,,
95,06/06/2023 19:53:44,19.43,,,,,
96,06/06/2023 19:58:44,19.26,,,,,
97,06/06/2023 20:03:44,19.09,,,,,
98,06/06/2023 20:08:44,18.92,,,,,
99,06/06/2023 20:13:44,18.74,,,,,
100,06/06/2023 20:18:44,18.66,,,,,
101,06/06/2023 20:23:44,18.49,,,,,
102,06/06/2023 20:28:44,18.36,,,,,
103,06/06/2023 20:33:44,18.32,,,,,
104,06/06/2023 20:38:44,18.19,,,,,
105,06/06/2023 20:43:44,18.10,,,,,
106,06/06/2023 20:48:44,18.02,,,,,
107,06/06/2023 20:53:44,17.84,,,,,
108,06/06/2023 20:58:44,17.80,,,,,
109,06/06/2023 21:03:44,17.63,,,,,
110,06/06/2023 21:08:44,17.41,,,,,
111,06/06/2023 21:13:44,17.24,,,,,
112,06/06/2023 21:18:44,17.11,,,,,
113,06/06/2023 21:23:44,16.90,,,,,
114,06/06/2023 21:28:44,16.81,,,,,
115,06/06/2023 21:33:44,16.81,,,,,
116,06/06/2023 21:38:44,16.77,,,,,
117,06/06/2023 21:43:44,16.73,,,,,
118,06/06/2023 21:48:44,16.73,,,,,
119,06/06/2023 21:53:44,16.73,,,,,
120,06/06/2023 21:58:44,16.69,,,,,
121,06/06/2023 22:03:44,16.60,,,,,
122,06/06/2023 22:08:44,16.60,,,,,
123,06/06/2023 22:13:44,16.60,,,,,
124,06/06/2023 22:18:44,16.56,,,,,
125,06/06/2023 22:23:44,16.56,,,,,
126,06/06/2023 22:28:44,16.60,,,,,
127,06/06/2023 22:33:44,16.60,,,,,
128,06/06/2023 22:38:44,16.56,,,,,
129,06/06/2023 22:43:44,16.51,,,,,
130,06/06/2023 22:48:44,16.39,,,,,
131,06/06/2023 22:53:44,16.34,,,,,
132,06/06/2023 22:58:44,16.26,,,,,
133,06/06/2023 23:03:44,16.13,,,,,
134,06/06/2023 23:08:44,16.13,,,,,
135,06/06/2023 23:13:44,16.04,,,,,
136,06/06/2023 23:18:44,16.04,,,,,
137,06/06/2023 23:23:44,16.04,,,,,
138,06/06/2023 23:28:44,16.08,,,,,
139,06/06/2023 23:33:44,16.00,,,,,
140,06/06/2023 23:38:44,16.00,,,,,
141,06/06/2023 23:43:44,15.96,,,,,
142,06/06/2023 23:48:44,15.87,,,,,
143,06/06/2023 23:53:44,15.91,,,,,
144,06/06/2023 23:58:44,15.83,,,,,
145,06/07/2023 00:03:44,15.83,,,,,
146,06/07/2023 00:08:44,15.78,,,,,
147,06/07/2023 00:13:44,15.78,,,,,
148,06/07/2023 00:18:44,15.78,,,,,
149,06/07/2023 00:23:44,15.78,,,,,
150,06/07/2023 00:28:44,15.87,,,,,
151,06/07/2023 00:33:44,15.83,,,,,
152,06/07/2023 00:38:44,15.74,,,,,
153,06/07/2023 00:43:44,15.74,,,,,
154,06/07/2023 00:48:44,15.70,,,,,
155,06/07/2023 00:53:44,15.66,,,,,
156,06/07/2023 00:58:44,15.70,,,,,
157,06/07/2023 01:03:44,15.70,,,,,
158,06/07/2023 01:08:44,15.61,,,,,
159,06/07/2023 01:13:44,15.57,,,,,
160,06/07/2023 01:18:44,15.61,,,,,
161,06/07/2023 01:23:44,15.48,,,,,
162,06/07/2023 01:28:44,15.44,,,,,
163,06/07/2023 01:33:44,15.36,,,,,
164,06/07/2023 01:38:44,15.36,,,,,
165,06/07/2023 01:43:44,15.18,,,,,
166,06/07/2023 01:48:44,15.14,,,,,
167,06/07/2023 01:53:44,15.01,,,,,
168,06/07/2023 01:58:44,15.06,,,,,
169,06/07/2023 02:03:44,14.97,,,,,
170,06/07/2023 02:08:44,15.06,,,,,
171,06/07/2023 02:13:44,15.01,,,,,
172,06/07/2023 02:18:44,14.97,,,,,
173,06/07/2023 02:23:44,14.97,,,,,
174,06/07/2023 02:28:44,15.10,,,,,
175,06/07/2023 02:33:44,15.14,,,,,
176,06/07/2023 02:38:44,15.18,,,,,
177,06/07/2023 02:43:44,15.18,,,,,
178,06/07/2023 02:48:44,15.18,,,,,
179,06/07/2023 02:53:44,15.06,,,,,
180,06/07/2023 02:58:44,14.97,,,,,
181,06/07/2023 03:03:44,14.97,,,,,
182,06/07/2023 03:08:44,14.88,,,,,
183,06/07/2023 03:13:44,14.93,,,,,
184,06/07/2023 03:18:44,15.06,,,,,
185,06/07/2023 03:23:44,15.14,,,,,
186,06/07/2023 03:28:44,15.10,,,,,
187,06/07/2023 03:33:44,15.06,,,,,
188,06/07/2023 03:38:44,15.14,,,,,
189,06/07/2023 03:43:44,15.10,,,,,
190,06/07/2023 03:48:44,15.14,,,,,
191,06/07/2023 03:53:44,15.01,,,,,
192,06/07/2023 03:58:44,14.84,,,,,
193,06/07/2023 04:03:44,14.80,,,,,
194,06/07/2023 04:08:44,14.67,,,,,
195,06/07/2023 04:13:44,14.63,,,,,
196,06/07/2023 04:18:44,14.58,,,,,
197,06/07/2023 04:23:44,14.63,,,,,
198,06/07/2023 04:28:44,14.58,,,,,
199,06/07/2023 04:33:44,14.37,,,,,
200,06/07/2023 04:38:44,13.98,,,,,
201,06/07/2023 04:43:44,13.64,,,,,
202,06/07/2023 04:48:44,13.68,,,,,
203,06/07/2023 04:53:44,13.60,,,,,
204,06/07/2023 04:58:44,13.51,,,,,
205,06/07/2023 05:03:44,13.43,,,,,
206,06/07/2023 05:08:44,13.30,,,,,
207,06/07/2023 05:13:44,13.17,,,,,
208,06/07/2023 05:18:44,13.30,,,,,
209,06/07/2023 05:23:44,13.34,,,,,
210,06/07/2023 05:28:44,13.43,,,,,
211,06/07/2023 05:33:44,13.47,,,,,
212,06/07/2023 05:38:44,13.60,,,,,
213,06/07/2023 05:43:44,13.64,,,,,
214,06/07/2023 05:48:44,13.60,,,,,
215,06/07/2023 05:53:44,13.64,,,,,
216,06/07/2023 05:58:44,13.77,,,,,
217,06/07/2023 06:03:44,13.85,,,,,
218,06/07/2023 06:08:44,13.94,,,,,
219,06/07/2023 06:13:44,14.11,,,,,
220,06/07/2023 06:18:44,14.15,,,,,
221,06/07/2023 06:23:44,14.50,,,,,
222,06/07/2023 06:28:44,14.58,,,,,
223,06/07/2023 06:33:44,14.84,,,,,
224,06/07/2023 06:38:44,15.14,,,,,
225,06/07/2023 06:43:44,16.04,,,,,
226,06/07/2023 06:48:44,16.39,,,,,
227,06/07/2023 06:53:44,16.51,,,,,
228,06/07/2023 06:58:44,16.73,,,,,
229,06/07/2023 07:03:44,16.94,,,,,
230,06/07/2023 07:08:44,16.99,,,,,
231,06/07/2023 07:13:44,16.81,,,,,
232,06/07/2023 07:18:44,17.50,,,,,
233,06/07/2023 07:23:44,18.44,,,,,
234,06/07/2023 07:28:44,18.96,,,,,
235,06/07/2023 07:33:44,19.22,,,,,
236,06/07/2023 07:38:44,19.56,,,,,
237,06/07/2023 07:43:44,20.16,,,,,
238,06/07/2023 07:48:44,20.42,,,,,
239,06/07/2023 07:53:44,21.10,,,,,
240,06/07/2023 07:58:44,21.45,,,,,
241,06/07/2023 08:03:44,21.92,,,,,
242,06/07/2023 08:08:44,22.26,,,,,
243,06/07/2023 08:13:44,22.56,,,,,
244,06/07/2023 08:18:44,23.12,,,,,
245,06/07/2023 08:23:44,23.21,,,,,
246,06/07/2023 08:28:44,23.51,,,,,
247,06/07/2023 08:33:44,23.51,,,,,
248,06/07/2023 08:38:44,23.55,,,,,
249,06/07/2023 08:43:44,23.85,,,,,
250,06/07/2023 08:48:44,24.02,,,,,
251,06/07/2023 08:53:44,24.79,,,,,
252,06/07/2023 08:58:44,24.58,,,,,
253,06/07/2023 09:03:44,25.22,,,,,
254,06/07/2023 09:08:44,25.14,,,,,
255,06/07/2023 09:13:44,25.69,,,,,
256,06/07/2023 09:18:44,25.69,,,,,
257,06/07/2023 09:23:44,26.51,,,,,
258,06/07/2023 09:28:44,26.25,,,,,
259,06/07/2023 09:33:44,26.60,,,,,
260,06/07/2023 09:38:44,27.32,,,,,
261,06/07/2023 09:43:44,27.50,,,,,
262,06/07/2023 09:48:44,27.32,,,,,
263,06/07/2023 09:53:44,27.63,,,,,
264,06/07/2023 09:58:44,27.24,,,,,
265,06/07/2023 10:03:44,28.14,,,,,
266,06/07/2023 10:08:44,28.14,,,,,
267,06/07/2023 10:13:44,28.18,,,,,
268,06/07/2023 10:18:44,27.67,,,,,
269,06/07/2023 10:23:44,27.63,,,,,
270,06/07/2023 10:28:44,28.35,,,,,
271,06/07/2023 10:33:44,28.61,,,,,
272,06/07/2023 10:38:44,27.80,,,,,
273,06/07/2023 10:43:44,28.35,,,,,
274,06/07/2023 10:48:44,28.65,,,,,
275,06/07/2023 10:53:44,28.14,,,,,
276,06/07/2023 10:58:44,28.61,,,,,
277,06/07/2023 11:03:44,28.23,,,,,
278,06/07/2023 11:08:44,29.30,,,,,
279,06/07/2023 11:13:44,29.90,,,,,
280,06/07/2023 11:18:44,29.38,,,,,
281,06/07/2023 11:23:44,29.86,,,,,
282,06/07/2023 11:28:44,29.68,,,,,
283,06/07/2023 11:33:44,30.11,,,,,
284,06/07/2023 11:38:44,30.37,,,,,
285,06/07/2023 11:43:44,30.46,,,,,
286,06/07/2023 11:48:44,29.81,,,,,
287,06/07/2023 11:53:44,29.64,,,,,
288,06/07/2023 11:58:44,29.47,,,,,
289,06/07/2023 12:03:44,30.11,,,,,
290,06/07/2023 12:08:44,30.16,,,,,
291,06/07/2023 12:13:44,30.80,,,,,
292,06/07/2023 12:18:44,30.71,,,,,
293,06/07/2023 12:23:44,30.50,,,,,
294,06/07/2023 12:28:44,29.34,,,,,
295,06/07/2023 12:33:44,30.89,,,,,
296,06/07/2023 12:38:44,30.89,,,,,
297,06/07/2023 12:43:44,29.34,,,,,
298,06/07/2023 12:48:44,29.34,,,,,
299,06/07/2023 12:53:44,28.44,,,,,
300,06/07/2023 12:58:44,28.10,,,,,
301,06/07/2023 13:03:44,28.14,,,,,
302,06/07/2023 13:08:44,28.53,,,,,
303,06/07/2023 13:13:44,28.61,,,,,
304,06/07/2023 13:18:44,28.48,,,,,
305,06/07/2023 13:23:44,28.95,,,,,
306,06/07/2023 13:28:44,28.83,,,,,
307,06/07/2023 13:33:44,28.27,,,,,
308,06/07/2023 13:38:44,29.08,,,,,
309,06/07/2023 13:43:44,30.11,,,,,
310,06/07/2023 13:48:44,30.46,,,,,
311,06/07/2023 13:53:44,29.51,,,,,
312,06/07/2023 13:58:44,29.00,,,,,
313,06/07/2023 14:03:44,29.26,,,,,
314,06/07/2023 14:08:44,29.17,,,,,
315,06/07/2023 14:13:44,28.65,,,,,
316,06/07/2023 14:18:44,29.43,,,,,
317,06/07/2023 14:23:44,29.21,,,,,
318,06/07/2023 14:28:44,30.63,,,,,
319,06/07/2023 14:33:44,29.86,,,,,
320,06/07/2023 14:38:44,30.16,,,,,
321,06/07/2023 14:43:44,30.84,,,,,
322,06/07/2023 14:48:44,31.40,,,,,
323,06/07/2023 14:53:44,30.71,,,,,
324,06/07/2023 14:58:44,29.90,,,,,
325,06/07/2023 15:03:44,30.20,,,,,
326,06/07/2023 15:08:44,29.94,,,,,
327,06/07/2023 15:13:44,29.98,,,,,
328,06/07/2023 15:18:44,30.16,,,,,
329,06/07/2023 15:23:44,29.64,,,,,
330,06/07/2023 15:28:44,30.07,,,,,
331,06/07/2023 15:33:44,29.81,,,,,
332,06/07/2023 15:38:44,29.68,,,,,
333,06/07/2023 15:43:44,29.77,,,,,
334,06/07/2023 15:48:44,30.07,,,,,
335,06/07/2023 15:53:44,30.07,,,,,
336,06/07/2023 15:58:44,29.90,,,,,
337,06/07/2023 16:03:44,30.33,,,,,
338,06/07/2023 16:08:44,30.07,,,,,
339,06/07/2023 16:13:44,29.51,,,,,
340,06/07/2023 16:18:44,29.73,,,,,
341,06/07/2023 16:23:44,29.81,,,,,
342,06/07/2023 16:28:44,29.17,,,,,
343,06/07/2023 16:33:44,29.26,,,,,
344,06/07/2023 16:38:44,28.78,,,,,
345,06/07/2023 16:43:44,28.44,,,,,
346,06/07/2023 16:48:44,28.40,,,,,
347,06/07/2023 16:53:44,28.10,,,,,
348,06/07/2023 16:58:44,28.10,,,,,
349,06/07/2023 17:03:44,27.75,,,,,
350,06/07/2023 17:08:44,28.10,,,,,
351,06/07/2023 17:13:44,28.01,,,,,
352,06/07/2023 17:18:44,27.67,,,,,
353,06/07/2023 17:23:44,27.84,,,,,
354,06/07/2023 17:28:44,27.63,,,,,
355,06/07/2023 17:33:44,27.54,,,,,
356,06/07/2023 17:38:44,27.54,,,,,
357,06/07/2023 17:43:44,27.32,,,,,
358,06/07/2023 17:48:44,27.45,,,,,
359,06/07/2023 17:53:44,27.24,,,,,
360,06/07/2023 17:58:44,26.81,,,,,
361,06/07/2023 18:03:44,27.02,,,,,
362,06/07/2023 18:08:44,27.11,,,,,
363,06/07/2023 18:13:44,27.28,,,,,
364,06/07/2023 18:18:44,26.47,,,,,
365,06/07/2023 18:23:44,25.78,,,,,
366,06/07/2023 18:28:44,24.36,,,,,
367,06/07/2023 18:33:44,23.12,,,,,
368,06/07/2023 18:38:44,22.26,,,,,
369,06/07/2023 18:43:44,21.62,,,,,
370,06/07/2023 18:48:44,21.15,,,,,
371,06/07/2023 18:53:44,20.72,,,,,
372,06/07/2023 18:58:44,20.59,,,,,
373,06/07/2023 19:03:44,20.37,,,,,
374,06/07/2023 19:08:44,20.07,,,,,
375,06/07/2023 19:13:44,19.90,,,,,
376,06/07/2023 19:18:44,19.86,,,,,
377,06/07/2023 19:23:44,19.86,,,,,
378,06/07/2023 19:28:44,19.86,,,,,
379,06/07/2023 19:33:44,19.73,,,,,
380,06/07/2023 19:38:44,19.65,,,,,
381,06/07/2023 19:43:44,19.56,,,,,
382,06/07/2023 19:48:44,19.60,,,,,
383,06/07/2023 19:53:44,19.52,,,,,
384,06/07/2023 19:58:44,19.95,,,,,
385,06/07/2023 20:03:44,19.60,,,,,
386,06/07/2023 20:08:44,19.17,,,,,
387,06/07/2023 20:13:44,18.87,,,,,
388,06/07/2023 20:18:44,18.74,,,,,
389,06/07/2023 20:23:44,18.53,,,,,
390,06/07/2023 20:28:44,18.36,,,,,
391,06/07/2023 20:33:44,18.19,,,,,
392,06/07/2023 20:38:44,17.97,,,,,
393,06/07/2023 20:43:44,17.76,,,,,
394,06/07/2023 20:48:44,17.63,,,,,
395,06/07/2023 20:53:44,17.54,,,,,
396,06/07/2023 20:58:44,17.50,,,,,
397,06/07/2023 21:03:44,17.41,,,,,
398,06/07/2023 21:08:44,17.29,,,,,
399,06/07/2023 21:13:44,17.24,,,,,
400,06/07/2023 21:18:44,17.24,,,,,
401,06/07/2023 21:23:44,17.11,,,,,
402,06/07/2023 21:28:44,17.07,,,,,
403,06/07/2023 21:33:44,17.03,,,,,
404,06/07/2023 21:38:44,16.99,,,,,
405,06/07/2023 21:43:44,17.03,,,,,
406,06/07/2023 21:48:44,16.99,,,,,
407,06/07/2023 21:53:44,16.99,,,,,
408,06/07/2023 21:58:44,16.94,,,,,
409,06/07/2023 22:03:44,16.90,,,,,
410,06/07/2023 22:08:44,16.86,,,,,
411,06/07/2023 22:13:44,16.81,,,,,
412,06/07/2023 22:18:44,16.77,,,,,
413,06/07/2023 22:23:44,16.73,,,,,
414,06/07/2023 22:28:44,16.73,,,,,
415,06/07/2023 22:33:44,16.64,,,,,
416,06/07/2023 22:38:44,16.69,,,,,
417,06/07/2023 22:43:44,16.60,,,,,
418,06/07/2023 22:48:44,16.56,,,,,
419,06/07/2023 22:53:44,16.51,,,,,
420,06/07/2023 22:58:44,16.51,,,,,
421,06/07/2023 23:03:44,16.51,,,,,
422,06/07/2023 23:08:44,16.51,,,,,
423,06/07/2023 23:13:44,16.51,,,,,
424,06/07/2023 23:18:44,16.56,,,,,
425,06/07/2023 23:23:44,16.51,,,,,
426,06/07/2023 23:28:44,16.56,,,,,
427,06/07/2023 23:33:44,16.47,,,,,
428,06/07/2023 23:38:44,16.51,,,,,
429,06/07/2023 23:43:44,16.47,,,,,
430,06/07/2023 23:48:44,16.43,,,,,
431,06/07/2023 23:53:44,16.30,,,,,
432,06/07/2023 23:58:44,16.30,,,,,
433,06/08/2023 00:03:44,16.26,,,,,
434,06/08/2023 00:08:44,16.08,,,,,
435,06/08/2023 00:13:44,15.96,,,,,
436,06/08/2023 00:18:44,15.78,,,,,
437,06/08/2023 00:23:44,15.66,,,,,
438,06/08/2023 00:28:44,15.53,,,,,
439,06/08/2023 00:33:44,15.44,,,,,
440,06/08/2023 00:38:44,15.40,,,,,
441,06/08/2023 00:43:44,15.27,,,,,
442,06/08/2023 00:48:44,15.23,,,,,
443,06/08/2023 00:53:44,15.14,,,,,
444,06/08/2023 00:58:44,15.01,,,,,
445,06/08/2023 01:03:44,14.97,,,,,
446,06/08/2023 01:08:44,14.88,,,,,
447,06/08/2023 01:13:44,14.84,,,,,
448,06/08/2023 01:18:44,14.71,,,,,
449,06/08/2023 01:23:44,14.58,,,,,
450,06/08/2023 01:28:44,14.54,,,,,
451,06/08/2023 01:33:44,14.45,,,,,
452,06/08/2023 01:38:44,14.37,,,,,
453,06/08/2023 01:43:44,14.15,,,,,
454,06/08/2023 01:48:44,14.11,,,,,
455,06/08/2023 01:53:44,14.20,,,,,
456,06/08/2023 01:58:44,14.07,,,,,
457,06/08/2023 02:03:44,13.90,,,,,
458,06/08/2023 02:08:44,13.60,,,,,
459,06/08/2023 02:13:44,13.43,,,,,
460,06/08/2023 02:18:44,13.30,,,,,
461,06/08/2023 02:23:44,13.17,,,,,
462,06/08/2023 02:28:44,13.17,,,,,
463,06/08/2023 02:33:44,13.17,,,,,
464,06/08/2023 02:38:44,13.17,,,,,
465,06/08/2023 02:43:44,13.04,,,,,
466,06/08/2023 02:48:44,13.04,,,,,
467,06/08/2023 02:53:44,13.17,,,,,
468,06/08/2023 02:58:44,13.34,,,,,
469,06/08/2023 03:03:44,13.34,,,,,
470,06/08/2023 03:08:44,13.38,,,,,
471,06/08/2023 03:13:44,13.47,,,,,
472,06/08/2023 03:18:44,13.43,,,,,
473,06/08/2023 03:23:44,13.47,,,,,
474,06/08/2023 03:28:44,13.47,,,,,
475,06/08/2023 03:33:44,13.30,,,,,
476,06/08/2023 03:38:44,13.34,,,,,
477,06/08/2023 03:43:44,13.51,,,,,
478,06/08/2023 03:48:44,13.43,,,,,
479,06/08/2023 03:53:44,13.30,,,,,
480,06/08/2023 03:58:44,13.17,,,,,
481,06/08/2023 04:03:44,13.08,,,,,
482,06/08/2023 04:08:44,13.08,,,,,
483,06/08/2023 04:13:44,13.08,,,,,
484,06/08/2023 04:18:44,13.04,,,,,
485,06/08/2023 04:23:44,12.91,,,,,
486,06/08/2023 04:28:44,12.82,,,,,
487,06/08/2023 04:33:44,12.65,,,,,
488,06/08/2023 04:38:44,12.48,,,,,
489,06/08/2023 04:43:44,12.44,,,,,
490,06/08/2023 04:48:44,12.35,,,,,
491,06/08/2023 04:53:44,12.14,,,,,
492,06/08/2023 04:58:44,12.10,,,,,
493,06/08/2023 05:03:44,12.01,,,,,
494,06/08/2023 05:08:44,12.01,,,,,
495,06/08/2023 05:13:44,11.97,,,,,
496,06/08/2023 05:18:44,12.05,,,,,
497,06/08/2023 05:23:44,12.10,,,,,
498,06/08/2023 05:28:44,12.27,,,,,
499,06/08/2023 05:33:44,12.35,,,,,
500,06/08/2023 05:38:44,12.44,,,,,
501,06/08/2023 05:43:44,12.40,,,,,
502,06/08/2023 05:48:44,12.27,,,,,
503,06/08/2023 05:53:44,12.01,,,,,
504,06/08/2023 05:58:44,11.97,,,,,
505,06/08/2023 06:03:44,12.01,,,,,
506,06/08/2023 06:08:44,12.01,,,,,
507,06/08/2023 06:13:44,12.10,,,,,
508,06/08/2023 06:18:44,12.27,,,,,
509,06/08/2023 06:23:44,12.31,,,,,
510,06/08/2023 06:28:44,12.48,,,,,
511,06/08/2023 06:33:44,12.61,,,,,
512,06/08/2023 06:38:44,12.95,,,,,
513,06/08/2023 06:43:44,13.43,,,,,
514,06/08/2023 06:48:44,13.85,,,,,
515,06/08/2023 06:53:44,14.33,,,,,
516,06/08/2023 06:58:44,15.31,,,,,
517,06/08/2023 07:03:44,16.13,,,,,
518,06/08/2023 07:08:44,16.86,,,,,
519,06/08/2023 07:13:44,17.29,,,,,
520,06/08/2023 07:18:44,17.97,,,,,
521,06/08/2023 07:23:44,18.36,,,,,
522,06/08/2023 07:28:44,18.92,,,,,
523,06/08/2023 07:33:44,19.52,,,,,
524,06/08/2023 07:38:44,19.77,,,,,
525,06/08/2023 07:43:44,20.16,,,,,
526,06/08/2023 07:48:44,20.50,,,,,
527,06/08/2023 07:53:44,20.85,,,,,
528,06/08/2023 07:58:44,21.36,,,,,
529,06/08/2023 08:03:44,21.88,,,,,
530,06/08/2023 08:08:44,22.09,,,,,
531,06/08/2023 08:13:44,22.26,,,,,
532,06/08/2023 08:18:44,22.43,,,,,
533,06/08/2023 08:23:44,22.86,,,,,
534,06/08/2023 08:28:44,23.08,,,,,
535,06/08/2023 08:33:44,23.81,,,,,
536,06/08/2023 08:38:44,23.94,,,,,
537,06/08/2023 08:43:44,24.15,,,,,
538,06/08/2023 08:48:44,24.71,,,,,
539,06/08/2023 08:53:44,25.22,,,,,
540,06/08/2023 08:58:44,25.44,,,,,
541,06/08/2023 09:03:44,25.69,,,,,
542,06/08/2023 09:08:44,25.78,,,,,
543,06/08/2023 09:13:44,25.99,,,,,
544,06/08/2023 09:18:44,25.99,,,,,
545,06/08/2023 09:23:44,26.08,,,,,
546,06/08/2023 09:28:44,26.30,,,,,
547,06/08/2023 09:33:44,25.91,,,,,
548,06/08/2023 09:38:44,26.38,,,,,
549,06/08/2023 09:43:44,27.37,,,,,
550,06/08/2023 09:48:44,27.41,,,,,
551,06/08/2023 09:53:44,27.84,,,,,
552,06/08/2023 09:58:44,27.97,,,,,
553,06/08/2023 10:03:44,28.05,,,,,
554,06/08/2023 10:08:44,28.10,,,,,
555,06/08/2023 10:13:44,28.57,,,,,
556,06/08/2023 10:18:44,28.74,,,,,
557,06/08/2023 10:23:44,28.95,,,,,
558,06/08/2023 10:28:44,28.87,,,,,
559,06/08/2023 10:33:44,29.38,,,,,
560,06/08/2023 10:38:44,29.43,,,,,
561,06/08/2023 10:43:44,29.13,,,,,
562,06/08/2023 10:48:44,28.70,,,,,
563,06/08/2023 10:53:44,29.08,,,,,
564,06/08/2023 10:58:44,29.73,,,,,
565,06/08/2023 11:03:44,29.47,,,,,
566,06/08/2023 11:08:44,29.77,,,,,
567,06/08/2023 11:13:44,29.94,,,,,
568,06/08/2023 11:18:44,29.77,,,,,
569,06/08/2023 11:23:44,29.98,,,,,
570,06/08/2023 11:28:44,30.63,,,,,
571,06/08/2023 11:33:44,30.11,,,,,
572,06/08/2023 11:38:44,30.07,,,,,
573,06/08/2023 11:43:44,29.90,,,,,
574,06/08/2023 11:48:44,29.73,,,,,
575,06/08/2023 11:53:44,30.16,,,,,
576,06/08/2023 11:58:44,30.54,,,,,
577,06/08/2023 12:03:44,31.27,,,,,
578,06/08/2023 12:08:44,30.97,,,,,
579,06/08/2023 12:13:44,32.13,,,,,
580,06/08/2023 12:18:44,30.93,,,,,
581,06/08/2023 12:23:44,31.27,,,,,
582,06/08/2023 12:28:44,31.06,,,,,
583,06/08/2023 12:33:44,31.01,,,,,
584,06/08/2023 12:38:44,31.14,,,,,
585,06/08/2023 12:43:44,31.83,,,,,
586,06/08/2023 12:48:44,31.53,,,,,
587,06/08/2023 12:53:44,31.27,,,,,
588,06/08/2023 12:58:44,31.19,,,,,
589,06/08/2023 13:03:44,31.01,,,,,
590,06/08/2023 13:08:44,31.96,,,,,
591,06/08/2023 13:13:44,31.44,,,,,
592,06/08/2023 13:18:44,31.61,,,,,
593,06/08/2023 13:23:44,31.57,,,,,
594,06/08/2023 13:28:44,32.13,,,,,
595,06/08/2023 13:33:44,32.09,,,,,
596,06/08/2023 13:38:44,32.30,,,,,
597,06/08/2023 13:43:44,31.66,,,,,
598,06/08/2023 13:48:44,31.36,,,,,
599,06/08/2023 13:53:44,32.04,,,,,
600,06/08/2023 13:58:44,31.83,,,,,
601,06/08/2023 14:03:44,31.53,,,,,
602,06/08/2023 14:08:44,31.74,,,,,
603,06/08/2023 14:13:44,32.04,,,,,
604,06/08/2023 14:18:44,31.87,,,,,
605,06/08/2023 14:23:44,32.17,,,,,
606,06/08/2023 14:28:44,32.26,,,,,
607,06/08/2023 14:33:44,32.30,,,,,
608,06/08/2023 14:38:44,32.26,,,,,
609,06/08/2023 14:43:44,31.61,,,,,
610,06/08/2023 14:48:44,31.87,,,,,
611,06/08/2023 14:53:44,31.79,,,,,
612,06/08/2023 14:58:44,32.00,,,,,
613,06/08/2023 15:03:44,32.52,,,,,
614,06/08/2023 15:08:44,32.13,,,,,
615,06/08/2023 15:13:44,32.26,,,,,
616,06/08/2023 15:18:44,32.43,,,,,
617,06/08/2023 15:23:44,32.00,,,,,
618,06/08/2023 15:28:44,32.77,,,,,
619,06/08/2023 15:33:44,32.56,,,,,
620,06/08/2023 15:38:44,32.56,,,,,
621,06/08/2023 15:43:44,32.64,,,,,
622,06/08/2023 15:48:44,32.39,,,,,
623,06/08/2023 15:53:44,32.17,,,,,
624,06/08/2023 15:58:44,32.04,,,,,
625,06/08/2023 16:03:44,32.30,,,,,
626,06/08/2023 16:08:44,31.44,,,,,
627,06/08/2023 16:13:44,31.57,,,,,
628,06/08/2023 16:18:44,31.61,,,,,
629,06/08/2023 16:23:44,31.87,,,,,
630,06/08/2023 16:28:44,31.57,,,,,
631,06/08/2023 16:33:44,31.83,,,,,
632,06/08/2023 16:38:44,31.92,,,,,
633,06/08/2023 16:43:44,31.53,,,,,
634,06/08/2023 16:48:44,31.70,,,,,
635,06/08/2023 16:53:44,31.14,,,,,
636,06/08/2023 16:58:44,31.53,,,,,
637,06/08/2023 17:03:44,30.93,,,,,
638,06/08/2023 17:08:44,30.80,,,,,
639,06/08/2023 17:13:44,31.40,,,,,
640,06/08/2023 17:18:44,30.93,,,,,
641,06/08/2023 17:23:44,30.24,,,,,
642,06/08/2023 17:28:44,30.28,,,,,
643,06/08/2023 17:33:44,30.11,,,,,
644,06/08/2023 17:38:44,29.30,,,,,
645,06/08/2023 17:43:44,30.80,,,,,
646,06/08/2023 17:48:44,30.93,,,,,
647,06/08/2023 17:53:44,30.03,,,,,
648,06/08/2023 17:58:44,29.34,,,,,
649,06/08/2023 18:03:44,28.57,,,,,
650,06/08/2023 18:08:44,28.70,,,,,
651,06/08/2023 18:13:44,28.35,,,,,
652,06/08/2023 18:18:44,27.45,,,,,
653,06/08/2023 18:23:44,26.90,,,,,
654,06/08/2023 18:28:44,26.55,,,,,
655,06/08/2023 18:33:44,26.04,,,,,
656,06/08/2023 18:38:44,25.65,,,,,
657,06/08/2023 18:43:44,25.44,,,,,
658,06/08/2023 18:48:44,25.14,,,,,
659,06/08/2023 18:53:44,25.01,,,,,
660,06/08/2023 18:58:44,24.92,,,,,
661,06/08/2023 19:03:44,24.66,,,,,
662,06/08/2023 19:08:44,24.36,,,,,
663,06/08/2023 19:13:44,24.06,,,,,
664,06/08/2023 19:18:44,23.76,,,,,
665,06/08/2023 19:23:44,23.51,,,,,
666,06/08/2023 19:28:44,23.21,,,,,
667,06/08/2023 19:33:44,22.86,,,,,
668,06/08/2023 19:38:44,22.61,,,,,
669,06/08/2023 19:43:44,22.22,,,,,
670,06/08/2023 19:48:44,21.92,,,,,
671,06/08/2023 19:53:44,21.62,,,,,
672,06/08/2023 19:58:44,21.49,,,,,
673,06/08/2023 20:03:44,22.13,,,,,
674,06/08/2023 20:08:44,22.05,,,,,
675,06/08/2023 20:13:44,21.23,,,,,
676,06/08/2023 20:18:44,20.68,,,,,
677,06/08/2023 20:23:44,20.33,,,,,
678,06/08/2023 20:28:44,20.07,,,,,
679,06/08/2023 20:33:44,19.77,,,,,
680,06/08/2023 20:38:44,19.56,,,,,
681,06/08/2023 20:43:44,19.26,,,,,
682,06/08/2023 20:48:44,18.92,,,,,
683,06/08/2023 20:53:44,18.74,,,,,
684,06/08/2023 20:58:44,18.53,,,,,
685,06/08/2023 21:03:44,18.40,,,,,
686,06/08/2023 21:08:44,18.27,,,,,
687,06/08/2023 21:13:44,18.02,,,,,
688,06/08/2023 21:18:44,17.93,,,,,
689,06/08/2023 21:23:44,17.89,,,,,
690,06/08/2023 21:28:44,17.72,,,,,
691,06/08/2023 21:33:44,17.59,,,,,
692,06/08/2023 21:38:44,17.33,,,,,
693,06/08/2023 21:43:44,17.24,,,,,
694,06/08/2023 21:48:44,17.11,,,,,
695,06/08/2023 21:53:44,16.94,,,,,
696,06/08/2023 21:58:44,16.81,,,,,
697,06/08/2023 22:03:44,16.73,,,,,
698,06/08/2023 22:08:44,16.69,,,,,
699,06/08/2023 22:13:44,16.56,,,,,
700,06/08/2023 22:18:44,16.43,,,,,
701,06/08/2023 22:23:44,16.26,,,,,
702,06/08/2023 22:28:44,16.13,,,,,
703,06/08/2023 22:33:44,16.00,,,,,
704,06/08/2023 22:38:44,15.91,,,,,
705,06/08/2023 22:43:44,15.96,,,,,
706,06/08/2023 22:48:44,15.91,,,,,
707,06/08/2023 22:53:44,15.70,,,,,
708,06/08/2023 22:58:44,15.53,,,,,
709,06/08/2023 23:03:44,15.48,,,,,
710,06/08/2023 23:08:44,15.36,,,,,
711,06/08/2023 23:13:44,15.10,,,,,
712,06/08/2023 23:18:44,14.88,,,,,
713,06/08/2023 23:23:44,14.80,,,,,
714,06/08/2023 23:28:44,14.63,,,,,
715,06/08/2023 23:33:44,14.37,,,,,
716,06/08/2023 23:38:44,14.33,,,,,
717,06/08/2023 23:43:44,14.37,,,,,
718,06/08/2023 23:48:44,14.33,,,,,
719,06/08/2023 23:53:44,14.33,,,,,
720,06/08/2023 23:58:44,14.37,,,,,
721,06/09/2023 00:03:44,14.24,,,,,
722,06/09/2023 00:08:44,14.03,,,,,
723,06/09/2023 00:13:44,13.94,,,,,
724,06/09/2023 00:18:44,13.90,,,,,
725,06/09/2023 00:23:44,14.03,,,,,
726,06/09/2023 00:28:44,14.07,,,,,
727,06/09/2023 00:33:44,14.11,,,,,
728,06/09/2023 00:38:44,14.24,,,,,
729,06/09/2023 00:43:44,14.15,,,,,
730,06/09/2023 00:48:44,14.07,,,,,
731,06/09/2023 00:53:44,13.98,,,,,
732,06/09/2023 00:58:44,13.94,,,,,
733,06/09/2023 01:03:44,13.94,,,,,
734,06/09/2023 01:08:44,13.85,,,,,
735,06/09/2023 01:13:44,13.81,,,,,
736,06/09/2023 01:18:44,13.68,,,,,
737,06/09/2023 01:23:44,13.68,,,,,
738,06/09/2023 01:28:44,13.55,,,,,
739,06/09/2023 01:33:44,13.43,,,,,
740,06/09/2023 01:38:44,13.17,,,,,
741,06/09/2023 01:43:44,13.04,,,,,
742,06/09/2023 01:48:44,12.95,,,,,
743,06/09/2023 01:53:44,12.87,,,,,
744,06/09/2023 01:58:44,12.91,,,,,
745,06/09/2023 02:03:44,12.91,,,,,
746,06/09/2023 02:08:44,12.87,,,,,
747,06/09/2023 02:13:44,12.78,,,,,
748,06/09/2023 02:18:44,12.78,,,,,
749,06/09/2023 02:23:44,12.91,,,,,
750,06/09/2023 02:28:44,12.82,,,,,
751,06/09/2023 02:33:44,12.78,,,,,
752,06/09/2023 02:38:44,12.70,,,,,
753,06/09/2023 02:43:44,12.57,,,,,
754,06/09/2023 02:48:44,12.61,,,,,
755,06/09/2023 02:53:44,12.57,,,,,
756,06/09/2023 02:58:44,12.44,,,,,
757,06/09/2023 03:03:44,12.40,,,,,
758,06/09/2023 03:08:44,12.35,,,,,
759,06/09/2023 03:13:44,12.14,,,,,
760,06/09/2023 03:18:44,12.10,,,,,
761,06/09/2023 03:23:44,12.01,,,,,
762,06/09/2023 03:28:44,11.92,,,,,
763,06/09/2023 03:33:44,11.88,,,,,
764,06/09/2023 03:38:44,11.92,,,,,
765,06/09/2023 03:43:44,11.88,,,,,
766,06/09/2023 03:48:44,11.84,,,,,
767,06/09/2023 03:53:44,11.79,,,,,
768,06/09/2023 03:58:44,11.75,,,,,
769,06/09/2023 04:03:44,11.67,,,,,
770,06/09/2023 04:08:44,11.71,,,,,
771,06/09/2023 04:13:44,11.62,,,,,
772,06/09/2023 04:18:44,11.62,,,,,
773,06/09/2023 04:23:44,11.62,,,,,
774,06/09/2023 04:28:44,11.58,,,,,
775,06/09/2023 04:33:44,11.54,,,,,
776,06/09/2023 04:38:44,11.54,,,,,
777,06/09/2023 04:43:44,11.58,,,,,
778,06/09/2023 04:48:44,11.67,,,,,
779,06/09/2023 04:53:44,11.58,,,,,
780,06/09/2023 04:58:44,11.45,,,,,
781,06/09/2023 05:03:44,11.28,,,,,
782,06/09/2023 05:08:44,11.11,,,,,
783,06/09/2023 05:13:44,10.98,,,,,
784,06/09/2023 05:18:44,10.89,,,,,
785,06/09/2023 05:23:44,10.81,,,,,
786,06/09/2023 05:28:44,10.72,,,,,
787,06/09/2023 05:33:44,10.68,,,,,
788,06/09/2023 05:38:44,10.64,,,,,
789,06/09/2023 05:43:44,10.59,,,,,
790,06/09/2023 05:48:44,10.59,,,,,
791,06/09/2023 05:53:44,10.59,,,,,
792,06/09/2023 05:58:44,10.64,,,,,
793,06/09/2023 06:03:44,10.68,,,,,
794,06/09/2023 06:08:44,10.89,,,,,
795,06/09/2023 06:13:44,11.24,,,,,
796,06/09/2023 06:18:44,11.75,,,,,
797,06/09/2023 06:23:44,12.48,,,,,
798,06/09/2023 06:28:44,13.08,,,,,
799,06/09/2023 06:33:44,13.55,,,,,
800,06/09/2023 06:38:44,14.15,,,,,
801,06/09/2023 06:43:44,14.80,,,,,
802,06/09/2023 06:48:44,15.36,,,,,
803,06/09/2023 06:53:44,15.83,,,,,
804,06/09/2023 06:58:44,16.39,,,,,
805,06/09/2023 07:03:44,16.81,,,,,
806,06/09/2023 07:08:44,17.03,,,,,
807,06/09/2023 07:13:44,17.59,,,,,
808,06/09/2023 07:18:44,17.89,,,,,
809,06/09/2023 07:23:44,18.19,,,,,
810,06/09/2023 07:28:44,18.27,,,,,
811,06/09/2023 07:33:44,18.96,,,,,
812,06/09/2023 07:38:44,19.26,,,,,
813,06/09/2023 07:43:44,19.35,,,,,
814,06/09/2023 07:48:44,20.03,,,,,
815,06/09/2023 07:53:44,20.37,,,,,
816,06/09/2023 07:58:44,20.33,,,,,
817,06/09/2023 08:03:44,20.80,,,,,
818,06/09/2023 08:08:44,21.10,,,,,
819,06/09/2023 08:13:44,21.66,,,,,
820,06/09/2023 08:18:44,22.43,,,,,
821,06/09/2023 08:23:44,22.26,,,,,
822,06/09/2023 08:28:44,22.91,,,,,
823,06/09/2023 08:33:44,22.91,,,,,
824,06/09/2023 08:38:44,23.51,,,,,
825,06/09/2023 08:43:44,23.55,,,,,
826,06/09/2023 08:48:44,23.76,,,,,
827,06/09/2023 08:53:44,23.81,,,,,
828,06/09/2023 08:58:44,23.81,,,,,
829,06/09/2023 09:03:44,23.72,,,,,
830,06/09/2023 09:08:44,23.64,,,,,
831,06/09/2023 09:13:44,24.19,,,,,
832,06/09/2023 09:18:44,24.88,,,,,
833,06/09/2023 09:23:44,24.75,,,,,
834,06/09/2023 09:28:44,25.48,,,,,
835,06/09/2023 09:33:44,25.09,,,,,
836,06/09/2023 09:38:44,25.69,,,,,
837,06/09/2023 09:43:44,26.34,,,,,
838,06/09/2023 09:48:44,26.72,,,,,
839,06/09/2023 09:53:44,27.20,,,,,
840,06/09/2023 09:58:44,27.02,,,,,
841,06/09/2023 10:03:44,27.32,,,,,
842,06/09/2023 10:08:44,27.54,,,,,
843,06/09/2023 10:13:44,28.31,,,,,
844,06/09/2023 10:18:44,28.57,,,,,
845,06/09/2023 10:23:44,28.53,,,,,
846,06/09/2023 10:28:44,28.87,,,,,
847,06/09/2023 10:33:44,28.74,,,,,
848,06/09/2023 10:38:44,28.65,,,,,
849,06/09/2023 10:43:44,28.57,,,,,
850,06/09/2023 10:48:44,28.83,,,,,
851,06/09/2023 10:53:44,29.26,,,,,
852,06/09/2023 10:58:44,29.13,,,,,
853,06/09/2023 11:03:44,29.08,,,,,
854,06/09/2023 11:08:44,29.60,,,,,
855,06/09/2023 11:13:44,29.26,,,,,
856,06/09/2023 11:18:44,29.56,,,,,
857,06/09/2023 11:23:44,29.13,,,,,
858,06/09/2023 11:28:44,30.07,,,,,
859,06/09/2023 11:33:44,30.28,,,,,
860,06/09/2023 11:38:44,30.71,,,,,
861,06/09/2023 11:43:44,30.11,,,,,
862,06/09/2023 11:48:44,30.07,,,,,
863,06/09/2023 11:53:44,30.41,,,,,
864,06/09/2023 11:58:44,30.28,,,,,
865,06/09/2023 12:03:44,29.94,,,,,
866,06/09/2023 12:08:44,30.67,,,,,
867,06/09/2023 12:13:44,30.71,,,,,
868,06/09/2023 12:18:44,30.54,,,,,
869,06/09/2023 12:23:44,30.71,,,,,
870,06/09/2023 12:28:44,31.23,,,,,
871,06/09/2023 12:33:44,31.27,,,,,
872,06/09/2023 12:38:44,31.49,,,,,
873,06/09/2023 12:43:44,31.92,,,,,
874,06/09/2023 12:48:44,31.74,,,,,
875,06/09/2023 12:53:44,32.09,,,,,
876,06/09/2023 12:58:44,32.82,,,,,
877,06/09/2023 13:03:44,32.30,,,,,
878,06/09/2023 13:08:44,32.56,,,,,
879,06/09/2023 13:13:44,32.52,,,,,
880,06/09/2023 13:18:44,32.77,,,,,
881,06/09/2023 13:23:44,32.64,,,,,
882,06/09/2023 13:28:44,32.13,,,,,
883,06/09/2023 13:33:44,32.04,,,,,
884,06/09/2023 13:38:44,32.22,,,,,
885,06/09/2023 13:43:44,32.30,,,,,
886,06/09/2023 13:48:44,32.00,,,,,
887,06/09/2023 13:53:44,32.60,,,,,
888,06/09/2023 13:58:44,32.69,,,,,
889,06/09/2023 14:03:44,33.16,,,,,
890,06/09/2023 14:08:44,32.39,,,,,
891,06/09/2023 14:13:44,32.22,,,,,
892,06/09/2023 14:18:44,32.60,,,,,
893,06/09/2023 14:23:44,33.67,,,,,
894,06/09/2023 14:28:44,33.33,,,,,
895,06/09/2023 14:33:44,32.90,,,,,
896,06/09/2023 14:38:44,31.61,,,,,
897,06/09/2023 14:43:44,32.04,,,,,
898,06/09/2023 14:48:44,32.47,,,,,
899,06/09/2023 14:53:44,32.17,,,,,
900,06/09/2023 14:58:44,32.64,,,,,
901,06/09/2023 15:03:44,32.09,,,,,
902,06/09/2023 15:08:44,31.92,,,,,
903,06/09/2023 15:13:44,32.60,,,,,
904,06/09/2023 15:18:44,32.00,,,,,
905,06/09/2023 15:23:44,32.09,,,,,
906,06/09/2023 15:28:44,31.70,,,,,
907,06/09/2023 15:33:44,31.10,,,,,
908,06/09/2023 15:38:44,30.71,,,,,
909,06/09/2023 15:43:44,30.59,,,,,
910,06/09/2023 15:48:44,30.89,,,,,
911,06/09/2023 15:53:44,30.41,,,,,
912,06/09/2023 15:58:44,30.37,,,,,
913,06/09/2023 16:03:44,30.41,,,,,
914,06/09/2023 16:08:44,31.10,,,,,
915,06/09/2023 16:13:44,31.27,,,,,
916,06/09/2023 16:18:44,32.30,,,,,
917,06/09/2023 16:23:44,32.39,,,,,
918,06/09/2023 16:28:44,32.39,,,,,
919,06/09/2023 16:33:44,33.12,,,,,
920,06/09/2023 16:38:44,32.69,,,,,
921,06/09/2023 16:43:44,32.60,,,,,
922,06/09/2023 16:48:44,32.82,,,,,
923,06/09/2023 16:53:44,32.69,,,,,
924,06/09/2023 16:58:44,31.79,,,,,
925,06/09/2023 17:03:44,30.71,,,,,
926,06/09/2023 17:08:44,30.97,,,,,
927,06/09/2023 17:13:44,30.76,,,,,
928,06/09/2023 17:18:44,31.19,,,,,
929,06/09/2023 17:23:44,31.57,,,,,
930,06/09/2023 17:28:44,31.49,,,,,
931,06/09/2023 17:33:44,31.36,,,,,
932,06/09/2023 17:38:44,31.36,,,,,
933,06/09/2023 17:43:44,31.10,,,,,
934,06/09/2023 17:48:44,30.16,,,,,
935,06/09/2023 17:53:44,29.08,,,,,
936,06/09/2023 17:58:44,28.18,,,,,
937,06/09/2023 18:03:44,28.01,,,,,
938,06/09/2023 18:08:44,27.88,,,,,
939,06/09/2023 18:13:44,27.93,,,,,
940,06/09/2023 18:18:44,27.50,,,,,
941,06/09/2023 18:23:44,27.45,,,,,
942,06/09/2023 18:28:44,28.18,,,,,
943,06/09/2023 18:33:44,28.18,,,,,
944,06/09/2023 18:38:44,27.50,,,,,
945,06/09/2023 18:43:44,26.77,,,,,
946,06/09/2023 18:48:44,25.99,,,,,
947,06/09/2023 18:53:44,25.61,,,,,
948,06/09/2023 18:58:44,25.01,,,,,
949,06/09/2023 19:03:44,24.62,,,,,
950,06/09/2023 19:08:44,24.45,,,,,
951,06/09/2023 19:13:44,24.24,,,,,
952,06/09/2023 19:18:44,24.06,,,,,
953,06/09/2023 19:23:44,23.72,,,,,
954,06/09/2023 19:28:44,23.38,,,,,
955,06/09/2023 19:33:44,22.99,,,,,
956,06/09/2023 19:38:44,22.69,,,,,
957,06/09/2023 19:43:44,22.39,,,,,
958,06/09/2023 19:48:44,22.01,,,,,
959,06/09/2023 19:53:44,21.75,,,,,
960,06/09/2023 19:58:44,21.45,,,,,
961,06/09/2023 20:03:44,21.10,,,,,
962,06/09/2023 20:08:44,20.80,,,,,
963,06/09/2023 20:13:44,20.42,,,,,
964,06/09/2023 20:18:44,20.07,,,,,
965,06/09/2023 20:23:44,19.82,,,,,
966,06/09/2023 20:28:44,19.43,,,,,
967,06/09/2023 20:33:44,19.09,,,,,
968,06/09/2023 20:38:44,18.74,,,,,
969,06/09/2023 20:43:44,18.49,,,,,
970,06/09/2023 20:48:44,18.27,,,,,
971,06/09/2023 20:53:44,17.84,,,,,
972,06/09/2023 20:58:44,18.02,,,,,
973,06/09/2023 21:03:44,18.27,,,,,
974,06/09/2023 21:08:44,18.27,,,,,
975,06/09/2023 21:13:44,18.02,,,,,
976,06/09/2023 21:18:44,17.59,,,,,
977,06/09/2023 21:23:44,17.24,,,,,
978,06/09/2023 21:28:44,16.90,,,,,
979,06/09/2023 21:33:44,16.64,,,,,
980,06/09/2023 21:38:44,16.26,,,,,
981,06/09/2023 21:43:44,15.91,,,,,
982,06/09/2023 21:48:44,15.61,,,,,
983,06/09/2023 21:53:44,15.40,,,,,
984,06/09/2023 21:58:44,15.23,,,,,
985,06/09/2023 22:03:44,15.01,,,,,
986,06/09/2023 22:08:44,14.80,,,,,
987,06/09/2023 22:13:44,14.63,,,,,
988,06/09/2023 22:18:44,14.45,,,,,
989,06/09/2023 22:23:44,14.28,,,,,
990,06/09/2023 22:28:44,14.15,,,,,
991,06/09/2023 22:33:44,14.15,,,,,
992,06/09/2023 22:38:44,14.03,,,,,
993,06/09/2023 22:43:44,13.90,,,,,
994,06/09/2023 22:48:44,13.73,,,,,
995,06/09/2023 22:53:44,13.73,,,,,
996,06/09/2023 22:58:44,13.64,,,,,
997,06/09/2023 23:03:44,13.55,,,,,
998,06/09/2023 23:08:44,13.55,,,,,
999,06/09/2023 23:13:44,13.47,,,,,
1000,06/09/2023 23:18:44,13.47,,,,,
1001,06/09/2023 23:23:44,13.21,,,,,
1002,06/09/2023 23:28:44,13.30,,,,,
1003,06/09/2023 23:33:44,13.21,,,,,
1004,06/09/2023 23:38:44,13.12,,,,,
1005,06/09/2023 23:43:44,13.04,,,,,
1006,06/09/2023 23:48:44,13.08,,,,,
1007,06/09/2023 23:53:44,12.95,,,,,
1008,06/09/2023 23:58:44,12.87,,,,,
1009,06/10/2023 00:03:44,12.70,,,,,
1010,06/10/2023 00:08:44,12.48,,,,,
1011,06/10/2023 00:13:44,12.40,,,,,
1012,06/10/2023 00:18:44,12.35,,,,,
1013,06/10/2023 00:23:44,12.22,,,,,
1014,06/10/2023 00:28:44,12.14,,,,,
1015,06/10/2023 00:33:44,12.10,,,,,
1016,06/10/2023 00:38:44,12.01,,,,,
1017,06/10/2023 00:43:44,11.92,,,,,
1018,06/10/2023 00:48:44,11.84,,,,,
1019,06/10/2023 00:53:44,11.84,,,,,
1020,06/10/2023 00:58:44,11.75,,,,,
1021,06/10/2023 01:03:44,11.71,,,,,
1022,06/10/2023 01:08:44,11.75,,,,,
1023,06/10/2023 01:13:44,11.67,,,,,
1024,06/10/2023 01:18:44,11.62,,,,,
1025,06/10/2023 01:23:44,11.58,,,,,
1026,06/10/2023 01:28:44,11.45,,,,,
1027,06/10/2023 01:33:44,11.41,,,,,
1028,06/10/2023 01:38:44,11.45,,,,,
1029,06/10/2023 01:43:44,11.41,,,,,
1030,06/10/2023 01:48:44,11.37,,,,,
1031,06/10/2023 01:53:44,11.07,,,,,
1032,06/10/2023 01:58:44,10.72,,,,,
1033,06/10/2023 02:03:44,10.51,,,,,
1034,06/10/2023 02:08:44,10.25,,,,,
1035,06/10/2023 02:13:44,10.12,,,,,
1036,06/10/2023 02:18:44,10.21,,,,,
1037,06/10/2023 02:23:44,10.21,,,,,
1038,06/10/2023 02:28:44,10.21,,,,,
1039,06/10/2023 02:33:44,10.21,,,,,
1040,06/10/2023 02:38:44,10.08,,,,,
1041,06/10/2023 02:43:44,9.99,,,,,
1042,06/10/2023 02:48:44,9.95,,,,,
1043,06/10/2023 02:53:44,9.86,,,,,
1044,06/10/2023 02:58:44,9.69,,,,,
1045,06/10/2023 03:03:44,9.65,,,,,
1046,06/10/2023 03:08:44,9.44,,,,,
1047,06/10/2023 03:13:44,8.92,,,,,
1048,06/10/2023 03:18:44,8.58,,,,,
1049,06/10/2023 03:23:44,8.66,,,,,
1050,06/10/2023 03:28:44,9.01,,,,,
1051,06/10/2023 03:33:44,9.14,,,,,
1052,06/10/2023 03:38:44,9.09,,,,,
1053,06/10/2023 03:43:44,9.14,,,,,
1054,06/10/2023 03:48:44,8.88,,,,,
1055,06/10/2023 03:53:44,8.96,,,,,
1056,06/10/2023 03:58:44,8.88,,,,,
1057,06/10/2023 04:03:44,8.75,,,,,
1058,06/10/2023 04:08:44,8.88,,,,,
1059,06/10/2023 04:13:44,8.79,,,,,
1060,06/10/2023 04:18:44,8.62,,,,,
1061,06/10/2023 04:23:44,9.14,,,,,
1062,06/10/2023 04:28:44,9.52,,,,,
1063,06/10/2023 04:33:44,9.52,,,,,
1064,06/10/2023 04:38:44,9.44,,,,,
1065,06/10/2023 04:43:44,9.44,,,,,
1066,06/10/2023 04:48:44,9.39,,,,,
1067,06/10/2023 04:53:44,9.39,,,,,
1068,06/10/2023 04:58:44,9.44,,,,,
1069,06/10/2023 05:03:44,9.26,,,,,
1070,06/10/2023 05:08:44,9.26,,,,,
1071,06/10/2023 05:13:44,9.44,,,,,
1072,06/10/2023 05:18:44,9.52,,,,,
1073,06/10/2023 05:23:44,9.44,,,,,
1074,06/10/2023 05:28:44,9.56,,,,,
1075,06/10/2023 05:33:44,9.69,,,,,
1076,06/10/2023 05:38:44,9.86,,,,,
1077,06/10/2023 05:43:44,9.86,,,,,
1078,06/10/2023 05:48:44,9.95,,,,,
1079,06/10/2023 05:53:44,10.12,,,,,
1080,06/10/2023 05:58:44,10.25,,,,,
1081,06/10/2023 06:03:44,10.55,,,,,
1082,06/10/2023 06:08:44,10.72,,,,,
1083,06/10/2023 06:13:44,11.02,,,,,
1084,06/10/2023 06:18:44,11.41,,,,,
1085,06/10/2023 06:23:44,11.67,,,,,
1086,06/10/2023 06:28:44,11.92,,,,,
1087,06/10/2023 06:33:44,12.10,,,,,
1088,06/10/2023 06:38:44,12.35,,,,,
1089,06/10/2023 06:43:44,12.57,,,,,
1090,06/10/2023 06:48:44,12.95,,,,,
1091,06/10/2023 06:53:44,13.17,,,,,
1092,06/10/2023 06:58:44,13.25,,,,,
1093,06/10/2023 07:03:44,13.34,,,,,
1094,06/10/2023 07:08:44,13.38,,,,,
1095,06/10/2023 07:13:44,13.73,,,,,
1096,06/10/2023 07:18:44,14.24,,,,,
1097,06/10/2023 07:23:44,14.58,,,,,
1098,06/10/2023 07:28:44,15.01,,,,,
1099,06/10/2023 07:33:44,15.40,,,,,
1100,06/10/2023 07:38:44,15.53,,,,,
1101,06/10/2023 07:43:44,15.74,,,,,
1102,06/10/2023 07:48:44,15.87,,,,,
1103,06/10/2023 07:53:44,16.17,,,,,
1104,06/10/2023 07:58:44,16.77,,,,,
1105,06/10/2023 08:03:44,17.54,,,,,
1106,06/10/2023 08:08:44,18.02,,,,,
1107,06/10/2023 08:13:44,18.44,,,,,
1108,06/10/2023 08:18:44,18.79,,,,,
1109,06/10/2023 08:23:44,19.09,,,,,
1110,06/10/2023 08:28:44,19.73,,,,,
1111,06/10/2023 08:33:44,20.85,,,,,
1112,06/10/2023 08:38:44,20.72,,,,,
1113,06/10/2023 08:43:44,21.15,,,,,
1114,06/10/2023 08:48:44,21.79,,,,,
1115,06/10/2023 08:53:44,21.96,,,,,
1116,06/10/2023 08:58:44,21.32,,,,,
1117,06/10/2023 09:03:44,21.83,,,,,
1118,06/10/2023 09:08:44,21.79,,,,,
1119,06/10/2023 09:13:44,22.26,,,,,
1120,06/10/2023 09:18:44,22.48,,,,,
1121,06/10/2023 09:23:44,22.39,,,,,
1122,06/10/2023 09:28:44,22.78,,,,,
1123,06/10/2023 09:33:44,22.99,,,,,
1124,06/10/2023 09:38:44,22.56,,,,,
1125,06/10/2023 09:43:44,23.34,,,,,
1126,06/10/2023 09:48:44,24.36,,,,,
1127,06/10/2023 09:53:44,25.39,,,,,
1128,06/10/2023 09:58:44,24.92,,,,,
1129,06/10/2023 10:03:44,25.61,,,,,
1130,06/10/2023 10:08:44,26.21,,,,,
1131,06/10/2023 10:13:44,26.04,,,,,
1132,06/10/2023 10:18:44,25.95,,,,,
1133,06/10/2023 10:23:44,26.51,,,,,
1134,06/10/2023 10:28:44,26.85,,,,,
1135,06/10/2023 10:33:44,26.81,,,,,
1136,06/10/2023 10:38:44,26.98,,,,,
1137,06/10/2023 10:43:44,27.45,,,,,
1138,06/10/2023 10:48:44,28.31,,,,,
1139,06/10/2023 10:53:44,28.78,,,,,
1140,06/10/2023 10:58:44,30.07,,,,,
1141,06/10/2023 11:03:44,30.07,,,,,
1142,06/10/2023 11:08:44,29.73,,,,,
1143,06/10/2023 11:13:44,29.68,,,,,
1144,06/10/2023 11:18:44,29.47,,,,,
1145,06/10/2023 11:23:44,29.90,,,,,
1146,06/10/2023 11:28:44,30.63,,,,,
1147,06/10/2023 11:33:44,31.44,,,,,
1148,06/10/2023 11:38:44,31.57,,,,,
1149,06/10/2023 11:43:44,31.79,,,,,
1150,06/10/2023 11:48:44,31.57,,,,,
1151,06/10/2023 11:53:44,31.57,,,,,
1152,06/10/2023 11:58:44,32.00,,,,,
1153,06/10/2023 12:03:44,32.09,,,,,
1154,06/10/2023 12:08:44,32.13,,,,,
1155,06/10/2023 12:13:44,33.25,,,,,
1156,06/10/2023 12:18:44,32.34,,,,,
1157,06/10/2023 12:23:44,32.17,,,,,
1158,06/10/2023 12:28:44,31.36,,,,,
1159,06/10/2023 12:33:44,31.27,,,,,
1160,06/10/2023 12:38:44,30.37,,,,,
1161,06/10/2023 12:43:44,30.76,,,,,
1162,06/10/2023 12:48:44,31.10,,,,,
1163,06/10/2023 12:53:44,30.07,,,,,
1164,06/10/2023 12:58:44,30.16,,,,,
1165,06/10/2023 13:03:44,30.63,,,,,
1166,06/10/2023 13:08:44,31.23,,,,,
1167,06/10/2023 13:13:44,30.71,,,,,
1168,06/10/2023 13:18:44,31.36,,,,,
1169,06/10/2023 13:23:44,31.79,,,,,
1170,06/10/2023 13:28:44,31.40,,,,,
1171,06/10/2023 13:33:44,31.01,,,,,
1172,06/10/2023 13:38:44,31.53,,,,,
1173,06/10/2023 13:43:44,31.01,,,,,
1174,06/10/2023 13:48:44,30.46,,,,,
1175,06/10/2023 13:53:44,30.46,,,,,
1176,06/10/2023 13:58:44,31.49,,,,,
1177,06/10/2023 14:03:44,31.66,,,,,
1178,06/10/2023 14:08:44,32.13,,,,,
1179,06/10/2023 14:13:44,32.64,,,,,
1180,06/10/2023 14:18:44,32.94,,,,,
1181,06/10/2023 14:23:44,34.27,,,,,
1182,06/10/2023 14:28:44,34.06,,,,,
1183,06/10/2023 14:33:44,33.76,,,,,
1184,06/10/2023 14:38:44,34.79,,,,,
1185,06/10/2023 14:43:44,34.70,,,,,
1186,06/10/2023 14:48:44,34.10,,,,,
1187,06/10/2023 14:53:44,33.42,,,,,
1188,06/10/2023 14:58:44,32.90,,,,,
1189,06/10/2023 15:03:44,33.42,,,,,
1190,06/10/2023 15:08:44,34.10,,,,,
1191,06/10/2023 15:13:44,33.50,,,,,
1192,06/10/2023 15:18:44,33.42,,,,,
1193,06/10/2023 15:23:44,32.82,,,,,
1194,06/10/2023 15:28:44,31.27,,,,,
1195,06/10/2023 15:33:44,30.59,,,,,
1196,06/10/2023 15:38:44,31.23,,,,,
1197,06/10/2023 15:43:44,30.93,,,,,
1198,06/10/2023 15:48:44,31.83,,,,,
1199,06/10/2023 15:53:44,30.84,,,,,
1200,06/10/2023 15:58:44,30.28,,,,,
1201,06/10/2023 16:03:44,30.67,,,,,
1202,06/10/2023 16:08:44,29.98,,,,,
1203,06/10/2023 16:13:44,29.81,,,,,
1204,06/10/2023 16:18:44,29.17,,,,,
1205,06/10/2023 16:23:44,31.23,,,,,
1206,06/10/2023 16:28:44,29.30,,,,,
1207,06/10/2023 16:33:44,28.10,,,,,
1208,06/10/2023 16:38:44,27.32,,,,,
1209,06/10/2023 16:43:44,27.20,,,,,
1210,06/10/2023 16:48:44,27.02,,,,,
1211,06/10/2023 16:53:44,27.24,,,,,
1212,06/10/2023 16:58:44,27.28,,,,,
1213,06/10/2023 17:03:44,27.07,,,,,
1214,06/10/2023 17:08:44,27.07,,,,,
1215,06/10/2023 17:13:44,27.11,,,,,
1216,06/10/2023 17:18:44,27.07,,,,,
1217,06/10/2023 17:23:44,27.24,,,,,
1218,06/10/2023 17:28:44,27.50,,,,,
1219,06/10/2023 17:33:44,27.84,,,,,
1220,06/10/2023 17:38:44,28.44,,,,,
1221,06/10/2023 17:43:44,28.44,,,,,
1222,06/10/2023 17:48:44,28.35,,,,,
1223,06/10/2023 17:53:44,28.40,,,,,
1224,06/10/2023 17:58:44,28.14,,,,,
1225,06/10/2023 18:03:44,28.10,,,,,
1226,06/10/2023 18:08:44,28.31,,,,,
1227,06/10/2023 18:13:44,28.70,,,,,
1228,06/10/2023 18:18:44,28.74,,,,,
1229,06/10/2023 18:23:44,28.18,,,,,
1230,06/10/2023 18:28:44,27.93,,,,,
1231,06/10/2023 18:33:44,27.71,,,,,
1232,06/10/2023 18:38:44,27.32,,,,,
1233,06/10/2023 18:43:44,27.32,,,,,
1234,06/10/2023 18:48:44,27.28,,,,,
1235,06/10/2023 18:53:44,27.32,,,,,
1236,06/10/2023 18:58:44,27.41,,,,,
1237,06/10/2023 19:03:44,27.28,,,,,
1238,06/10/2023 19:08:44,26.60,,,,,
1239,06/10/2023 19:13:44,26.12,,,,,
1240,06/10/2023 19:18:44,25.74,,,,,
1241,06/10/2023 19:23:44,25.18,,,,,
1242,06/10/2023 19:28:44,24.92,,,,,
1243,06/10/2023 19:33:44,24.62,,,,,
1244,06/10/2023 19:38:44,24.32,,,,,
1245,06/10/2023 19:43:44,24.11,,,,,
1246,06/10/2023 19:48:44,23.98,,,,,
1247,06/10/2023 19:53:44,23.85,,,,,
1248,06/10/2023 19:58:44,23.16,,,,,
1249,06/10/2023 20:03:44,22.73,,,,,
1250,06/10/2023 20:08:44,22.48,,,,,
1251,06/10/2023 20:13:44,22.09,,,,,
1252,06/10/2023 20:18:44,21.75,,,,,
1253,06/10/2023 20:23:44,21.40,,,,,
1254,06/10/2023 20:28:44,21.19,,,,,
1255,06/10/2023 20:33:44,20.89,,,,,
1256,06/10/2023 20:38:44,20.63,,,,,
1257,06/10/2023 20:43:44,20.42,,,,,
1258,06/10/2023 20:48:44,20.25,,,,,
1259,06/10/2023 20:53:44,20.07,,,,,
1260,06/10/2023 20:58:44,19.86,,,,,
1261,06/10/2023 21:03:44,19.69,,,,,
1262,06/10/2023 21:08:44,19.47,,,,,
1263,06/10/2023 21:13:44,19.22,,,,,
1264,06/10/2023 21:18:44,19.05,,,,,
1265,06/10/2023 21:23:44,18.74,,,,,
1266,06/10/2023 21:28:44,18.32,,,,,
1267,06/10/2023 21:33:44,18.02,,,,,
1268,06/10/2023 21:38:44,17.84,,,,,
1269,06/10/2023 21:43:44,17.67,,,,,
1270,06/10/2023 21:48:44,17.59,,,,,
1271,06/10/2023 21:53:44,17.46,,,,,
1272,06/10/2023 21:58:44,17.29,,,,,
1273,06/10/2023 22:03:44,17.16,,,,,
1274,06/10/2023 22:08:44,17.07,,,,,
1275,06/10/2023 22:13:44,16.99,,,,,
1276,06/10/2023 22:18:44,16.86,,,,,
1277,06/10/2023 22:23:44,16.77,,,,,
1278,06/10/2023 22:28:44,16.64,,,,,
1279,06/10/2023 22:33:44,16.60,,,,,
1280,06/10/2023 22:38:44,16.51,,,,,
1281,06/10/2023 22:43:44,16.47,,,,,
1282,06/10/2023 22:48:44,16.43,,,,,
1283,06/10/2023 22:53:44,16.39,,,,,
1284,06/10/2023 22:58:44,16.30,,,,,
1285,06/10/2023 23:03:44,16.26,,,,,
1286,06/10/2023 23:08:44,16.08,,,,,
1287,06/10/2023 23:13:44,15.91,,,,,
1288,06/10/2023 23:18:44,15.74,,,,,
1289,06/10/2023 23:23:44,15.61,,,,,
1290,06/10/2023 23:28:44,15.40,,,,,
1291,06/10/2023 23:33:44,15.27,,,,,
1292,06/10/2023 23:38:44,15.06,,,,,
1293,06/10/2023 23:43:44,14.75,,,,,
1294,06/10/2023 23:48:44,14.58,,,,,
1295,06/10/2023 23:53:44,14.45,,,,,
1296,06/10/2023 23:58:44,14.24,,,,,
1297,06/11/2023 00:03:44,14.24,,,,,
1298,06/11/2023 00:08:44,13.94,,,,,
1299,06/11/2023 00:13:44,13.94,,,,,
1300,06/11/2023 00:18:44,13.81,,,,,
1301,06/11/2023 00:23:44,13.94,,,,,
1302,06/11/2023 00:28:44,13.77,,,,,
1303,06/11/2023 00:33:44,13.77,,,,,
1304,06/11/2023 00:38:44,13.60,,,,,
1305,06/11/2023 00:43:44,13.51,,,,,
1306,06/11/2023 00:48:44,13.47,,,,,
1307,06/11/2023 00:53:44,13.47,,,,,
1308,06/11/2023 00:58:44,13.30,,,,,
1309,06/11/2023 01:03:44,13.17,,,,,
1310,06/11/2023 01:08:44,13.00,,,,,
1311,06/11/2023 01:13:44,12.87,,,,,
1312,06/11/2023 01:18:44,12.91,,,,,
1313,06/11/2023 01:23:44,12.95,,,,,
1314,06/11/2023 01:28:44,12.87,,,,,
1315,06/11/2023 01:33:44,12.82,,,,,
1316,06/11/2023 01:38:44,12.70,,,,,
1317,06/11/2023 01:43:44,12.52,,,,,
1318,06/11/2023 01:48:44,12.57,,,,,
1319,06/11/2023 01:53:44,12.52,,,,,
1320,06/11/2023 01:58:44,12.57,,,,,
1321,06/11/2023 02:03:44,12.57,,,,,
1322,06/11/2023 02:08:44,12.52,,,,,
1323,06/11/2023 02:13:44,12.44,,,,,
1324,06/11/2023 02:18:44,12.61,,,,,
1325,06/11/2023 02:23:44,12.70,,,,,
1326,06/11/2023 02:28:44,12.82,,,,,
1327,06/11/2023 02:33:44,12.95,,,,,
1328,06/11/2023 02:38:44,13.08,,,,,
1329,06/11/2023 02:43:44,12.78,,,,,
1330,06/11/2023 02:48:44,12.61,,,,,
1331,06/11/2023 02:53:44,12.44,,,,,
1332,06/11/2023 02:58:44,12.48,,,,,
1333,06/11/2023 03:03:44,12.27,,,,,
1334,06/11/2023 03:08:44,12.18,,,,,
1335,06/11/2023 03:13:44,11.97,,,,,
1336,06/11/2023 03:18:44,11.92,,,,,
1337,06/11/2023 03:23:44,11.84,,,,,
1338,06/11/2023 03:28:44,11.79,,,,,
1339,06/11/2023 03:33:44,11.88,,,,,
1340,06/11/2023 03:38:44,11.97,,,,,
1341,06/11/2023 03:43:44,12.01,,,,,
1342,06/11/2023 03:48:44,11.97,,,,,
1343,06/11/2023 03:53:44,11.97,,,,,
1344,06/11/2023 03:58:44,11.97,,,,,
1345,06/11/2023 04:03:44,11.88,,,,,
1346,06/11/2023 04:08:44,11.88,,,,,
1347,06/11/2023 04:13:44,11.84,,,,,
1348,06/11/2023 04:18:44,11.79,,,,,
1349,06/11/2023 04:23:44,11.75,,,,,
1350,06/11/2023 04:28:44,11.67,,,,,
1351,06/11/2023 04:33:44,11.62,,,,,
1352,06/11/2023 04:38:44,11.62,,,,,
1353,06/11/2023 04:43:44,11.58,,,,,
1354,06/11/2023 04:48:44,11.58,,,,,
1355,06/11/2023 04:53:44,11.41,,,,,
1356,06/11/2023 04:58:44,11.32,,,,,
1357,06/11/2023 05:03:44,11.32,,,,,
1358,06/11/2023 05:08:44,11.28,,,,,
1359,06/11/2023 05:13:44,11.24,,,,,
1360,06/11/2023 05:18:44,11.19,,,,,
1361,06/11/2023 05:23:44,11.28,,,,,
1362,06/11/2023 05:28:44,11.24,,,,,
1363,06/11/2023 05:33:44,11.19,,,,,
1364,06/11/2023 05:38:44,11.28,,,,,
1365,06/11/2023 05:43:44,11.32,,,,,
1366,06/11/2023 05:48:44,11.37,,,,,
1367,06/11/2023 05:53:44,11.49,,,,,
1368,06/11/2023 05:58:44,11.54,,,,,
1369,06/11/2023 06:03:44,11.79,,,,,
1370,06/11/2023 06:08:44,12.01,,,,,
1371,06/11/2023 06:13:44,12.18,,,,,
1372,06/11/2023 06:18:44,12.74,,,,,
1373,06/11/2023 06:23:44,13.43,,,,,
1374,06/11/2023 06:28:44,13.98,,,,,
1375,06/11/2023 06:33:44,14.45,,,,,
1376,06/11/2023 06:38:44,14.84,,,,,
1377,06/11/2023 06:43:44,15.14,,,,,
1378,06/11/2023 06:48:44,15.61,,,,,
1379,06/11/2023 06:53:44,16.08,,,,,
1380,06/11/2023 06:58:44,16.64,,,,,
1381,06/11/2023 07:03:44,17.20,,,,,
1382,06/11/2023 07:08:44,17.46,,,,,
1383,06/11/2023 07:13:44,17.80,,,,,
1384,06/11/2023 07:18:44,18.14,,,,,
1385,06/11/2023 07:23:44,18.66,,,,,
1386,06/11/2023 07:28:44,18.79,,,,,
1387,06/11/2023 07:33:44,19.26,,,,,
1388,06/11/2023 07:38:44,19.95,,,,,
1389,06/11/2023 07:43:44,20.20,,,,,
1390,06/11/2023 07:48:44,20.68,,,,,
1391,06/11/2023 07:53:44,21.06,,,,,
1392,06/11/2023 07:58:44,21.66,,,,,
1393,06/11/2023 08:03:44,21.92,,,,,
1394,06/11/2023 08:08:44,22.31,,,,,
1395,06/11/2023 08:13:44,23.03,,,,,
1396,06/11/2023 08:18:44,23.59,,,,,
1397,06/11/2023 08:23:44,23.98,,,,,
1398,06/11/2023 08:28:44,23.81,,,,,
1399,06/11/2023 08:33:44,23.89,,,,,
1400,06/11/2023 08:38:44,24.02,,,,,
1401,06/11/2023 08:43:44,24.41,,,,,
1402,06/11/2023 08:48:44,25.14,,,,,
1403,06/11/2023 08:53:44,24.62,,,,,
1404,06/11/2023 08:58:44,24.79,,,,,
1405,06/11/2023 09:03:44,25.48,,,,,
1406,06/11/2023 09:08:44,25.18,,,,,
1407,06/11/2023 09:13:44,25.35,,,,,
1408,06/11/2023 09:18:44,26.08,,,,,
1409,06/11/2023 09:23:44,26.34,,,,,
1410,06/11/2023 09:28:44,26.72,,,,,
1411,06/11/2023 09:33:44,26.98,,,,,
1412,06/11/2023 09:38:44,27.54,,,,,
1413,06/11/2023 09:43:44,27.41,,,,,
1414,06/11/2023 09:48:44,27.20,,,,,
1415,06/11/2023 09:53:44,27.45,,,,,
1416,06/11/2023 09:58:44,27.28,,,,,
1417,06/11/2023 10:03:44,27.37,,,,,
1418,06/11/2023 10:08:44,27.75,,,,,
1419,06/11/2023 10:13:44,27.84,,,,,
1420,06/11/2023 10:18:44,27.71,,,,,
1421,06/11/2023 10:23:44,28.95,,,,,
1422,06/11/2023 10:28:44,29.04,,,,,
1423,06/11/2023 10:33:44,28.57,,,,,
1424,06/11/2023 10:38:44,29.38,,,,,
1425,06/11/2023 10:43:44,29.73,,,,,
1426,06/11/2023 10:48:44,29.98,,,,,
1427,06/11/2023 10:53:44,29.98,,,,,
1428,06/11/2023 10:58:44,30.03,,,,,
1429,06/11/2023 11:03:44,29.77,,,,,
1430,06/11/2023 11:08:44,30.11,,,,,
1431,06/11/2023 11:13:44,29.60,,,,,
1432,06/11/2023 11:18:44,30.03,,,,,
1433,06/11/2023 11:23:44,30.80,,,,,
1434,06/11/2023 11:28:44,30.93,,,,,
1435,06/11/2023 11:33:44,31.31,,,,,
1436,06/11/2023 11:38:44,31.27,,,,,
1437,06/11/2023 11:43:44,31.14,,,,,
1438,06/11/2023 11:48:44,31.66,,,,,
1439,06/11/2023 11:53:44,31.83,,,,,
1440,06/11/2023 11:58:44,32.22,,,,,
1441,06/11/2023 12:03:44,32.26,,,,,
1442,06/11/2023 12:08:44,32.17,,,,,
1443,06/11/2023 12:13:44,32.34,,,,,
1444,06/11/2023 12:18:44,31.92,,,,,
1445,06/11/2023 12:23:44,32.60,,,,,
1446,06/11/2023 12:28:44,33.33,,,,,
1447,06/11/2023 12:33:44,33.42,,,,,
1448,06/11/2023 12:38:44,33.07,,,,,
1449,06/11/2023 12:43:44,33.12,,,,,
1450,06/11/2023 12:48:44,33.63,,,,,
1451,06/11/2023 12:53:44,33.67,,,,,
1452,06/11/2023 12:58:44,33.50,,,,,
1453,06/11/2023 13:03:44,33.55,,,,,
1454,06/11/2023 13:08:44,33.93,,,,,
1455,06/11/2023 13:13:44,33.76,,,,,
1456,06/11/2023 13:18:44,33.80,,,,,
1457,06/11/2023 13:23:44,33.67,,,,,
1458,06/11/2023 13:28:44,33.63,,,,,
1459,06/11/2023 13:33:44,33.93,,,,,
1460,06/11/2023 13:38:44,33.80,,,,,
1461,06/11/2023 13:43:44,34.32,,,,,
1462,06/11/2023 13:48:44,33.97,,,,,
1463,06/11/2023 13:53:44,34.40,,,,,
1464,06/11/2023 13:58:44,34.40,,,,,
1465,06/11/2023 14:03:44,34.66,,,,,
1466,06/11/2023 14:08:44,34.40,,,,,
1467,06/11/2023 14:13:44,34.36,,,,,
1468,06/11/2023 14:18:44,34.15,,,,,
1469,06/11/2023 14:23:44,34.19,,,,,
1470,06/11/2023 14:28:44,33.12,,,,,
1471,06/11/2023 14:33:44,34.27,,,,,
1472,06/11/2023 14:38:44,33.46,,,,,
1473,06/11/2023 14:43:44,33.25,,,,,
1474,06/11/2023 14:48:44,33.29,,,,,
1475,06/11/2023 14:53:44,32.99,,,,,
1476,06/11/2023 14:58:44,33.50,,,,,
1477,06/11/2023 15:03:44,33.12,,,,,
1478,06/11/2023 15:08:44,33.67,,,,,
1479,06/11/2023 15:13:44,33.72,,,,,
1480,06/11/2023 15:18:44,33.85,,,,,
1481,06/11/2023 15:23:44,34.96,,,,,
1482,06/11/2023 15:28:44,34.23,,,,,
1483,06/11/2023 15:33:44,33.76,,,,,
1484,06/11/2023 15:38:44,33.50,,,,,
1485,06/11/2023 15:43:44,33.42,,,,,
1486,06/11/2023 15:48:44,33.16,,,,,
1487,06/11/2023 15:53:44,32.22,,,,,
1488,06/11/2023 15:58:44,31.74,,,,,
1489,06/11/2023 16:03:44,31.66,,,,,
1490,06/11/2023 16:08:44,31.27,,,,,
1491,06/11/2023 16:13:44,31.14,,,,,
1492,06/11/2023 16:18:44,30.89,,,,,
1493,06/11/2023 16:23:44,30.41,,,,,
1494,06/11/2023 16:28:44,29.77,,,,,
1495,06/11/2023 16:33:44,29.47,,,,,
1496,06/11/2023 16:38:44,29.17,,,,,
1497,06/11/2023 16:43:44,29.17,,,,,
1498,06/11/2023 16:48:44,29.17,,,,,
1499,06/11/2023 16:53:44,29.43,,,,,
1500,06/11/2023 16:58:44,29.30,,,,,
1501,06/11/2023 17:03:44,29.08,,,,,
1502,06/11/2023 17:08:44,28.44,,,,,
1503,06/11/2023 17:13:44,27.93,,,,,
1504,06/11/2023 17:18:44,27.67,,,,,
1505,06/11/2023 17:23:44,27.32,,,,,
1506,06/11/2023 17:28:44,26.68,,,,,
1507,06/11/2023 17:33:44,26.21,,,,,
1508,06/11/2023 17:38:44,26.17,,,,,
1509,06/11/2023 17:43:44,25.95,,,,,
1510,06/11/2023 17:48:44,25.65,,,,,
1511,06/11/2023 17:53:44,25.57,,,,,
1512,06/11/2023 17:58:44,25.14,,,,,
1513,06/11/2023 18:03:44,24.97,,,,,
1514,06/11/2023 18:08:44,24.84,,,,,
1515,06/11/2023 18:13:44,24.75,,,,,
1516,06/11/2023 18:18:44,24.75,,,,,
1517,06/11/2023 18:23:44,24.58,,,,,
1518,06/11/2023 18:28:44,24.41,,,,,
1519,06/11/2023 18:33:44,23.98,,,,,
1520,06/11/2023 18:38:44,23.76,,,,,
1521,06/11/2023 18:43:44,23.64,,,,,
1522,06/11/2023 18:48:44,23.34,,,,,
1523,06/11/2023 18:53:44,23.16,,,,,
1524,06/11/2023 18:58:44,22.95,,,,,
1525,06/11/2023 19:03:44,22.78,,,,,
1526,06/11/2023 19:08:44,22.56,,,,,
1527,06/11/2023 19:13:44,22.35,,,,,
1528,06/11/2023 19:18:44,22.09,,,,,
1529,06/11/2023 19:23:44,21.88,,,,,
1530,06/11/2023 19:28:44,21.62,,,,,
1531,06/11/2023 19:33:44,21.36,,,,,
1532,06/11/2023 19:38:44,21.15,,,,,
1533,06/11/2023 19:43:44,21.06,,,,,
1534,06/11/2023 19:48:44,20.72,,,,,
1535,06/11/2023 19:53:44,20.50,,,,,
1536,06/11/2023 19:58:44,20.25,,,,,
1537,06/11/2023 20:03:44,19.99,,,,,
1538,06/11/2023 20:08:44,19.73,,,,,
1539,06/11/2023 20:13:44,19.43,,,,,
1540,06/11/2023 20:18:44,19.17,,,,,
1541,06/11/2023 20:23:44,18.96,,,,,
1542,06/11/2023 20:28:44,18.66,,,,,
1543,06/11/2023 20:33:44,18.44,,,,,
1544,06/11/2023 20:38:44,18.23,,,,,
1545,06/11/2023 20:43:44,18.10,,,,,
1546,06/11/2023 20:48:44,17.93,,,,,
1547,06/11/2023 20:53:44,17.84,,,,,
1548,06/11/2023 20:58:44,17.72,,,,,
1549,06/11/2023 21:03:44,17.63,,,,,
1550,06/11/2023 21:08:44,17.50,,,,,
1551,06/11/2023 21:13:44,17.46,,,,,
1552,06/11/2023 21:18:44,17.33,,,,,
1553,06/11/2023 21:23:44,17.20,,,,,
1554,06/11/2023 21:28:44,17.16,,,,,
1555,06/11/2023 21:33:44,17.07,,,,,
1556,06/11/2023 21:38:44,17.03,,,,,
1557,06/11/2023 21:43:44,16.94,,,,,
1558,06/11/2023 21:48:44,16.81,,,,,
1559,06/11/2023 21:53:44,16.73,,,,,
1560,06/11/2023 21:58:44,16.60,,,,,
1561,06/11/2023 22:03:44,16.51,,,,,
1562,06/11/2023 22:08:44,16.39,,,,,
1563,06/11/2023 22:13:44,16.39,,,,,
1564,06/11/2023 22:18:44,16.34,,,,,
1565,06/11/2023 22:23:44,16.26,,,,,
1566,06/11/2023 22:28:44,16.08,,,,,
1567,06/11/2023 22:33:44,16.00,,,,,
1568,06/11/2023 22:38:44,15.91,,,,,
1569,06/11/2023 22:43:44,15.87,,,,,
1570,06/11/2023 22:48:44,15.78,,,,,
1571,06/11/2023 22:53:44,15.74,,,,,
1572,06/11/2023 22:58:44,15.70,,,,,
1573,06/11/2023 23:03:44,15.66,,,,,
1574,06/11/2023 23:08:44,15.61,,,,,
1575,06/11/2023 23:13:44,15.44,,,,,
1576,06/11/2023 23:18:44,15.40,,,,,
1577,06/11/2023 23:23:44,15.44,,,,,
1578,06/11/2023 23:28:44,15.44,,,,,
1579,06/11/2023 23:33:44,15.36,,,,,
1580,06/11/2023 23:38:44,15.36,,,,,
1581,06/11/2023 23:43:44,15.27,,,,,
1582,06/11/2023 23:48:44,15.23,,,,,
1583,06/11/2023 23:53:44,15.31,,,,,
1584,06/11/2023 23:58:44,15.36,,,,,
1585,06/12/2023 00:03:44,15.36,,,,,
1586,06/12/2023 00:08:44,15.36,,,,,
1587,06/12/2023 00:13:44,15.23,,,,,
1588,06/12/2023 00:18:44,15.18,,,,,
1589,06/12/2023 00:23:44,15.01,,,,,
1590,06/12/2023 00:28:44,14.93,,,,,
1591,06/12/2023 00:33:44,14.97,,,,,
1592,06/12/2023 00:38:44,14.97,,,,,
1593,06/12/2023 00:43:44,14.97,,,,,
1594,06/12/2023 00:48:44,14.97,,,,,
1595,06/12/2023 00:53:44,15.10,,,,,
1596,06/12/2023 00:58:44,15.23,,,,,
1597,06/12/2023 01:03:44,15.44,,,,,
1598,06/12/2023 01:08:44,15.70,,,,,
1599,06/12/2023 01:13:44,15.96,,,,,
1600,06/12/2023 01:18:44,16.08,,,,,
1601,06/12/2023 01:23:44,16.17,,,,,
1602,06/12/2023 01:28:44,16.21,,,,,
1603,06/12/2023 01:33:44,16.26,,,,,
1604,06/12/2023 01:38:44,16.30,,,,,
1605,06/12/2023 01:43:44,16.43,,,,,
1606,06/12/2023 01:48:44,16.47,,,,,
1607,06/12/2023 01:53:44,16.56,,,,,
1608,06/12/2023 01:58:44,16.60,,,,,
1609,06/12/2023 02:03:44,16.60,,,,,
1610,06/12/2023 02:08:44,16.56,,,,,
1611,06/12/2023 02:13:44,16.47,,,,,
1612,06/12/2023 02:18:44,16.43,,,,,
1613,06/12/2023 02:23:44,16.26,,,,,
1614,06/12/2023 02:28:44,16.13,,,,,
1615,06/12/2023 02:33:44,16.08,,,,,
1616,06/12/2023 02:38:44,16.04,,,,,
1617,06/12/2023 02:43:44,15.96,,,,,
1618,06/12/2023 02:48:44,16.00,,,,,
1619,06/12/2023 02:53:44,16.00,,,,,
1620,06/12/2023 02:58:44,15.96,,,,,
1621,06/12/2023 03:03:44,16.00,,,,,
1622,06/12/2023 03:08:44,15.96,,,,,
1623,06/12/2023 03:13:44,15.96,,,,,
1624,06/12/2023 03:18:44,16.00,,,,,
1625,06/12/2023 03:23:44,16.00,,,,,
1626,06/12/2023 03:28:44,16.04,,,,,
1627,06/12/2023 03:33:44,16.08,,,,,
1628,06/12/2023 03:38:44,16.21,,,,,
1629,06/12/2023 03:43:44,16.30,,,,,
1630,06/12/2023 03:48:44,16.34,,,,,
1631,06/12/2023 03:53:44,16.34,,,,,
1632,06/12/2023 03:58:44,16.34,,,,,
1633,06/12/2023 04:03:44,16.34,,,,,
1634,06/12/2023 04:08:44,16.34,,,,,
1635,06/12/2023 04:13:44,16.34,,,,,
1636,06/12/2023 04:18:44,16.43,,,,,
1637,06/12/2023 04:23:44,16.47,,,,,
1638,06/12/2023 04:28:44,16.43,,,,,
1639,06/12/2023 04:33:44,16.47,,,,,
1640,06/12/2023 04:38:44,16.43,,,,,
1641,06/12/2023 04:43:44,16.39,,,,,
1642,06/12/2023 04:48:44,16.30,,,,,
1643,06/12/2023 04:53:44,16.21,,,,,
1644,06/12/2023 04:58:44,16.08,,,,,
1645,06/12/2023 05:03:44,16.00,,,,,
1646,06/12/2023 05:08:44,15.96,,,,,
1647,06/12/2023 05:13:44,15.91,,,,,
1648,06/12/2023 05:18:44,15.87,,,,,
1649,06/12/2023 05:23:44,15.78,,,,,
1650,06/12/2023 05:28:44,15.74,,,,,
1651,06/12/2023 05:33:44,15.66,,,,,
1652,06/12/2023 05:38:44,15.66,,,,,
1653,06/12/2023 05:43:44,15.66,,,,,
1654,06/12/2023 05:48:44,15.57,,,,,
1655,06/12/2023 05:53:44,15.44,,,,,
1656,06/12/2023 05:58:44,15.40,,,,,
1657,06/12/2023 06:03:44,15.31,,,,,
1658,06/12/2023 06:08:44,15.31,,,,,
1659,06/12/2023 06:13:44,15.36,,,,,
1660,06/12/2023 06:18:44,15.36,,,,,
1661,06/12/2023 06:23:44,15.48,,,,,
1662,06/12/2023 06:28:44,15.61,,,,,
1663,06/12/2023 06:33:44,16.00,,,,,
1664,06/12/2023 06:38:44,16.60,,,,,
1665,06/12/2023 06:43:44,16.51,,,,,
1666,06/12/2023 06:48:44,16.64,,,,,
1667,06/12/2023 06:53:44,16.86,,,,,
1668,06/12/2023 06:58:44,17.11,,,,,
1669,06/12/2023 07:03:44,17.37,,,,,
1670,06/12/2023 07:08:44,17.37,,,,,
1671,06/12/2023 07:13:44,17.37,,,,,
1672,06/12/2023 07:18:44,17.29,,,,,
1673,06/12/2023 07:23:44,17.46,,,,,
1674,06/12/2023 07:28:44,17.76,,,,,
1675,06/12/2023 07:33:44,17.76,,,,,
1676,06/12/2023 07:38:44,17.80,,,,,
1677,06/12/2023 07:43:44,18.19,,,,,
1678,06/12/2023 07:48:44,18.23,,,,,
1679,06/12/2023 07:53:44,18.36,,,,,
1680,06/12/2023 07:58:44,18.40,,,,,
1681,06/12/2023 08:03:44,18.53,,,,,
1682,06/12/2023 08:08:44,18.53,,,,,
1683,06/12/2023 08:13:44,18.70,,,,,
1684,06/12/2023 08:18:44,18.87,,,,,
1685,06/12/2023 08:23:44,19.17,,,,,
1686,06/12/2023 08:28:44,19.22,,,,,
1687,06/12/2023 08:33:44,19.17,,,,,
1688,06/12/2023 08:38:44,19.43,,,,,
1689,06/12/2023 08:43:44,19.82,,,,,
1690,06/12/2023 08:48:44,19.65,,,,,
1691,06/12/2023 08:53:44,19.47,,,,,
1692,06/12/2023 08:58:44,19.17,,,,,
1693,06/12/2023 09:03:44,19.22,,,,,
1694,06/12/2023 09:08:44,19.73,,,,,
1695,06/12/2023 09:13:44,20.16,,,,,
1696,06/12/2023 09:18:44,20.20,,,,,
1697,06/12/2023 09:23:44,20.33,,,,,
1698,06/12/2023 09:28:44,20.46,,,,,
1699,06/12/2023 09:33:44,20.89,,,,,
1700,06/12/2023 09:38:44,21.15,,,,,
1701,06/12/2023 09:43:44,20.93,,,,,
1702,06/12/2023 09:48:44,21.49,,,,,
1703,06/12/2023 09:53:44,21.49,,,,,
1704,06/12/2023 09:58:44,21.06,,,,,
1705,06/12/2023 10:03:44,20.85,,,,,
1706,06/12/2023 10:08:44,20.72,,,,,
1707,06/12/2023 10:13:44,20.72,,,,,
1708,06/12/2023 10:18:44,20.63,,,,,
1709,06/12/2023 10:23:44,20.98,,,,,
1710,06/12/2023 10:28:44,21.19,,,,,
1711,06/12/2023 10:33:44,21.66,,,,,
1712,06/12/2023 10:38:44,21.66,,,,,
1713,06/12/2023 10:43:44,22.09,,,,,
1714,06/12/2023 10:48:44,22.61,,,,,
1715,06/12/2023 10:53:44,23.08,,,,,
1716,06/12/2023 10:58:44,23.29,,,,,
1717,06/12/2023 11:03:44,23.68,,,,,
1718,06/12/2023 11:08:44,24.15,,,,,
1719,06/12/2023 11:13:44,24.71,,,,,
1720,06/12/2023 11:18:44,25.44,,,,,
1721,06/12/2023 11:23:44,25.95,,,,,
1722,06/12/2023 11:28:44,25.91,,,,,
1723,06/12/2023 11:33:44,27.84,,,,,
1724,06/12/2023 11:38:44,28.05,,,,,
1725,06/12/2023 11:43:44,28.65,,,,,
1726,06/12/2023 11:48:44,28.91,,,,,
1727,06/12/2023 11:53:44,28.57,,,,,
1728,06/12/2023 11:58:44,27.45,,,,,
1729,06/12/2023 12:03:44,27.37,,,,,
1730,06/12/2023 12:08:44,29.21,,,,,
1731,06/12/2023 12:13:44,28.57,,,,,
1732,06/12/2023 12:18:44,29.56,,,,,
1733,06/12/2023 12:23:44,28.95,,,,,
1734,06/12/2023 12:28:44,29.47,,,,,
1735,06/12/2023 12:33:44,28.65,,,,,
1736,06/12/2023 12:38:44,28.57,,,,,
1737,06/12/2023 12:43:44,29.56,,,,,
1738,06/12/2023 12:48:44,29.13,,,,,
1739,06/12/2023 12:53:44,29.60,,,,,
1740,06/12/2023 12:58:44,29.64,,,,,
1741,06/12/2023 13:03:44,28.35,,,,,
1742,06/12/2023 13:08:44,29.04,,,,,
1743,06/12/2023 13:13:44,29.86,,,,,
1744,06/12/2023 13:18:44,29.68,,,,,
1745,06/12/2023 13:23:44,30.84,,,,,
1746,06/12/2023 13:28:44,31.31,,,,,
1747,06/12/2023 13:33:44,31.27,,,,,
1748,06/12/2023 13:38:44,31.01,,,,,
1749,06/12/2023 13:43:44,31.87,,,,,
1750,06/12/2023 13:48:44,32.09,,,,,
1751,06/12/2023 13:53:44,32.22,,,,,
1752,06/12/2023 13:58:44,31.92,,,,,
1753,06/12/2023 14:03:44,31.83,,,,,
1754,06/12/2023 14:08:44,30.89,,,,,
1755,06/12/2023 14:13:44,31.10,,,,,
1756,06/12/2023 14:18:44,32.39,,,,,
1757,06/12/2023 14:23:44,31.96,,,,,
1758,06/12/2023 14:28:44,31.70,,,,,
1759,06/12/2023 14:33:44,32.26,,,,,
1760,06/12/2023 14:38:44,32.47,,,,,
1761,06/12/2023 14:43:44,32.39,,,,,
1762,06/12/2023 14:48:44,32.52,,,,,
1763,06/12/2023 14:53:44,31.96,,,,,
1764,06/12/2023 14:58:44,31.57,,,,,
1765,06/12/2023 15:03:44,31.06,,,,,
1766,06/12/2023 15:08:44,30.84,,,,,
1767,06/12/2023 15:13:44,31.14,,,,,
1768,06/12/2023 15:18:44,31.19,,,,,
1769,06/12/2023 15:23:44,31.74,,,,,
1770,06/12/2023 15:28:44,31.61,,,,,
1771,06/12/2023 15:33:44,31.87,,,,,
1772,06/12/2023 15:38:44,32.04,,,,,
1773,06/12/2023 15:43:44,31.87,,,,,
1774,06/12/2023 15:48:44,31.49,,,,,
1775,06/12/2023 15:53:44,30.54,,,,,
1776,06/12/2023 15:58:44,30.97,,,,,
1777,06/12/2023 16:03:44,31.01,,,,,
1778,06/12/2023 16:08:44,31.06,,,,,
1779,06/12/2023 16:13:44,30.80,,,,,
1780,06/12/2023 16:18:44,30.59,,,,,
1781,06/12/2023 16:23:44,30.76,,,,,
1782,06/12/2023 16:28:44,31.01,,,,,
1783,06/12/2023 16:33:44,31.19,,,,,
1784,06/12/2023 16:38:44,31.49,,,,,
1785,06/12/2023 16:43:44,31.01,,,,,
1786,06/12/2023 16:48:44,30.54,,,,,
1787,06/12/2023 16:53:44,30.89,,,,,
1788,06/12/2023 16:58:44,30.93,,,,,
1789,06/12/2023 17:03:44,30.84,,,,,
1790,06/12/2023 17:08:44,31.10,,,,,
1791,06/12/2023 17:13:44,31.19,,,,,
1792,06/12/2023 17:18:44,30.93,,,,,
1793,06/12/2023 17:23:44,31.27,,,,,
1794,06/12/2023 17:28:44,31.10,,,,,
1795,06/12/2023 17:33:44,31.23,,,,,
1796,06/12/2023 17:38:44,30.63,,,,,
1797,06/12/2023 17:43:44,30.24,,,,,
1798,06/12/2023 17:48:44,30.46,,,,,
1799,06/12/2023 17:53:44,30.24,,,,,
1800,06/12/2023 17:58:44,30.07,,,,,
1801,06/12/2023 18:03:44,29.90,,,,,
1802,06/12/2023 18:08:44,29.34,,,,,
1803,06/12/2023 18:13:44,29.08,,,,,
1804,06/12/2023 18:18:44,28.48,,,,,
1805,06/12/2023 18:23:44,28.44,,,,,
1806,06/12/2023 18:28:44,28.18,,,,,
1807,06/12/2023 18:33:44,28.35,,,,,
1808,06/12/2023 18:38:44,28.95,,,,,
1809,06/12/2023 18:43:44,28.44,,,,,
1810,06/12/2023 18:48:44,27.93,,,,,
1811,06/12/2023 18:53:44,27.50,,,,,
1812,06/12/2023 18:58:44,26.98,,,,,
1813,06/12/2023 19:03:44,26.47,,,,,
1814,06/12/2023 19:08:44,25.99,,,,,
1815,06/12/2023 19:13:44,25.69,,,,,
1816,06/12/2023 19:18:44,25.18,,,,,
1817,06/12/2023 19:23:44,24.71,,,,,
1818,06/12/2023 19:28:44,24.41,,,,,
1819,06/12/2023 19:33:44,24.19,,,,,
1820,06/12/2023 19:38:44,23.85,,,,,
1821,06/12/2023 19:43:44,23.94,,,,,
1822,06/12/2023 19:48:44,23.68,,,,,
1823,06/12/2023 19:53:44,23.21,,,,,
1824,06/12/2023 19:58:44,22.82,,,,,
1825,06/12/2023 20:03:44,23.51,,,,,
1826,06/12/2023 20:08:44,23.59,,,,,
1827,06/12/2023 20:13:44,22.56,,,,,
1828,06/12/2023 20:18:44,21.83,,,,,
1829,06/12/2023 20:23:44,21.32,,,,,
1830,06/12/2023 20:28:44,20.80,,,,,
1831,06/12/2023 20:33:44,20.59,,,,,
1832,06/12/2023 20:38:44,20.25,,,,,
1833,06/12/2023 20:43:44,19.95,,,,,
1834,06/12/2023 20:48:44,19.65,,,,,
1835,06/12/2023 20:53:44,19.35,,,,,
1836,06/12/2023 20:58:44,19.05,,,,,
1837,06/12/2023 21:03:44,18.79,,,,,
1838,06/12/2023 21:08:44,18.53,,,,,
1839,06/12/2023 21:13:44,18.32,,,,,
1840,06/12/2023 21:18:44,18.10,,,,,
1841,06/12/2023 21:23:44,17.89,,,,,
1842,06/12/2023 21:28:44,17.67,,,,,
1843,06/12/2023 21:33:44,17.50,,,,,
1844,06/12/2023 21:38:44,17.41,,,,,
1845,06/12/2023 21:43:44,17.29,,,,,
1846,06/12/2023 21:48:44,17.11,,,,,
1847,06/12/2023 21:53:44,17.07,,,,,
1848,06/12/2023 21:58:44,16.94,,,,,
1849,06/12/2023 22:03:44,16.81,,,,,
1850,06/12/2023 22:08:44,16.69,,,,,
1851,06/12/2023 22:13:44,16.60,,,,,
1852,06/12/2023 22:18:44,16.43,,,,,
1853,06/12/2023 22:23:44,16.30,,,,,
1854,06/12/2023 22:28:44,16.17,,,,,
1855,06/12/2023 22:33:44,16.13,,,,,
1856,06/12/2023 22:38:44,16.17,,,,,
1857,06/12/2023 22:43:44,16.08,,,,,
1858,06/12/2023 22:48:44,16.04,,,,,
1859,06/12/2023 22:53:44,16.00,,,,,
1860,06/12/2023 22:58:44,15.91,,,,,
1861,06/12/2023 23:03:44,15.78,,,,,
1862,06/12/2023 23:08:44,15.74,,,,,
1863,06/12/2023 23:13:44,15.66,,,,,
1864,06/12/2023 23:18:44,15.61,,,,,
1865,06/12/2023 23:23:44,15.61,,,,,
1866,06/12/2023 23:28:44,15.61,,,,,
1867,06/12/2023 23:33:44,15.61,,,,,
1868,06/12/2023 23:38:44,15.66,,,,,
1869,06/12/2023 23:43:44,15.70,,,,,
1870,06/12/2023 23:48:44,15.74,,,,,
1871,06/12/2023 23:53:44,15.87,,,,,
1872,06/12/2023 23:58:44,15.87,,,,,
1873,06/13/2023 00:03:44,15.87,,,,,
1874,06/13/2023 00:08:44,15.74,,,,,
1875,06/13/2023 00:13:44,15.66,,,,,
1876,06/13/2023 00:18:44,15.57,,,,,
1877,06/13/2023 00:23:44,15.36,,,,,
1878,06/13/2023 00:28:44,15.23,,,,,
1879,06/13/2023 00:33:44,15.18,,,,,
1880,06/13/2023 00:38:44,15.10,,,,,
1881,06/13/2023 00:43:44,15.06,,,,,
1882,06/13/2023 00:48:44,15.01,,,,,
1883,06/13/2023 00:53:44,15.01,,,,,
1884,06/13/2023 00:58:44,15.06,,,,,
1885,06/13/2023 01:03:44,14.97,,,,,
1886,06/13/2023 01:08:44,14.88,,,,,
1887,06/13/2023 01:13:44,14.88,,,,,
1888,06/13/2023 01:18:44,14.88,,,,,
1889,06/13/2023 01:23:44,14.80,,,,,
1890,06/13/2023 01:28:44,14.88,,,,,
1891,06/13/2023 01:33:44,14.80,,,,,
1892,06/13/2023 01:38:44,14.75,,,,,
1893,06/13/2023 01:43:44,14.71,,,,,
1894,06/13/2023 01:48:44,14.71,,,,,
1895,06/13/2023 01:53:44,14.67,,,,,
1896,06/13/2023 01:58:44,14.71,,,,,
1897,06/13/2023 02:03:44,14.63,,,,,
1898,06/13/2023 02:08:44,14.67,,,,,
1899,06/13/2023 02:13:44,14.67,,,,,
1900,06/13/2023 02:18:44,14.67,,,,,
1901,06/13/2023 02:23:44,14.63,,,,,
1902,06/13/2023 02:28:44,14.58,,,,,
1903,06/13/2023 02:33:44,14.54,,,,,
1904,06/13/2023 02:38:44,14.58,,,,,
1905,06/13/2023 02:43:44,14.54,,,,,
1906,06/13/2023 02:48:44,14.58,,,,,
1907,06/13/2023 02:53:44,14.45,,,,,
1908,06/13/2023 02:58:44,14.37,,,,,
1909,06/13/2023 03:03:44,14.37,,,,,
1910,06/13/2023 03:08:44,14.33,,,,,
1911,06/13/2023 03:13:44,14.28,,,,,
1912,06/13/2023 03:18:44,14.28,,,,,
1913,06/13/2023 03:23:44,14.11,,,,,
1914,06/13/2023 03:28:44,14.03,,,,,
1915,06/13/2023 03:33:44,13.90,,,,,
1916,06/13/2023 03:38:44,13.85,,,,,
1917,06/13/2023 03:43:44,13.73,,,,,
1918,06/13/2023 03:48:44,13.60,,,,,
1919,06/13/2023 03:53:44,13.55,,,,,
1920,06/13/2023 03:58:44,13.47,,,,,
1921,06/13/2023 04:03:44,13.38,,,,,
1922,06/13/2023 04:08:44,13.34,,,,,
1923,06/13/2023 04:13:44,13.30,,,,,
1924,06/13/2023 04:18:44,13.21,,,,,
1925,06/13/2023 04:23:44,13.30,,,,,
1926,06/13/2023 04:28:44,13.34,,,,,
1927,06/13/2023 04:33:44,13.30,,,,,
1928,06/13/2023 04:38:44,13.25,,,,,
1929,06/13/2023 04:43:44,13.17,,,,,
1930,06/13/2023 04:48:44,13.12,,,,,
1931,06/13/2023 04:53:44,13.12,,,,,
1932,06/13/2023 04:58:44,13.21,,,,,
1933,06/13/2023 05:03:44,13.12,,,,,
1934,06/13/2023 05:08:44,13.04,,,,,
1935,06/13/2023 05:13:44,12.95,,,,,
1936,06/13/2023 05:18:44,12.87,,,,,
1937,06/13/2023 05:23:44,12.91,,,,,
1938,06/13/2023 05:28:44,12.82,,,,,
1939,06/13/2023 05:33:44,12.91,,,,,
1940,06/13/2023 05:38:44,12.78,,,,,
1941,06/13/2023 05:43:44,12.91,,,,,
1942,06/13/2023 05:48:44,12.95,,,,,
1943,06/13/2023 05:53:44,12.95,,,,,
1944,06/13/2023 05:58:44,13.08,,,,,
1945,06/13/2023 06:03:44,13.38,,,,,
1946,06/13/2023 06:08:44,13.43,,,,,
1947,06/13/2023 06:13:44,13.64,,,,,
1948,06/13/2023 06:18:44,14.03,,,,,
1949,06/13/2023 06:23:44,14.50,,,,,
1950,06/13/2023 06:28:44,14.93,,,,,
1951,06/13/2023 06:33:44,15.40,,,,,
1952,06/13/2023 06:38:44,15.83,,,,,
1953,06/13/2023 06:43:44,16.34,,,,,
1954,06/13/2023 06:48:44,16.90,,,,,
1955,06/13/2023 06:53:44,17.41,,,,,
1956,06/13/2023 06:58:44,17.84,,,,,
1957,06/13/2023 07:03:44,18.32,,,,,
1958,06/13/2023 07:08:44,18.87,,,,,
1959,06/13/2023 07:13:44,19.39,,,,,
1960,06/13/2023 07:18:44,19.73,,,,,
1961,06/13/2023 07:23:44,20.42,,,,,
1962,06/13/2023 07:28:44,20.85,,,,,
1963,06/13/2023 07:33:44,21.10,,,,,
1964,06/13/2023 07:38:44,21.32,,,,,
1965,06/13/2023 07:43:44,21.49,,,,,
1966,06/13/2023 07:48:44,21.92,,,,,
1967,06/13/2023 07:53:44,22.43,,,,,
1968,06/13/2023 07:58:44,22.73,,,,,
1969,06/13/2023 08:03:44,22.99,,,,,
1970,06/13/2023 08:08:44,22.82,,,,,
1971,06/13/2023 08:13:44,22.82,,,,,
1972,06/13/2023 08:18:44,23.42,,,,,
1973,06/13/2023 08:23:44,23.76,,,,,
1974,06/13/2023 08:28:44,23.98,,,,,
1975,06/13/2023 08:33:44,24.06,,,,,
1976,06/13/2023 08:38:44,24.15,,,,,
1977,06/13/2023 08:43:44,24.84,,,,,
1978,06/13/2023 08:48:44,24.97,,,,,
1979,06/13/2023 08:53:44,25.09,,,,,
1980,06/13/2023 08:58:44,25.35,,,,,
1981,06/13/2023 09:03:44,25.65,,,,,
1982,06/13/2023 09:08:44,25.95,,,,,
1983,06/13/2023 09:13:44,25.82,,,,,
1984,06/13/2023 09:18:44,26.34,,,,,
1985,06/13/2023 09:23:44,26.90,,,,,
1986,06/13/2023 09:28:44,26.98,,,,,
1987,06/13/2023 09:33:44,27.07,,,,,
1988,06/13/2023 09:38:44,27.28,,,,,
1989,06/13/2023 09:43:44,27.97,,,,,
1990,06/13/2023 09:48:44,28.01,,,,,
1991,06/13/2023 09:53:44,28.01,,,,,
1992,06/13/2023 09:58:44,28.48,,,,,
1993,06/13/2023 10:03:44,28.14,,,,,
1994,06/13/2023 10:08:44,27.58,,,,,
1995,06/13/2023 10:13:44,28.44,,,,,
1996,06/13/2023 10:18:44,29.30,,,,,
1997,06/13/2023 10:23:44,29.90,,,,,
1998,06/13/2023 10:28:44,29.86,,,,,
1999,06/13/2023 10:33:44,29.94,,,,,
2000,06/13/2023 10:38:44,29.90,,,,,
2001,06/13/2023 10:43:44,30.16,,,,,
2002,06/13/2023 10:48:44,30.46,,,,,
2003,06/13/2023 10:53:44,30.80,,,,,
2004,06/13/2023 10:58:44,30.76,,,,,
2005,06/13/2023 11:03:44,30.80,,,,,
2006,06/13/2023 11:08:44,31.87,,,,,
2007,06/13/2023 11:13:44,32.86,,,,,
2008,06/13/2023 11:16:39,,Logged,Logged,,,
2009,06/13/2023 11:16:44,,,,Logged,,
2010,06/13/2023 11:17:08,,,,,Logged,Logged
